[{"id":284,"custom_page":1,"type":"promo","slug":"f73b9dcf8f27f6b586580648a188e3f0","url":"promotion-black-week","name":"Black Week Sale - Style 1 - Layout Main","display_type":"website","list_display":1,"seo_enabled":1,"seo_robots":0,"seo_title":{"arabic":"","azerbaijani":"","catalan":"","chinese":"","croatian":"","czech":"","danish":"","dutch":"","english":"Black Week Sale!","estonian":"","farsi":"","french":"","german":"","hebrew":"","hungarian":"","italian":"","macedonian":"","norwegian":"","portuguese-br":"","portuguese-pt":"","romanian":"","russian":"","spanish":"","swedish":"","turkish":"","ukranian":""},"seo_description":null,"seo_image":null,"settings":{"published":"1","body_class":"","promo":{"promotionDisplayTimeEnabled":"0","promotionStartDate":"","promotionEndDate":"2024-10-24T10:35","promotionEndDateAction":"expired_sections","promotionEndDateActionWhmcs":"whmcsgroup-27","promotionEndDateActionCustom":"","promotionTheme":"black_week","promotionNavType":"Only Logo"}},"created_at":"2024-10-21T11:40:33.000000Z","updated_at":"2024-11-21T09:52:21.000000Z"}]