{"id":543,"type":{"default_type":true,"name":"Legal","slug":"legal","fields":[{"type":"subsection","name":"subsection","label":"Section Description","collapse":false},{"type":"text-editor","name":"main_content","label":"Section Content","tooltip":"Create required section content using the advanced \"text editor\". Use its build in tools to format the code, or write your own HTML code.","tooltip_url":"https:\/\/lagom.rsstudio.net\/docs\/website-builder\/section-legal\/#section-description"},{"type":"subsection","name":"subsection","label":"Section Sidebar","collapse":false},{"type":"list","name":"sidebar","label":"Sidebar Items","icons":true,"sidebar":true,"tooltip":"The section sidebar is presented on the left-hand side of the legal pages, providing the ability to incorporate links leading to various other legal pages","tooltip_url":"https:\/\/lagom.rsstudio.net\/docs\/website-builder\/section-legal\/#section-sidebar"},{"type":"subsection","name":"subsection","label":"Advanced Section Settings","collapse":true},{"type":"text","name":"section_anchor","label":"Section anchor","placeholder":"Enter anchor...","tooltip":"Assign special names to section anchors. This makes it easy to guide people to specific parts of the page when you share links","tooltip_url":"https:\/\/lagom.rsstudio.net\/docs\/website-builder\/section-common-settings\/#section-anchor"},{"type":"text","name":"custom_class","label":"Section custom class","placeholder":"Enter class...","tooltip":"This setting allows you to assign custom classes to the section container. You can input your own CSS class here and then apply the necessary styling in the <b>theme-custom.css<\/b> file.","tooltip_url":"https:\/\/lagom.rsstudio.net\/docs\/website-builder\/section-common-settings\/#section-custom-class"}],"template":"\/var\/www\/html\/templates\/lagom2\/core\/cms\/sections\/config\/legal\/legal.tpl","cache":true,"thumb":"thumb.png"},"page_id":145,"visibility":1,"theme":"default","order":2,"created_at":"2023-05-24T08:17:30.000000Z","updated_at":"2023-05-24T08:17:30.000000Z","lang":{"english":{"id":543,"translation":{"main_content":"&lt;section id=&quot;section-1&quot;&gt;\r\n  &lt;h2 class=&quot;h3&quot;&gt;1. Prohibited Activities&lt;\/h2&gt;\r\n  &lt;p&gt;We strictly prohibit any use of our hosting services for illegal, malicious, or harmful activities. This includes, but is not limited to, spamming, phishing, distributing malware, engaging in hacking, and any activity that infringes upon intellectual property rights or violates applicable laws.&lt;\/p&gt;\r\n&lt;\/section&gt;\r\n&lt;section id=&quot;section-2&quot;&gt;\r\n  &lt;h2 class=&quot;h3&quot;&gt;2. Resource Usage&lt;\/h2&gt;\r\n  &lt;p&gt;Users must not misuse server resources, including CPU, memory, and bandwidth. Activities that negatively impact server stability, such as excessive resource consumption or running resource-intensive processes, are not allowed. We may monitor resource usage and take action if necessary to ensure fair usage and performance.&lt;\/p&gt;\r\n&lt;\/section&gt;\r\n&lt;section id=&quot;section-3&quot;&gt;\r\n  &lt;h2 class=&quot;h3&quot;&gt;3. Content Restrictions&lt;\/h2&gt;\r\n  &lt;p&gt;Users are responsible for the content they upload to our servers. Content that is defamatory, offensive, illegal, or violates the rights of others is not allowed. You must also adhere to copyright and intellectual property laws when publishing content. We reserve the right to remove or disable content that violates this policy.&lt;\/p&gt;\r\n&lt;\/section&gt;\r\n&lt;section id=&quot;section-4&quot;&gt;\r\n  &lt;h2 class=&quot;h3&quot;&gt;4. Security Measures&lt;\/h2&gt;\r\n  &lt;p&gt;Users are required to implement adequate security measures to protect their websites and accounts. This includes keeping software up to date, using strong passwords, and regularly backing up data. Users should not attempt to gain unauthorized access to our servers or other users&#039; accounts.&lt;\/p&gt;\r\n&lt;\/section&gt;\r\n&lt;section id=&quot;section-5&quot;&gt;\r\n  &lt;h2 class=&quot;h3&quot;&gt;5. Reporting Violations&lt;\/h2&gt;\r\n  &lt;p&gt;If you become aware of any violations of this policy, including misuse of our services or security vulnerabilities, please report them to us immediately. You can contact our support team through the methods provided on our website.&lt;\/p&gt;\r\n&lt;\/section&gt;\r\n&lt;section id=&quot;section-6&quot;&gt;\r\n  &lt;h2 class=&quot;h3&quot;&gt;6. Consequences of Violation&lt;\/h2&gt;\r\n  &lt;p&gt;Violations of this policy may result in a range of actions, including warnings, suspension of services, or termination of accounts. We will assess each situation individually and take appropriate action to maintain the integrity of our services and protect our users.&lt;\/p&gt;\r\n&lt;\/section&gt;\r\n&lt;section id=&quot;section-7&quot;&gt;\r\n  &lt;h2 class=&quot;h3&quot;&gt;7. Changes to This Policy&lt;\/h2&gt;\r\n  &lt;p&gt;We may update this Acceptable Use Policy to reflect changes in our practices or for legal, operational, or regulatory reasons. We will notify you of any significant changes by posting a notice on our website. It&#039;s your responsibility to review this policy periodically to ensure compliance with our terms.&lt;\/p&gt;\r\n&lt;\/section&gt;\r\n&lt;footer&gt;\r\n  &lt;p&gt;If you have any questions or concerns about this Acceptable Use Policy, please contact us at &lt;a href=&quot;mailto:legal@example.com&quot;&gt;legal@example.com&lt;\/a&gt;.&lt;\/p&gt;\r\n&lt;\/footer&gt;","sidebar":[{"index":"1","position":"1","custom_classes":"","show_icon":"0","link_text":"Terms of Services","link_type":"whmcs-page","show_link":"0","whmcs_page":"legal\/terms-of-services","url":"legal\/terms-of-services","target_blank":"0"},{"index":"2","position":"2","custom_classes":"","show_icon":"0","link_text":"Privacy Policy","link_type":"whmcs-page","show_link":"0","whmcs_page":"legal\/privacy-policy","url":"legal\/privacy-policy","target_blank":"0"},{"index":"4","position":"3","custom_classes":"active","show_icon":"0","link_text":"Acceptable Use Policy","link_type":"whmcs-page","show_link":"0","whmcs_page":"legal\/acceptable-use-policy","url":"legal\/acceptable-use-policy","target_blank":"0"},{"title":"","description":"","index":"3","position":"4","link_type":"whmcs-page","show_icon":"0","show_link":"0","sidebar_type":"1","target_blank":"0","link_text":"Domain Reg. Agreement","custom_url":null,"whmcs_page":"legal\/domain-registration-greement","url":"legal\/domain-registration-greement","custom_classes":"","show_stats":"0","stat":""}],"section_anchor":"","custom_class":""}}},"translations":[{"id":543,"section_id":543,"lang":"english","values":{"main_content":"&lt;section id=&quot;section-1&quot;&gt;\r\n  &lt;h2 class=&quot;h3&quot;&gt;1. Prohibited Activities&lt;\/h2&gt;\r\n  &lt;p&gt;We strictly prohibit any use of our hosting services for illegal, malicious, or harmful activities. This includes, but is not limited to, spamming, phishing, distributing malware, engaging in hacking, and any activity that infringes upon intellectual property rights or violates applicable laws.&lt;\/p&gt;\r\n&lt;\/section&gt;\r\n&lt;section id=&quot;section-2&quot;&gt;\r\n  &lt;h2 class=&quot;h3&quot;&gt;2. Resource Usage&lt;\/h2&gt;\r\n  &lt;p&gt;Users must not misuse server resources, including CPU, memory, and bandwidth. Activities that negatively impact server stability, such as excessive resource consumption or running resource-intensive processes, are not allowed. We may monitor resource usage and take action if necessary to ensure fair usage and performance.&lt;\/p&gt;\r\n&lt;\/section&gt;\r\n&lt;section id=&quot;section-3&quot;&gt;\r\n  &lt;h2 class=&quot;h3&quot;&gt;3. Content Restrictions&lt;\/h2&gt;\r\n  &lt;p&gt;Users are responsible for the content they upload to our servers. Content that is defamatory, offensive, illegal, or violates the rights of others is not allowed. You must also adhere to copyright and intellectual property laws when publishing content. We reserve the right to remove or disable content that violates this policy.&lt;\/p&gt;\r\n&lt;\/section&gt;\r\n&lt;section id=&quot;section-4&quot;&gt;\r\n  &lt;h2 class=&quot;h3&quot;&gt;4. Security Measures&lt;\/h2&gt;\r\n  &lt;p&gt;Users are required to implement adequate security measures to protect their websites and accounts. This includes keeping software up to date, using strong passwords, and regularly backing up data. Users should not attempt to gain unauthorized access to our servers or other users&#039; accounts.&lt;\/p&gt;\r\n&lt;\/section&gt;\r\n&lt;section id=&quot;section-5&quot;&gt;\r\n  &lt;h2 class=&quot;h3&quot;&gt;5. Reporting Violations&lt;\/h2&gt;\r\n  &lt;p&gt;If you become aware of any violations of this policy, including misuse of our services or security vulnerabilities, please report them to us immediately. You can contact our support team through the methods provided on our website.&lt;\/p&gt;\r\n&lt;\/section&gt;\r\n&lt;section id=&quot;section-6&quot;&gt;\r\n  &lt;h2 class=&quot;h3&quot;&gt;6. Consequences of Violation&lt;\/h2&gt;\r\n  &lt;p&gt;Violations of this policy may result in a range of actions, including warnings, suspension of services, or termination of accounts. We will assess each situation individually and take appropriate action to maintain the integrity of our services and protect our users.&lt;\/p&gt;\r\n&lt;\/section&gt;\r\n&lt;section id=&quot;section-7&quot;&gt;\r\n  &lt;h2 class=&quot;h3&quot;&gt;7. Changes to This Policy&lt;\/h2&gt;\r\n  &lt;p&gt;We may update this Acceptable Use Policy to reflect changes in our practices or for legal, operational, or regulatory reasons. We will notify you of any significant changes by posting a notice on our website. It&#039;s your responsibility to review this policy periodically to ensure compliance with our terms.&lt;\/p&gt;\r\n&lt;\/section&gt;\r\n&lt;footer&gt;\r\n  &lt;p&gt;If you have any questions or concerns about this Acceptable Use Policy, please contact us at &lt;a href=&quot;mailto:legal@example.com&quot;&gt;legal@example.com&lt;\/a&gt;.&lt;\/p&gt;\r\n&lt;\/footer&gt;","sidebar":[{"index":"1","position":"1","custom_classes":"","show_icon":"0","link_text":"Terms of Services","link_type":"whmcs-page","show_link":"0","whmcs_page":"legal\/terms-of-services","url":"legal\/terms-of-services","target_blank":"0"},{"index":"2","position":"2","custom_classes":"","show_icon":"0","link_text":"Privacy Policy","link_type":"whmcs-page","show_link":"0","whmcs_page":"legal\/privacy-policy","url":"legal\/privacy-policy","target_blank":"0"},{"index":"4","position":"3","custom_classes":"active","show_icon":"0","link_text":"Acceptable Use Policy","link_type":"whmcs-page","show_link":"0","whmcs_page":"legal\/acceptable-use-policy","url":"legal\/acceptable-use-policy","target_blank":"0"},{"title":"","description":"","index":"3","position":"4","link_type":"whmcs-page","show_icon":"0","show_link":"0","sidebar_type":"1","target_blank":"0","link_text":"Domain Reg. Agreement","custom_url":null,"whmcs_page":"legal\/domain-registration-greement","url":"\/legal\/domain-registration-greement","custom_classes":"","show_stats":"0","stat":""}],"section_anchor":"","custom_class":""},"created_at":"2023-05-24T08:17:30.000000Z","updated_at":"2023-08-30T16:11:01.000000Z"}]}