{"id":537,"type":{"default_type":false,"name":"Predefined Section","slug":"predefined-section","fields":[{"type":"sections","name":"predefined_section","label":"Choose predefined section"}],"template":"\/var\/www\/html\/templates\/lagom2\/core\/cms\/sections\/config\/predefined-section\/predefined-section.tpl","cache":true},"page_id":143,"visibility":1,"theme":"default","order":9,"created_at":"2023-05-27T11:24:51.000000Z","updated_at":"2024-09-10T11:05:03.000000Z","lang":{"english":{"id":537,"translation":{"predefined_section":"3"}}},"translations":[{"id":537,"section_id":537,"lang":"english","values":{"predefined_section":"3"},"created_at":"2023-05-27T11:24:51.000000Z","updated_at":"2023-05-27T11:24:51.000000Z"}]}