{"id":1494,"type":{"default_type":true,"name":"FAQ","slug":"faq","fields":[{"type":"subsection","name":"subsection","label":"Section Description","collapse":false},{"type":"text","name":"caption","label":"Caption","placeholder":"Enter caption...","tooltip":"Provide a brief section caption to appear above the main title in a smaller font. You can skip this if you don`t wish to display this element.","tooltip_url":"https:\/\/lagom.rsstudio.net\/docs\/website-builder\/section-faq\/#section-description"},{"type":"text","name":"title","label":"Title","placeholder":"Enter title...","tooltip":"Elevate page clarity and visual hierarchy using section titles. Optionally skip for not displaying this element.","tooltip_url":"https:\/\/lagom.rsstudio.net\/docs\/website-builder\/section-faq\/#section-description"},{"type":"text-editor","name":"subtitle","label":"Subtitle","placeholder":"Enter subtitle...","tooltip":"Add concise text to clarify section content, enhancing context and user understanding. You can skip this if you don`t wish to display this element.","tooltip_url":"https:\/\/lagom.rsstudio.net\/docs\/website-builder\/section-faq\/#section-description"},{"type":"subsection","name":"subsection","label":"FAQ List","collapse":false},{"type":"group-input","name":"list_group","label":"Group section content","grouped":false,"group_forced":false,"fields":[{"type":"list","name":"list","label":"FAQ items","icons":false,"link":false,"tooltip":"Lorem Ipsum <a href=\"#\">Learn More<\/a>"}],"tooltip":"The \"Group section content\" function enables you to create multiple item groups that will be displayed on the frontend as distinct tabs.","tooltip_url":"https:\/\/lagom.rsstudio.net\/docs\/website-builder\/section-faq\/#group-section","group_section":"faq"},{"type":"subsection","name":"subsection","label":"FAQ Settings","collapse":false},{"type":"select","name":"list_type","label":"FAQ Type","container_class":"col-sm-6","options":[{"name":"Type 1 - Accordion","value":"accordion"},{"name":"Type 2 - Expanded list with fully visible title and description","value":"expanded"}],"tooltip":"Select the display type for the list of FAQ items.","tooltip_url":"https:\/\/lagom.rsstudio.net\/docs\/website-builder\/section-faq\/#faq-settings"},{"type":"select","name":"list_style","label":"FAQ item style","container_class":"col-sm-6","options":[{"name":"Default","value":"default"},{"name":"Divided","value":"divided"},{"name":"Boxed","value":"boxed"}],"tooltip":"Select the display style for the list of FAQ items.","tooltip_url":"https:\/\/lagom.rsstudio.net\/docs\/website-builder\/section-faq\/#faq-settings"},{"type":"subsection","name":"subsection","label":"Advanced Section Settings","collapse":true},{"type":"checkbox","name":"combined","label":"Combine this section with section below","attributes":[{"name":"uncheck-switcher","value":["overlay"]}],"tooltip":"Eliminate bottom padding and borders from this section, allowing the fusion of these two sections. It`s recommended to apply identical \"Section Style\" in the \"Section Panel\" for seamless integration.","tooltip_url":"https:\/\/lagom.rsstudio.net\/docs\/website-builder\/section-common-settings\/#combine-sections"},{"type":"checkbox","name":"overlay","label":"Overlay section below on this section","attributes":[{"name":"uncheck-switcher","value":["combined"]}],"tooltip":"This configuration pulls the section below over the currently managed section while adding an extra 200px padding at the bottom. You can adjust the pixel value by customizing the <b>--cms-section-overlay-margin<\/b> CSS variable through custom CSS rules.","tooltip_url":"https:\/\/lagom.rsstudio.net\/docs\/website-builder\/section-common-settings\/#overlay-sections"},{"type":"text","name":"section_anchor","label":"Section anchor","placeholder":"Enter anchor...","tooltip":"Assign special names to section anchors. This makes it easy to guide people to specific parts of the page when you share links","tooltip_url":"https:\/\/lagom.rsstudio.net\/docs\/website-builder\/section-common-settings\/#overlay-sections"},{"type":"text","name":"custom_class","label":"Section custom class","placeholder":"Enter class...","tooltip":"This setting allows you to assign custom classes to the section container. You can input your own CSS class here and then apply the necessary styling in the <b>theme-custom.css<\/b> file.","tooltip_url":"https:\/\/lagom.rsstudio.net\/docs\/website-builder\/section-common-settings\/#overlay-sections"}],"template":"\/var\/www\/templates\/lagom2\/core\/cms\/sections\/config\/faq\/faq.tpl","cache":true,"thumb":"thumb.png"},"page_id":146,"visibility":1,"theme":"default","order":14,"created_at":"2023-05-24T09:35:49.000000Z","updated_at":"2024-06-28T10:06:43.000000Z","lang":{"english":{"id":1501,"translation":{"caption":"","title":"Frequently asked questions","subtitle":"","list_group":{"grouped":"0","group_forced":"0","groups":{"1":{"group_index":"1","group_name":"","group_order":"1","fields":{"list":[{"index":"1","position":"1","title":"What is reseller hosting?","description":"<p>Reseller hosting is a lucrative business opportunity that allows you to sell hosting services under your brand. With our Reseller Hosting, you can purchase a hosting package and divide it into customized plans for your clients. You set the pricing, features, and manage your own customer base, while we handle the technical aspects like server management and support. It's a seamless way to start your own hosting business, offering reliable services while enjoying the flexibility and potential for growth.<br><\/p>","custom_classes":"","show_icon":"0","media":"undefined","link_text":"","link_type":"custom-url","show_link":"0","custom_url":"","target_blank":"0","stat":"","url":""},{"index":"2","position":"2","title":"What is the difference between shared hosting and reseller hosting?","description":"<p>Shared hosting is designed for individual websites, where multiple sites share resources on a single server. In contrast, reseller hosting is a business-oriented solution. With reseller hosting, you can purchase a larger hosting package, then create and manage your own custom hosting plans to sell to clients. This allows you to operate as a hosting provider, offering a range of services under your brand. Reseller hosting provides more control, scalability, and potential for revenue generation compared to traditional shared hosting.<br><\/p>","custom_classes":"","show_icon":"0","media":"undefined","link_text":"","link_type":"custom-url","show_link":"0","custom_url":"","target_blank":"0","stat":"","url":""},{"index":"3","position":"3","title":"Am I responsible for providing support to my customers?","description":"<p>Yes, as a reseller hosting provider, you're responsible for offering support to your customers. While we handle the technical aspects of server management and infrastructure, you'll be the primary point of contact for your clients. This includes assisting with account setup, managing their hosting needs, and addressing any questions or issues they may have. We're here to support you in delivering exceptional service to your customers, and our expert team is available to assist you whenever needed.<br><\/p>","custom_classes":"","show_icon":"0","media":"undefined","link_text":"","link_type":"custom-url","show_link":"0","custom_url":"","target_blank":"0","stat":"","url":""},{"index":"4","position":"4","title":"How do I automate client management?","description":"<p>To automate client management, our Reseller Hosting platform offers intuitive tools and features. You can easily create and customize hosting plans, set up billing cycles, and manage client accounts through a user-friendly control panel. Additionally, we provide access to APIs and integrations that allow you to streamline client onboarding, upgrades, and support. This automation ensures efficient client management, enabling you to focus on growing your hosting business while providing a seamless experience for your customers.<br><\/p>","custom_classes":"","show_icon":"0","media":"undefined","link_text":"","link_type":"custom-url","show_link":"0","custom_url":"","target_blank":"0","stat":"","url":""},{"index":"5","position":"5","title":"I am not sure which plan to choose, can I change my plan later?","description":"<p>Absolutely, we understand that your hosting needs may evolve over time. With our Reseller Hosting, you have the flexibility to start with a plan that suits your current requirements and upgrade or modify it as your business grows. Whether you need more resources, additional features, or a different plan altogether, our platform allows seamless plan changes. We're here to support your journey and ensure your hosting remains aligned with your changing needs.<br><\/p>","custom_classes":"","show_icon":"0","media":"undefined","link_text":"","link_type":"custom-url","show_link":"0","custom_url":"","target_blank":"0","stat":"","url":""},{"index":"6","position":"6","title":"How will I register Domains for my customers?","description":"<p>Registering domains for your customers is simple with our Reseller Hosting. Through our user-friendly control panel, you can easily search for available domain names, register them on behalf of your clients, and manage their domain settings. You'll have full control over domain management, including DNS configuration, domain transfers, and renewals. Our platform streamlines the entire process, empowering you to offer comprehensive domain services to your customers hassle-free.<br><\/p>","custom_classes":"","show_icon":"0","media":"undefined","link_text":"","link_type":"custom-url","show_link":"0","custom_url":"","target_blank":"0","stat":"","url":""}]}}},"new_group_index":2},"list_type":"accordion","list_style":"boxed","combined":"0","overlay":"0","section_anchor":"","custom_class":""}}},"translations":[{"id":1501,"section_id":1494,"lang":"english","values":{"caption":"","title":"Frequently asked questions","subtitle":"","list_group":{"group_forced":"0","grouped":"0","groups":{"1":{"group_name":"","group_order":"1","group_index":"1","fields":{"list":[{"index":"1","position":"1","title":"What is reseller hosting?","description":"<p>Reseller hosting is a lucrative business opportunity that allows you to sell hosting services under your brand. With our Reseller Hosting, you can purchase a hosting package and divide it into customized plans for your clients. You set the pricing, features, and manage your own customer base, while we handle the technical aspects like server management and support. It's a seamless way to start your own hosting business, offering reliable services while enjoying the flexibility and potential for growth.<br><\/p>","custom_classes":"","show_icon":"0","media":"undefined","link_text":"","link_type":"custom-url","show_link":"0","custom_url":"","target_blank":"0","stat":""},{"index":"2","position":"2","title":"What is the difference between shared hosting and reseller hosting?","description":"<p>Shared hosting is designed for individual websites, where multiple sites share resources on a single server. In contrast, reseller hosting is a business-oriented solution. With reseller hosting, you can purchase a larger hosting package, then create and manage your own custom hosting plans to sell to clients. This allows you to operate as a hosting provider, offering a range of services under your brand. Reseller hosting provides more control, scalability, and potential for revenue generation compared to traditional shared hosting.<br><\/p>","custom_classes":"","show_icon":"0","media":"undefined","link_text":"","link_type":"custom-url","show_link":"0","custom_url":"","target_blank":"0","stat":""},{"index":"3","position":"3","title":"Am I responsible for providing support to my customers?","description":"<p>Yes, as a reseller hosting provider, you're responsible for offering support to your customers. While we handle the technical aspects of server management and infrastructure, you'll be the primary point of contact for your clients. This includes assisting with account setup, managing their hosting needs, and addressing any questions or issues they may have. We're here to support you in delivering exceptional service to your customers, and our expert team is available to assist you whenever needed.<br><\/p>","custom_classes":"","show_icon":"0","media":"undefined","link_text":"","link_type":"custom-url","show_link":"0","custom_url":"","target_blank":"0","stat":""},{"index":"4","position":"4","title":"How do I automate client management?","description":"<p>To automate client management, our Reseller Hosting platform offers intuitive tools and features. You can easily create and customize hosting plans, set up billing cycles, and manage client accounts through a user-friendly control panel. Additionally, we provide access to APIs and integrations that allow you to streamline client onboarding, upgrades, and support. This automation ensures efficient client management, enabling you to focus on growing your hosting business while providing a seamless experience for your customers.<br><\/p>","custom_classes":"","show_icon":"0","media":"undefined","link_text":"","link_type":"custom-url","show_link":"0","custom_url":"","target_blank":"0","stat":""},{"index":"5","position":"5","title":"I am not sure which plan to choose, can I change my plan later?","description":"<p>Absolutely, we understand that your hosting needs may evolve over time. With our Reseller Hosting, you have the flexibility to start with a plan that suits your current requirements and upgrade or modify it as your business grows. Whether you need more resources, additional features, or a different plan altogether, our platform allows seamless plan changes. We're here to support your journey and ensure your hosting remains aligned with your changing needs.<br><\/p>","custom_classes":"","show_icon":"0","media":"undefined","link_text":"","link_type":"custom-url","show_link":"0","custom_url":"","target_blank":"0","stat":""},{"index":"6","position":"6","title":"How will I register Domains for my customers?","description":"<p>Registering domains for your customers is simple with our Reseller Hosting. Through our user-friendly control panel, you can easily search for available domain names, register them on behalf of your clients, and manage their domain settings. You'll have full control over domain management, including DNS configuration, domain transfers, and renewals. Our platform streamlines the entire process, empowering you to offer comprehensive domain services to your customers hassle-free.<br><\/p>","custom_classes":"","show_icon":"0","media":"undefined","link_text":"","link_type":"custom-url","show_link":"0","custom_url":"","target_blank":"0","stat":""}]}}}},"list_type":"accordion","list_style":"boxed","combined":"0","overlay":"0","section_anchor":"","custom_class":""},"created_at":"2023-05-24T09:35:49.000000Z","updated_at":"2024-04-09T10:32:53.000000Z"}]}