{"id":1504,"type":{"default_type":false,"name":"Predefined Section","slug":"predefined-section","fields":[{"type":"sections","name":"predefined_section","label":"Choose predefined section"}],"template":"\/var\/www\/templates\/lagom2\/core\/cms\/sections\/config\/predefined-section\/predefined-section.tpl","cache":true},"page_id":146,"visibility":1,"theme":"default","order":11,"created_at":"2023-08-07T13:13:44.000000Z","updated_at":"2024-06-28T10:06:43.000000Z","lang":{"english":{"id":1511,"translation":{"predefined_section":"20"}}},"translations":[{"id":1511,"section_id":1504,"lang":"english","values":{"predefined_section":"20"},"created_at":"2023-08-07T13:13:44.000000Z","updated_at":"2023-08-07T13:13:44.000000Z"}]}