{"id":1497,"type":{"default_type":false,"name":"Predefined Section","slug":"predefined-section","fields":[{"type":"sections","name":"predefined_section","label":"Choose predefined section"}],"template":"\/var\/www\/templates\/lagom2\/core\/cms\/sections\/config\/predefined-section\/predefined-section.tpl","cache":true},"page_id":146,"visibility":1,"theme":"default","order":13,"created_at":"2023-05-24T10:53:02.000000Z","updated_at":"2024-06-28T10:06:43.000000Z","lang":{"english":{"id":1504,"translation":{"predefined_section":"4"}}},"translations":[{"id":1504,"section_id":1497,"lang":"english","values":{"predefined_section":"4"},"created_at":"2023-05-24T10:53:02.000000Z","updated_at":"2023-05-24T10:53:02.000000Z"}]}