{"id":1505,"type":{"default_type":true,"name":"Product Comparison","slug":"compare-packages","fields":[{"type":"subsection","name":"subsection","label":"Section Description","collapse":false},{"type":"text","name":"caption","label":"Caption","placeholder":"Enter caption...","tooltip":"Provide a brief section caption to appear above the main title in a smaller font. You can skip this if you don`t wish to display this element.","tooltip_url":"https:\/\/lagom.rsstudio.net\/docs\/website-builder\/section-banner-default\/#banner-description"},{"type":"text","name":"title","label":"Title","placeholder":"Enter title...","tooltip":"Elevate page clarity and visual hierarchy using section titles. Optionally skip for not displaying this element.","tooltip_url":"https:\/\/lagom.rsstudio.net\/docs\/website-builder\/section-banner-default\/#banner-description"},{"type":"text-editor","name":"subtitle","label":"Subtitle","placeholder":"Enter subtitle...","tooltip":"Add concise text to clarify section content, enhancing context and user understanding. You can skip this if you don`t wish to display this element.","tooltip_url":"https:\/\/lagom.rsstudio.net\/docs\/website-builder\/section-banner-default\/#banner-description"},{"type":"subsection","name":"subsection","label":"Table Content","collapse":false},{"type":"group-input","name":"products_group","label":"Group table content in multiple tabs","grouped":false,"group_forced":false,"fields":[{"type":"graphic","name":"graphic","label":"Graphic for this group","graphic_types":"icons","grouped_only_visible":true,"tooltip":"TO DO","tooltip_url":"TO DO"},{"type":"product","name":"products_list","label":"Products","tooltip":"Shows a list of products added to this section for display on the website. You can easily arrange them by dragging and dropping, adjusting their order as you like.","tooltip_url":"https:\/\/lagom.rsstudio.net\/docs\/website-builder\/section-products\/#products"},{"type":"comparison-table","name":"comparison_table","label":"Features","tooltip":"Shows a list of products added to this section for display on the website. You can easily arrange them by dragging and dropping, adjusting their order as you like.","tooltip_url":"https:\/\/lagom.rsstudio.net\/docs\/website-builder\/section-products\/#products"}],"tooltip":"This option enables you to generate multiple product groups, which will subsequently appear on the frontend as distinct tabs.","tooltip_url":"https:\/\/lagom.rsstudio.net\/docs\/website-builder\/section-products\/#group-products","group_section":"compare-packages"},{"type":"subsection","name":"subsection","label":"Table Settings","collapse":true},{"type":"select","name":"style","label":"Table Style","container_class":"col-sm-6","options":[{"name":"Bordered","value":"bordered"},{"name":"Boxed","value":"boxed"}],"tooltip":"Choose the style for the created packages to determine how you want them to be displayed on the generated website page.","tooltip_url":"https:\/\/lagom.rsstudio.net\/docs\/website-builder\/section-products\/#product-style"},{"type":"select","name":"type","label":"Table Type","container_class":"col-sm-6","options":[{"name":"Type 1 - Collapsible Groups","value":"collapsible"},{"name":"Type 2 - Expanded Groups","value":"expanded"}],"tooltip":"Choose the style for the created packages to determine how you want them to be displayed on the generated website page.","tooltip_url":"https:\/\/lagom.rsstudio.net\/docs\/website-builder\/section-products\/#product-style"},{"type":"checkbox","name":"hide_starting_from","label":"Hide starting form text","tooltip":"When this option is enabled, product will not show \"Starting from\" text above the pricing. This text is shown by WHMCS system, where product has configurable options assigned.","tooltip_url":"https:\/\/lagom.rsstudio.net\/docs\/website-builder\/section-products\/#hide-starting-from"},{"type":"checkbox","name":"disable_sticky_header","label":"Disable sticky header","tooltip":"Sticky headers keep the header and feature categories visible at the top as you scroll, which is helpful for navigating long comparison tables. Enabling \"Disable sticky header\" turns off this behavior, allowing the entire page to scroll normally for a cleaner view.","tooltip_url":"https:\/\/lagom.rsstudio.net\/docs\/website-builder\/section-products\/#hide-starting-from"},{"type":"checkbox","name":"display_billing_cycle","label":"Display billing cycle switcher with selected cycles","label_attributes":[{"name":"toggle","value":"lu-collapse"},{"name":"target","value":"#display_billing_cycle"}],"attributes":[{"name":"billing-cycle-switcher"}],"tooltip":"This option enables you to display multiple billing cycle options for \"Product\" packages, so your customers can compare the pricing between different billing cycles","tooltip_url":"https:\/\/lagom.rsstudio.net\/docs\/website-builder\/section-products\/#product-billing-switcher"},{"type":"multiselect","name":"billing_cycle","container_id":"display_billing_cycle","container_collapse":true,"container_collapse_target":"display_billing_cycle","attributes":[{"name":"billing-cycle-select"},{"name":"selectize-all"}],"options":[{"name":"All","value":"all","default":true},{"name":"Monthly","value":"monthly"},{"name":"Quarterly","value":"quarterly"},{"name":"Semiannually","value":"semiannually"},{"name":"Annually","value":"annually"},{"name":"Biennially","value":"biennially"},{"name":"Triennially","value":"triennially"}]},{"type":"checkbox","name":"reverse_billing_cycle_order","label":"Reverse billing cycle order","tooltip":"When this option is enabled, billing cycles will be displayed from shortest cycle to longest.","tooltip_url":"https:\/\/lagom.rsstudio.net\/docs\/website-builder\/section-products\/#reverse-billing-cycle-order"},{"type":"select","name":"cols_desktop","label":"Columns on desktop","container_class":"col-sm-4","options":[{"name":"1","value":"1"},{"name":"2","value":"2"},{"name":"3","value":"3"},{"name":"4","value":"4","default":true}],"tooltip":"efine the number of columns for features displayed on screens wider than 1320px.","tooltip_url":"https:\/\/lagom.rsstudio.net\/docs\/website-builder\/section-products\/#products-columns"},{"type":"select","name":"cols_tab_h","label":"Columns on tablet horizontal","container_class":"col-sm-4","options":[{"name":"1","value":"1"},{"name":"2","value":"2"},{"name":"3","value":"3"},{"name":"4","value":"4","default":true}],"tooltip":"Specify the number of columns for features displayed on screens with widths ranging from 992px to 1319px.","tooltip_url":"https:\/\/lagom.rsstudio.net\/docs\/website-builder\/section-products\/#products-columns"},{"type":"select","name":"cols_tab_v","label":"Columns on tablet vertical","container_class":"col-sm-4","options":[{"name":"1","value":"1"},{"name":"2","value":"2","default":true}],"tooltip":"Choose the number of columns for features displayed on screens with widths ranging from 768px to 991px.","tooltip_url":"https:\/\/lagom.rsstudio.net\/docs\/website-builder\/section-products\/#products-columns"},{"type":"subsection","name":"subsection","label":"Section Actions","collapse":true},{"type":"buttons","name":"buttons","label":"Buttons","tooltip":"Create and assign custom buttons to this section with ease. Boost user engagement and enhance website conversion with effective call-to-action buttons.","tooltip_url":"https:\/\/lagom.rsstudio.net\/docs\/website-builder\/section-common-settings\/#button-manager"},{"type":"subsection","name":"subsection","label":"Advanced Section Settings","collapse":true},{"type":"checkbox","name":"combined","label":"Combine this section with section below","attributes":[{"name":"uncheck-switcher","value":["overlay"]}],"tooltip":"Eliminate bottom padding and borders from this section, allowing the fusion of these two sections. It`s recommended to apply identical \"Section Style\" in the \"Section Panel\" for seamless integration.","tooltip_url":"https:\/\/lagom.rsstudio.net\/docs\/website-builder\/section-common-settings\/#combine-sections"},{"type":"checkbox","name":"overlay","label":"Overlay section below on this section","attributes":[{"name":"uncheck-switcher","value":["combined"]}],"tooltip":"This configuration pulls the section below over the currently managed section while adding an extra 200px padding at the bottom. You can adjust the pixel value by customizing the <b>--cms-section-overlay-margin<\/b> CSS variable through custom CSS rules.","tooltip_url":"https:\/\/lagom.rsstudio.net\/docs\/website-builder\/section-common-settings\/#overlay-sections"},{"type":"text","name":"section_anchor","label":"Section anchor","placeholder":"Enter anchor...","tooltip":"Assign special names to section anchors. This makes it easy to guide people to specific parts of the page when you share links","tooltip_url":"https:\/\/lagom.rsstudio.net\/docs\/website-builder\/section-common-settings\/#section-anchor"},{"type":"text","name":"custom_class","label":"Section custom class","placeholder":"Enter class...","tooltip":"This setting allows you to assign custom classes to the section container. You can input your own CSS class here and then apply the necessary styling in the <b>theme-custom.css<\/b> file.","tooltip_url":"https:\/\/lagom.rsstudio.net\/docs\/website-builder\/section-common-settings\/#section-custom-class"},{"type":"select","name":"tabs_style","label":"Tabs Style","container_class":"col-sm-12","options":[{"name":"Default","value":"default"},{"name":"Boxed","value":"boxed"}],"tooltip":"Choose the style for the created tabs to determine how you want them to be displayed on the generated website page. This option works only when `Group table content` option is enabled","tooltip_url":""}],"template":"\/var\/www\/templates\/lagom2\/core\/cms\/sections\/config\/compare-packages\/compare-packages.tpl","cache":true,"thumb":"thumb.png"},"page_id":146,"visibility":1,"theme":"default","order":12,"created_at":"2024-06-28T09:12:08.000000Z","updated_at":"2024-06-28T09:12:08.000000Z","lang":{"english":{"id":1512,"translation":{"caption":"Product Comparison","title":"Compare Our Plans","subtitle":"Explore the comparison of packages for our different Reseller Hosting plans to select the one that best suits your needs.","products_group":{"grouped":"1","group_forced":"0","groups":{"1":{"group_index":"1","group_name":"Storage optimized","group_order":"1","fields":{"graphic":{"type":"","graphic":""},"products_list":[{"index":"1","position":"1","custom_classes":"","show_icon":"0","group_id":"21","product_id":"117","custom_multi_price":"undefined","link_text":"","link_type":"custom-url","show_link":"0","custom_url":"","target_blank":"0","title":"SO 60","description":"<ul class=\"package-features\"> <li><b>60 GB<\/b> SSD Storage<\/li><li><b>3 TB<\/b> Bandwidth<\/li><li><b>30<\/b> cPanel Accounts<\/li> <li><b>Unlimited<\/b> Websites<\/li> <li><b>Free<\/b> SSL Certificate<\/li><\/ul>","url":""},{"index":"2","position":"2","custom_classes":"","show_icon":"0","group_id":"21","product_id":"118","custom_multi_price":"undefined","link_text":"","link_type":"custom-url","show_link":"0","custom_url":"","target_blank":"0","title":"SO 90","description":"<ul class=\"package-features\"> <li><b>90 GB<\/b> SSD Storage<\/li><li><b>6 TB<\/b> Bandwidth<\/li><li><b>60<\/b> cPanel Accounts<\/li> <li><b>Unlimited<\/b> Websites<\/li> <li><b>Free<\/b> SSL Certificate<\/li><\/ul>","url":""},{"index":"3","position":"3","custom_classes":"","show_icon":"0","group_id":"21","product_id":"119","custom_multi_price":"undefined","link_text":"","link_type":"custom-url","show_link":"0","custom_url":"","target_blank":"0","title":"SO 140","description":"<ul class=\"package-features\"> <li><b>140 GB<\/b> SSD Storage<\/li><li><b>9 TB <\/b> Bandwidth<\/li><li><b>80<\/b> cPanel Accounts<\/li> <li><b>Unlimited<\/b> Websites<\/li> <li><b>Free<\/b> SSL Certificate<\/li><\/ul>","url":""},{"index":"4","position":"4","custom_classes":"","show_icon":"0","group_id":"21","product_id":"120","custom_multi_price":"undefined","link_text":"","link_type":"custom-url","show_link":"0","custom_url":"","target_blank":"0","title":"SO 200","description":"<ul class=\"package-features\"> <li><b>200 GB<\/b> SSD Storage<\/li><li><b>12 TB<\/b> Bandwidth<\/li><li><b>100<\/b> cPanel Accounts<\/li> <li><b>Unlimited<\/b> Websites<\/li> <li><b>Free<\/b> SSL Certificate<\/li><\/ul>","url":""}],"header_title":"Compare Features","comparison_table":[{"index":"1","position":"1","feature_name":"SSD Storage","show_hint":"false","hint":"","product":"{\"id_117\":{\"icon\":\"none\",\"feature\":\"60 GB\"},\"id_118\":{\"icon\":\"none\",\"feature\":\"90 GB\"},\"id_119\":{\"icon\":\"none\",\"feature\":\"140 GB\"},\"id_120\":{\"icon\":\"none\",\"feature\":\"200 GB\"}}","hide_item":"false"},{"index":"2","position":"2","feature_name":"Bandwidth","show_hint":"false","hint":"","product":"{\"id_117\":{\"icon\":\"none\",\"feature\":\"3 TB\"},\"id_118\":{\"icon\":\"none\",\"feature\":\"6 TB\"},\"id_119\":{\"icon\":\"none\",\"feature\":\"9 TB\"},\"id_120\":{\"icon\":\"none\",\"feature\":\"12 TB\"}}","hide_item":"false"},{"index":"3","position":"3","feature_name":"cPanel Accounts","show_hint":"false","hint":"","product":"{\"id_117\":{\"icon\":\"none\",\"feature\":\"30\"},\"id_118\":{\"icon\":\"none\",\"feature\":\"60\"},\"id_119\":{\"icon\":\"none\",\"feature\":\"80\"},\"id_120\":{\"icon\":\"none\",\"feature\":\"100\"}}","hide_item":"false"},{"index":"4","position":"4","feature_name":"Unlimited Websites","show_hint":"false","hint":"","product":"{\"id_117\":{\"icon\":\"availability\",\"feature\":\"\"},\"id_118\":{\"icon\":\"availability\",\"feature\":\"\"},\"id_119\":{\"icon\":\"availability\",\"feature\":\"\"},\"id_120\":{\"icon\":\"availability\",\"feature\":\"\"}}","hide_item":"false"},{"index":"5","position":"5","feature_name":"Free SSL Certificate","show_hint":"true","hint":"Includes a free SSL certificate to secure your website with HTTPS encryption, which is essential for protecting your visitor's data. An SSL certificate helps improve trust and can also benefit your site's SEO rankings. All plans come with SSL certificates at no additional cost.","product":"{\"id_117\":{\"icon\":\"availability\",\"feature\":\"\"},\"id_118\":{\"icon\":\"availability\",\"feature\":\"\"},\"id_119\":{\"icon\":\"availability\",\"feature\":\"\"},\"id_120\":{\"icon\":\"availability\",\"feature\":\"\"}}","hide_item":"false"},{"index":"6","position":"6","feature_name":"Private Nameservers","show_hint":"false","hint":"","product":"{\"id_117\":{\"icon\":\"absence\",\"feature\":\"\"},\"id_118\":{\"icon\":\"availability\",\"feature\":\"\"},\"id_119\":{\"icon\":\"availability\",\"feature\":\"\"},\"id_120\":{\"icon\":\"availability\",\"feature\":\"\"}}","hide_item":"false"},{"index":"7","position":"7","feature_name":"Brandable cPanel","show_hint":"false","hint":"","product":"{\"id_117\":{\"icon\":\"availability\",\"feature\":\"\"},\"id_118\":{\"icon\":\"availability\",\"feature\":\"\"},\"id_119\":{\"icon\":\"availability\",\"feature\":\"\"},\"id_120\":{\"icon\":\"availability\",\"feature\":\"\"}}","hide_item":"false"},{"index":"8","position":"8","feature_name":"Multiple Server Locations","show_hint":"false","hint":"","product":"{\"id_117\":{\"icon\":\"availability\",\"feature\":\"\"},\"id_118\":{\"icon\":\"availability\",\"feature\":\"\"},\"id_119\":{\"icon\":\"availability\",\"feature\":\"\"},\"id_120\":{\"icon\":\"availability\",\"feature\":\"\"}}","hide_item":"false"},{"index":"9","position":"9","feature_name":"Dedicated IPs","show_hint":"false","hint":"","product":"{\"id_117\":{\"icon\":\"none\",\"feature\":\"2\"},\"id_118\":{\"icon\":\"none\",\"feature\":\"4\"},\"id_119\":{\"icon\":\"none\",\"feature\":\"6\"},\"id_120\":{\"icon\":\"none\",\"feature\":\"8\"}}","hide_item":"false"},{"index":"10","position":"10","feature_name":"Server Resources","show_hint":"false","hint":"","product":"{\"id_117\":{\"icon\":\"none\",\"feature\":\"Basic\"},\"id_118\":{\"icon\":\"none\",\"feature\":\"Medium\"},\"id_119\":{\"icon\":\"none\",\"feature\":\"High\"},\"id_120\":{\"icon\":\"none\",\"feature\":\"High\"}}","hide_item":"false"},{"index":"11","position":"11","feature_name":"24\/7 Support","show_hint":"false","hint":"","product":"{\"id_117\":{\"icon\":\"absence\",\"feature\":\"\"},\"id_118\":{\"icon\":\"availability\",\"feature\":\"\"},\"id_119\":{\"icon\":\"availability\",\"feature\":\"\"},\"id_120\":{\"icon\":\"availability\",\"feature\":\"\"}}","hide_item":"false"},{"index":"12","position":"12","custom_classes":"","show_icon":"1","icon":"trusted-by-over-40.tpl","type":"category","category-title":"Security & Reliability","hide_item":"false"},{"index":"13","position":"13","feature_name":"DDoS Protection","show_hint":"false","hint":"","product":"{\"id_117\":{\"icon\":\"none\",\"feature\":\"Standard\"},\"id_118\":{\"icon\":\"none\",\"feature\":\"Enhanced\"},\"id_119\":{\"icon\":\"none\",\"feature\":\"Enhanced\"},\"id_120\":{\"icon\":\"none\",\"feature\":\"Unlimited\"}}","hide_item":"false"},{"index":"14","position":"14","feature_name":"Malware Detection","show_hint":"false","hint":"","product":"{\"id_117\":{\"icon\":\"absence\",\"feature\":\"\"},\"id_118\":{\"icon\":\"availability\",\"feature\":\"\"},\"id_119\":{\"icon\":\"availability\",\"feature\":\"\"},\"id_120\":{\"icon\":\"availability\",\"feature\":\"\"}}","hide_item":"false"},{"index":"15","position":"15","feature_name":"Malware Removal","show_hint":"false","hint":"","product":"{\"id_117\":{\"icon\":\"absence\",\"feature\":\"\"},\"id_118\":{\"icon\":\"absence\",\"feature\":\"\"},\"id_119\":{\"icon\":\"availability\",\"feature\":\"\"},\"id_120\":{\"icon\":\"availability\",\"feature\":\"\"}}","hide_item":"false"},{"index":"16","position":"16","feature_name":"Proactive Server Monitoring","show_hint":"false","hint":"","product":"{\"id_117\":{\"icon\":\"absence\",\"feature\":\"\"},\"id_118\":{\"icon\":\"availability\",\"feature\":\"\"},\"id_119\":{\"icon\":\"availability\",\"feature\":\"\"},\"id_120\":{\"icon\":\"availability\",\"feature\":\"\"}}","hide_item":"false"},{"index":"17","position":"17","feature_name":"Account Isolation","show_hint":"true","hint":"Account Isolation enhances security by ensuring that each hosting account operates independently. This prevents other users on the same server from affecting your account's performance and security.","product":"{\"id_117\":{\"icon\":\"availability\",\"feature\":\"\"},\"id_118\":{\"icon\":\"availability\",\"feature\":\"\"},\"id_119\":{\"icon\":\"availability\",\"feature\":\"\"},\"id_120\":{\"icon\":\"availability\",\"feature\":\"\"}}","hide_item":"false"},{"index":"18","position":"18","custom_classes":"","show_icon":"1","icon":"64-rocket-shield-server.tpl","type":"category","category-title":"Website Performance Features","hide_item":"false"},{"index":"19","position":"19","feature_name":"Memory per cPanel User","show_hint":"false","hint":"","product":"{\"id_117\":{\"icon\":\"none\",\"feature\":\"2 GB\"},\"id_118\":{\"icon\":\"none\",\"feature\":\"2 GB\"},\"id_119\":{\"icon\":\"none\",\"feature\":\"4 GB \"},\"id_120\":{\"icon\":\"none\",\"feature\":\"8 GB\"}}","hide_item":"false"},{"index":"20","position":"20","feature_name":"Cores per cPanel","show_hint":"false","hint":"","product":"{\"id_117\":{\"icon\":\"none\",\"feature\":\"1\"},\"id_118\":{\"icon\":\"none\",\"feature\":\"2\"},\"id_119\":{\"icon\":\"none\",\"feature\":\"4\"},\"id_120\":{\"icon\":\"none\",\"feature\":\"4\"}}","hide_item":"false"},{"index":"21","position":"21","feature_name":"HTTP\/3","show_hint":"false","hint":"","product":"{\"id_117\":{\"icon\":\"availability\",\"feature\":\"\"},\"id_118\":{\"icon\":\"availability\",\"feature\":\"\"},\"id_119\":{\"icon\":\"availability\",\"feature\":\"\"},\"id_120\":{\"icon\":\"availability\",\"feature\":\"\"}}","hide_item":"false"},{"index":"22","position":"22","feature_name":"Multiple Server Locations","show_hint":"false","hint":"","product":"{\"id_117\":{\"icon\":\"availability\",\"feature\":\"\"},\"id_118\":{\"icon\":\"availability\",\"feature\":\"\"},\"id_119\":{\"icon\":\"availability\",\"feature\":\"\"},\"id_120\":{\"icon\":\"availability\",\"feature\":\"\"}}","hide_item":"false"},{"index":"23","position":"23","feature_name":"Redis","show_hint":"false","hint":"","product":"{\"id_117\":{\"icon\":\"absence\",\"feature\":\"\"},\"id_118\":{\"icon\":\"availability\",\"feature\":\"\"},\"id_119\":{\"icon\":\"availability\",\"feature\":\"\"},\"id_120\":{\"icon\":\"availability\",\"feature\":\"\"}}","hide_item":"false"},{"index":"24","position":"24","feature_name":"GZIP Compression","show_hint":"false","hint":"","product":"{\"id_117\":{\"icon\":\"absence\",\"feature\":\"\"},\"id_118\":{\"icon\":\"availability\",\"feature\":\"\"},\"id_119\":{\"icon\":\"availability\",\"feature\":\"\"},\"id_120\":{\"icon\":\"availability\",\"feature\":\"\"}}","hide_item":"false"},{"index":"25","position":"25","feature_name":"CSS\/JS\/HTML Minification","show_hint":"false","hint":"","product":"{\"id_117\":{\"icon\":\"availability\",\"feature\":\"\"},\"id_118\":{\"icon\":\"availability\",\"feature\":\"\"},\"id_119\":{\"icon\":\"availability\",\"feature\":\"\"},\"id_120\":{\"icon\":\"availability\",\"feature\":\"\"}}","hide_item":"false"},{"index":"26","position":"26","custom_classes":"","show_icon":"1","icon":"64-browser-code.tpl","type":"category","category-title":"Developer Features","hide_item":"false"},{"index":"27","position":"27","feature_name":"MySQL Database","show_hint":"false","hint":"","product":"{\"id_117\":{\"icon\":\"none\",\"feature\":\"1\"},\"id_118\":{\"icon\":\"none\",\"feature\":\"Unlimited\"},\"id_119\":{\"icon\":\"none\",\"feature\":\"Unlimited\"},\"id_120\":{\"icon\":\"none\",\"feature\":\"Unlimited\"}}","hide_item":"false"},{"index":"28","position":"28","feature_name":"FTP Accounts","show_hint":"false","hint":"","product":"{\"id_117\":{\"icon\":\"none\",\"feature\":\"2\"},\"id_118\":{\"icon\":\"none\",\"feature\":\"Unlimited\"},\"id_119\":{\"icon\":\"none\",\"feature\":\"Unlimited\"},\"id_120\":{\"icon\":\"none\",\"feature\":\"Unlimited\"}}","hide_item":"false"},{"index":"29","position":"29","feature_name":"Cron Jobs","show_hint":"false","hint":"","product":"{\"id_117\":{\"icon\":\"none\",\"feature\":\"1\"},\"id_118\":{\"icon\":\"none\",\"feature\":\"Unlimited\"},\"id_119\":{\"icon\":\"none\",\"feature\":\"Unlimited\"},\"id_120\":{\"icon\":\"none\",\"feature\":\"Unlimited\"}}","hide_item":"false"},{"index":"30","position":"30","feature_name":"PHP Selector","show_hint":"false","hint":"","product":"{\"id_117\":{\"icon\":\"absence\",\"feature\":\"\"},\"id_118\":{\"icon\":\"availability\",\"feature\":\"\"},\"id_119\":{\"icon\":\"availability\",\"feature\":\"\"},\"id_120\":{\"icon\":\"availability\",\"feature\":\"\"}}","hide_item":"false"},{"index":"31","position":"31","feature_name":"Application Autoupdates","show_hint":"false","hint":"","product":"{\"id_117\":{\"icon\":\"availability\",\"feature\":\"\"},\"id_118\":{\"icon\":\"availability\",\"feature\":\"\"},\"id_119\":{\"icon\":\"availability\",\"feature\":\"\"},\"id_120\":{\"icon\":\"availability\",\"feature\":\"\"}}","hide_item":"false"},{"index":"32","position":"32","feature_name":"SSH and SFTP Access","show_hint":"false","hint":"","product":"{\"id_117\":{\"icon\":\"availability\",\"feature\":\"\"},\"id_118\":{\"icon\":\"availability\",\"feature\":\"\"},\"id_119\":{\"icon\":\"availability\",\"feature\":\"\"},\"id_120\":{\"icon\":\"availability\",\"feature\":\"\"}}","hide_item":"false"},{"index":"33","position":"33","feature_name":"Custom Cron Jobs","show_hint":"false","hint":"","product":"{\"id_117\":{\"icon\":\"absence\",\"feature\":\"\"},\"id_118\":{\"icon\":\"availability\",\"feature\":\"\"},\"id_119\":{\"icon\":\"availability\",\"feature\":\"\"},\"id_120\":{\"icon\":\"availability\",\"feature\":\"\"}}","hide_item":"false"}]}},"2":{"group_index":"2","group_name":"Account Optimized","group_order":"2","fields":{"graphic":{"type":"","graphic":""},"products_list":[{"index":"1","position":"1","custom_classes":"","show_icon":"0","group_id":"21","product_id":"121","link_text":"","link_type":"custom-url","show_link":"0","custom_url":"","target_blank":"0","title":"AO 60","description":"<ul class=\"package-features\"><li><b>60<\/b> cPanel Accounts<\/li><li><b>30 GB<\/b> SSD Storage<\/li><li><b>3 TB<\/b> Bandwidth<\/li> <li><b>Unlimited<\/b> Websites<\/li> <li><b>Free<\/b> SSL Certificate<\/li><\/ul>","url":""},{"index":"2","position":"2","custom_classes":"","show_icon":"0","group_id":"21","product_id":"122","link_text":"","link_type":"custom-url","show_link":"0","custom_url":"","target_blank":"0","title":"AO 90","description":"<ul class=\"package-features\"><b>90<\/b> cPanel Accounts<\/li><li><b>60 GB<\/b> SSD Storage<\/li><li><b>6 TB<\/b> Bandwidth<\/li><li> <li><b>Unlimited<\/b> Websites<\/li> <li><b>Free<\/b> SSL Certificate<\/li><\/ul>","url":""},{"index":"3","position":"3","custom_classes":"","show_icon":"0","group_id":"21","product_id":"123","link_text":"","link_type":"custom-url","show_link":"0","custom_url":"","target_blank":"0","title":"AO 140","description":"<ul class=\"package-features\"><li><b>140<\/b> cPanel Accounts<\/li><li><b>80 GB<\/b> SSD Storage<\/li><li><b>9 TB <\/b> Bandwidth<\/li> <li><b>Unlimited<\/b> Websites<\/li> <li><b>Free<\/b> SSL Certificate<\/li><\/ul>","url":""},{"index":"4","position":"4","custom_classes":"","show_icon":"0","group_id":"21","product_id":"124","link_text":"","link_type":"custom-url","show_link":"0","custom_url":"","target_blank":"0","title":"AO 200","description":"<ul class=\"package-features\"><li><b>200<\/b> cPanel Accounts<\/li><li><b>120 GB<\/b> SSD Storage<\/li><li><b>12 TB<\/b> Bandwidth<\/li><li><b>Unlimited<\/b> Websites<\/li> <li><b>Free<\/b> SSL Certificate<\/li><\/ul>","url":""}],"header_title":"Compare Features","comparison_table":[{"index":"2","position":"1","feature_name":"cPanel Accounts","show_hint":"false","hint":"","product":"{\"id_121\":{\"icon\":\"none\",\"feature\":\"60\"},\"id_122\":{\"icon\":\"none\",\"feature\":\"90\"},\"id_123\":{\"icon\":\"none\",\"feature\":\"140\"},\"id_124\":{\"icon\":\"none\",\"feature\":\"200\"}}","hide_item":"false"},{"index":"1","position":"2","feature_name":"SSD Storage","show_hint":"false","hint":"","product":"{\"id_121\":{\"icon\":\"none\",\"feature\":\"30 GB\"},\"id_122\":{\"icon\":\"none\",\"feature\":\"60 GB\"},\"id_123\":{\"icon\":\"none\",\"feature\":\"80 GB\"},\"id_124\":{\"icon\":\"none\",\"feature\":\"120 GB\"}}","hide_item":"false"},{"index":"3","position":"3","feature_name":"Bandwidth","show_hint":"false","hint":"","product":"{\"id_121\":{\"icon\":\"none\",\"feature\":\"3 TB\"},\"id_122\":{\"icon\":\"none\",\"feature\":\"6 TB\"},\"id_123\":{\"icon\":\"none\",\"feature\":\"9 TB\"},\"id_124\":{\"icon\":\"none\",\"feature\":\"12 TB\"}}","hide_item":"false"},{"index":"4","position":"4","feature_name":"Unlimited Websites","show_hint":"false","hint":"","product":"{\"id_121\":{\"icon\":\"availability\",\"feature\":\"\"},\"id_122\":{\"icon\":\"availability\",\"feature\":\"\"},\"id_123\":{\"icon\":\"availability\",\"feature\":\"\"},\"id_124\":{\"icon\":\"availability\",\"feature\":\"\"}}","hide_item":"false"},{"index":"5","position":"5","feature_name":"Free SSL Certificate","show_hint":"false","hint":"","product":"{\"id_121\":{\"icon\":\"availability\",\"feature\":\"\"},\"id_122\":{\"icon\":\"availability\",\"feature\":\"\"},\"id_123\":{\"icon\":\"availability\",\"feature\":\"\"},\"id_124\":{\"icon\":\"availability\",\"feature\":\"\"}}","hide_item":"false"},{"index":"6","position":"6","feature_name":"Private Nameservers","show_hint":"false","hint":"","product":"{\"id_121\":{\"icon\":\"absence\",\"feature\":\"\"},\"id_122\":{\"icon\":\"availability\",\"feature\":\"\"},\"id_123\":{\"icon\":\"availability\",\"feature\":\"\"},\"id_124\":{\"icon\":\"availability\",\"feature\":\"\"}}","hide_item":"false"},{"index":"7","position":"7","feature_name":"Brandable cPanel","show_hint":"false","hint":"","product":"{\"id_121\":{\"icon\":\"availability\",\"feature\":\"\"},\"id_122\":{\"icon\":\"availability\",\"feature\":\"\"},\"id_123\":{\"icon\":\"availability\",\"feature\":\"\"},\"id_124\":{\"icon\":\"availability\",\"feature\":\"\"}}","hide_item":"false"},{"index":"8","position":"8","feature_name":"Multiple Server Locations","show_hint":"false","hint":"","product":"{\"id_121\":{\"icon\":\"availability\",\"feature\":\"\"},\"id_122\":{\"icon\":\"availability\",\"feature\":\"\"},\"id_123\":{\"icon\":\"availability\",\"feature\":\"\"},\"id_124\":{\"icon\":\"availability\",\"feature\":\"\"}}","hide_item":"false"},{"index":"9","position":"9","feature_name":"Dedicated IPs","show_hint":"false","hint":"","product":"{\"id_121\":{\"icon\":\"none\",\"feature\":\"2\"},\"id_122\":{\"icon\":\"none\",\"feature\":\"4\"},\"id_123\":{\"icon\":\"none\",\"feature\":\"6\"},\"id_124\":{\"icon\":\"none\",\"feature\":\"8\"}}","hide_item":"false"},{"index":"10","position":"10","feature_name":"Server Resources","show_hint":"false","hint":"","product":"{\"id_121\":{\"icon\":\"none\",\"feature\":\"Basic\"},\"id_122\":{\"icon\":\"none\",\"feature\":\"Medium\"},\"id_123\":{\"icon\":\"none\",\"feature\":\"High\"},\"id_124\":{\"icon\":\"none\",\"feature\":\"High\"}}","hide_item":"false"},{"index":"11","position":"11","feature_name":"24\/7 Support","show_hint":"false","hint":"","product":"{\"id_121\":{\"icon\":\"absence\",\"feature\":\"\"},\"id_122\":{\"icon\":\"availability\",\"feature\":\"\"},\"id_123\":{\"icon\":\"availability\",\"feature\":\"\"},\"id_124\":{\"icon\":\"availability\",\"feature\":\"\"}}","hide_item":"false"},{"index":"12","position":"12","custom_classes":"","show_icon":"1","icon":"trusted-by-over-40.tpl","type":"category","category-title":"Security & Reliability","hide_item":"false"},{"index":"13","position":"13","feature_name":"DDoS Protection","show_hint":"false","hint":"","product":"{\"id_121\":{\"icon\":\"none\",\"feature\":\"Standard\"},\"id_122\":{\"icon\":\"none\",\"feature\":\"Enhanced\"},\"id_123\":{\"icon\":\"none\",\"feature\":\"Enhanced\"},\"id_124\":{\"icon\":\"none\",\"feature\":\"Unlimited\"}}","hide_item":"false"},{"index":"14","position":"14","feature_name":"Malware Detection","show_hint":"false","hint":"","product":"{\"id_121\":{\"icon\":\"absence\",\"feature\":\"\"},\"id_122\":{\"icon\":\"availability\",\"feature\":\"\"},\"id_123\":{\"icon\":\"availability\",\"feature\":\"\"},\"id_124\":{\"icon\":\"availability\",\"feature\":\"\"}}","hide_item":"false"},{"index":"15","position":"15","feature_name":"Malware Removal","show_hint":"false","hint":"","product":"{\"id_121\":{\"icon\":\"absence\",\"feature\":\"\"},\"id_122\":{\"icon\":\"absence\",\"feature\":\"\"},\"id_123\":{\"icon\":\"availability\",\"feature\":\"\"},\"id_124\":{\"icon\":\"availability\",\"feature\":\"\"}}","hide_item":"false"},{"index":"16","position":"16","feature_name":"Proactive Server Monitoring","show_hint":"false","hint":"","product":"{\"id_121\":{\"icon\":\"absence\",\"feature\":\"\"},\"id_122\":{\"icon\":\"availability\",\"feature\":\"\"},\"id_123\":{\"icon\":\"availability\",\"feature\":\"\"},\"id_124\":{\"icon\":\"availability\",\"feature\":\"\"}}","hide_item":"false"},{"index":"17","position":"17","feature_name":"Account Isolation","show_hint":"true","hint":"Account Isolation enhances security by ensuring that each hosting account operates independently. This prevents other users on the same server from affecting your account's performance and security.","product":"{\"id_121\":{\"icon\":\"availability\",\"feature\":\"\"},\"id_122\":{\"icon\":\"availability\",\"feature\":\"\"},\"id_123\":{\"icon\":\"availability\",\"feature\":\"\"},\"id_124\":{\"icon\":\"availability\",\"feature\":\"\"}}","hide_item":"false"},{"index":"18","position":"18","custom_classes":"","show_icon":"1","icon":"64-rocket-shield-server.tpl","type":"category","category-title":"Website Performance Features","hide_item":"false"},{"index":"19","position":"19","feature_name":"Memory per cPanel User","show_hint":"false","hint":"","product":"{\"id_121\":{\"icon\":\"none\",\"feature\":\"2 GB\"},\"id_122\":{\"icon\":\"none\",\"feature\":\"2 GB\"},\"id_123\":{\"icon\":\"none\",\"feature\":\"4 GB\"},\"id_124\":{\"icon\":\"none\",\"feature\":\"8 GB\"}}","hide_item":"false"},{"index":"20","position":"20","feature_name":"Cores per cPanel","show_hint":"false","hint":"","product":"{\"id_121\":{\"icon\":\"none\",\"feature\":\"1\"},\"id_122\":{\"icon\":\"none\",\"feature\":\"2\"},\"id_123\":{\"icon\":\"none\",\"feature\":\"4\"},\"id_124\":{\"icon\":\"none\",\"feature\":\"4\"}}","hide_item":"false"},{"index":"21","position":"21","feature_name":"HTTP\/3","show_hint":"false","hint":"","product":"{\"id_121\":{\"icon\":\"availability\",\"feature\":\"\"},\"id_122\":{\"icon\":\"availability\",\"feature\":\"\"},\"id_123\":{\"icon\":\"availability\",\"feature\":\"\"},\"id_124\":{\"icon\":\"availability\",\"feature\":\"\"}}","hide_item":"false"},{"index":"22","position":"22","feature_name":"Multiple Server Locations","show_hint":"false","hint":"","product":"{\"id_121\":{\"icon\":\"availability\",\"feature\":\"\"},\"id_122\":{\"icon\":\"availability\",\"feature\":\"\"},\"id_123\":{\"icon\":\"availability\",\"feature\":\"\"},\"id_124\":{\"icon\":\"availability\",\"feature\":\"\"}}","hide_item":"false"},{"index":"23","position":"23","feature_name":"Redis","show_hint":"false","hint":"","product":"{\"id_121\":{\"icon\":\"absence\",\"feature\":\"\"},\"id_122\":{\"icon\":\"availability\",\"feature\":\"\"},\"id_123\":{\"icon\":\"availability\",\"feature\":\"\"},\"id_124\":{\"icon\":\"availability\",\"feature\":\"\"}}","hide_item":"false"},{"index":"24","position":"24","feature_name":"GZIP Compression","show_hint":"false","hint":"","product":"{\"id_121\":{\"icon\":\"absence\",\"feature\":\"\"},\"id_122\":{\"icon\":\"availability\",\"feature\":\"\"},\"id_123\":{\"icon\":\"availability\",\"feature\":\"\"},\"id_124\":{\"icon\":\"availability\",\"feature\":\"\"}}","hide_item":"false"},{"index":"25","position":"25","feature_name":"CSS\/JS\/HTML Minification","show_hint":"false","hint":"","product":"{\"id_121\":{\"icon\":\"availability\",\"feature\":\"\"},\"id_122\":{\"icon\":\"availability\",\"feature\":\"\"},\"id_123\":{\"icon\":\"availability\",\"feature\":\"\"},\"id_124\":{\"icon\":\"availability\",\"feature\":\"\"}}","hide_item":"false"},{"index":"26","position":"26","custom_classes":"","show_icon":"1","icon":"64-browser-code.tpl","type":"category","category-title":"Developer Features","hide_item":"false"},{"index":"27","position":"27","feature_name":"MySQL Database","show_hint":"false","hint":"","product":"{\"id_121\":{\"icon\":\"none\",\"feature\":\"1\"},\"id_122\":{\"icon\":\"none\",\"feature\":\"Unlimited\"},\"id_123\":{\"icon\":\"none\",\"feature\":\"Unlimited\"},\"id_124\":{\"icon\":\"none\",\"feature\":\"Unlimited\"}}","hide_item":"false"},{"index":"28","position":"28","feature_name":"FTP Accounts","show_hint":"false","hint":"","product":"{\"id_121\":{\"icon\":\"none\",\"feature\":\"2\"},\"id_122\":{\"icon\":\"none\",\"feature\":\"Unlimited\"},\"id_123\":{\"icon\":\"none\",\"feature\":\"Unlimited\"},\"id_124\":{\"icon\":\"none\",\"feature\":\"Unlimited\"}}","hide_item":"false"},{"index":"29","position":"29","feature_name":"PHP Selector","show_hint":"false","hint":"","product":"{\"id_121\":{\"icon\":\"absence\",\"feature\":\"\"},\"id_122\":{\"icon\":\"availability\",\"feature\":\"\"},\"id_123\":{\"icon\":\"availability\",\"feature\":\"\"},\"id_124\":{\"icon\":\"availability\",\"feature\":\"\"}}","hide_item":"false"},{"index":"30","position":"30","feature_name":"Application Autoupdates","show_hint":"false","hint":"","product":"{\"id_121\":{\"icon\":\"availability\",\"feature\":\"\"},\"id_122\":{\"icon\":\"availability\",\"feature\":\"\"},\"id_123\":{\"icon\":\"availability\",\"feature\":\"\"},\"id_124\":{\"icon\":\"availability\",\"feature\":\"\"}}","hide_item":"false"},{"index":"31","position":"31","feature_name":"SSH and SFTP Access","show_hint":"false","hint":"","product":"{\"id_121\":{\"icon\":\"availability\",\"feature\":\"\"},\"id_122\":{\"icon\":\"availability\",\"feature\":\"\"},\"id_123\":{\"icon\":\"availability\",\"feature\":\"\"},\"id_124\":{\"icon\":\"availability\",\"feature\":\"\"}}","hide_item":"false"},{"index":"32","position":"32","feature_name":"Custom Cron Jobs","show_hint":"false","hint":"","product":"{\"id_121\":{\"icon\":\"absence\",\"feature\":\"\"},\"id_122\":{\"icon\":\"availability\",\"feature\":\"\"},\"id_123\":{\"icon\":\"availability\",\"feature\":\"\"},\"id_124\":{\"icon\":\"availability\",\"feature\":\"\"}}","hide_item":"false"}]}}},"new_group_index":3},"style":"boxed","type":"collapsible","hide_starting_from":"0","disable_sticky_header":"0","display_billing_cycle":"1","billing_cycle":"monthly,annually,biennially,triennially","reverse_billing_cycle_order":"0","cols_desktop":"4","cols_tab_h":"4","cols_tab_v":"2","buttons":"","combined":"0","overlay":"0","section_anchor":"product-comparison","custom_class":"","tabs_style":"default"}}},"translations":[{"id":1512,"section_id":1505,"lang":"english","values":{"caption":"Product Comparison","title":"Compare Our Plans","subtitle":"Explore the comparison of packages for our different Reseller Hosting plans to select the one that best suits your needs.","products_group":{"group_forced":"0","grouped":"1","groups":{"1":{"group_name":"Storage optimized","group_order":"1","group_index":"1","fields":{"graphic":{"type":"","graphic":""},"products_list":[{"index":"1","position":"1","custom_classes":"","show_icon":"0","group_id":"21","product_id":"117","custom_multi_price":"undefined","link_text":"","link_type":"custom-url","show_link":"0","custom_url":"","target_blank":"0"},{"index":"2","position":"2","custom_classes":"","show_icon":"0","group_id":"21","product_id":"118","custom_multi_price":"undefined","link_text":"","link_type":"custom-url","show_link":"0","custom_url":"","target_blank":"0"},{"index":"3","position":"3","custom_classes":"","show_icon":"0","group_id":"21","product_id":"119","custom_multi_price":"undefined","link_text":"","link_type":"custom-url","show_link":"0","custom_url":"","target_blank":"0"},{"index":"4","position":"4","custom_classes":"","show_icon":"0","group_id":"21","product_id":"120","custom_multi_price":"undefined","link_text":"","link_type":"custom-url","show_link":"0","custom_url":"","target_blank":"0"}],"header_title":"Compare Features","comparison_table":[{"index":"1","position":"1","feature_name":"SSD Storage","show_hint":"false","hint":"","product":"{\"id_117\":{\"icon\":\"none\",\"feature\":\"60 GB\"},\"id_118\":{\"icon\":\"none\",\"feature\":\"90 GB\"},\"id_119\":{\"icon\":\"none\",\"feature\":\"140 GB\"},\"id_120\":{\"icon\":\"none\",\"feature\":\"200 GB\"}}","hide_item":"false"},{"index":"2","position":"2","feature_name":"Bandwidth","show_hint":"false","hint":"","product":"{\"id_117\":{\"icon\":\"none\",\"feature\":\"3 TB\"},\"id_118\":{\"icon\":\"none\",\"feature\":\"6 TB\"},\"id_119\":{\"icon\":\"none\",\"feature\":\"9 TB\"},\"id_120\":{\"icon\":\"none\",\"feature\":\"12 TB\"}}","hide_item":"false"},{"index":"3","position":"3","feature_name":"cPanel Accounts","show_hint":"false","hint":"","product":"{\"id_117\":{\"icon\":\"none\",\"feature\":\"30\"},\"id_118\":{\"icon\":\"none\",\"feature\":\"60\"},\"id_119\":{\"icon\":\"none\",\"feature\":\"80\"},\"id_120\":{\"icon\":\"none\",\"feature\":\"100\"}}","hide_item":"false"},{"index":"4","position":"4","feature_name":"Unlimited Websites","show_hint":"false","hint":"","product":"{\"id_117\":{\"icon\":\"availability\",\"feature\":\"\"},\"id_118\":{\"icon\":\"availability\",\"feature\":\"\"},\"id_119\":{\"icon\":\"availability\",\"feature\":\"\"},\"id_120\":{\"icon\":\"availability\",\"feature\":\"\"}}","hide_item":"false"},{"index":"5","position":"5","feature_name":"Free SSL Certificate","show_hint":"true","hint":"Includes a free SSL certificate to secure your website with HTTPS encryption, which is essential for protecting your visitor's data. An SSL certificate helps improve trust and can also benefit your site's SEO rankings. All plans come with SSL certificates at no additional cost.","product":"{\"id_117\":{\"icon\":\"availability\",\"feature\":\"\"},\"id_118\":{\"icon\":\"availability\",\"feature\":\"\"},\"id_119\":{\"icon\":\"availability\",\"feature\":\"\"},\"id_120\":{\"icon\":\"availability\",\"feature\":\"\"}}","hide_item":"false"},{"index":"6","position":"6","feature_name":"Private Nameservers","show_hint":"false","hint":"","product":"{\"id_117\":{\"icon\":\"absence\",\"feature\":\"\"},\"id_118\":{\"icon\":\"availability\",\"feature\":\"\"},\"id_119\":{\"icon\":\"availability\",\"feature\":\"\"},\"id_120\":{\"icon\":\"availability\",\"feature\":\"\"}}","hide_item":"false"},{"index":"7","position":"7","feature_name":"Brandable cPanel","show_hint":"false","hint":"","product":"{\"id_117\":{\"icon\":\"availability\",\"feature\":\"\"},\"id_118\":{\"icon\":\"availability\",\"feature\":\"\"},\"id_119\":{\"icon\":\"availability\",\"feature\":\"\"},\"id_120\":{\"icon\":\"availability\",\"feature\":\"\"}}","hide_item":"false"},{"index":"8","position":"8","feature_name":"Multiple Server Locations","show_hint":"false","hint":"","product":"{\"id_117\":{\"icon\":\"availability\",\"feature\":\"\"},\"id_118\":{\"icon\":\"availability\",\"feature\":\"\"},\"id_119\":{\"icon\":\"availability\",\"feature\":\"\"},\"id_120\":{\"icon\":\"availability\",\"feature\":\"\"}}","hide_item":"false"},{"index":"9","position":"9","feature_name":"Dedicated IPs","show_hint":"false","hint":"","product":"{\"id_117\":{\"icon\":\"none\",\"feature\":\"2\"},\"id_118\":{\"icon\":\"none\",\"feature\":\"4\"},\"id_119\":{\"icon\":\"none\",\"feature\":\"6\"},\"id_120\":{\"icon\":\"none\",\"feature\":\"8\"}}","hide_item":"false"},{"index":"10","position":"10","feature_name":"Server Resources","show_hint":"false","hint":"","product":"{\"id_117\":{\"icon\":\"none\",\"feature\":\"Basic\"},\"id_118\":{\"icon\":\"none\",\"feature\":\"Medium\"},\"id_119\":{\"icon\":\"none\",\"feature\":\"High\"},\"id_120\":{\"icon\":\"none\",\"feature\":\"High\"}}","hide_item":"false"},{"index":"11","position":"11","feature_name":"24\/7 Support","show_hint":"false","hint":"","product":"{\"id_117\":{\"icon\":\"absence\",\"feature\":\"\"},\"id_118\":{\"icon\":\"availability\",\"feature\":\"\"},\"id_119\":{\"icon\":\"availability\",\"feature\":\"\"},\"id_120\":{\"icon\":\"availability\",\"feature\":\"\"}}","hide_item":"false"},{"index":"12","position":"12","custom_classes":"","show_icon":"1","icon":"trusted-by-over-40.tpl","type":"category","category-title":"Security & Reliability","hide_item":"false"},{"index":"13","position":"13","feature_name":"DDoS Protection","show_hint":"false","hint":"","product":"{\"id_117\":{\"icon\":\"none\",\"feature\":\"Standard\"},\"id_118\":{\"icon\":\"none\",\"feature\":\"Enhanced\"},\"id_119\":{\"icon\":\"none\",\"feature\":\"Enhanced\"},\"id_120\":{\"icon\":\"none\",\"feature\":\"Unlimited\"}}","hide_item":"false"},{"index":"14","position":"14","feature_name":"Malware Detection","show_hint":"false","hint":"","product":"{\"id_117\":{\"icon\":\"absence\",\"feature\":\"\"},\"id_118\":{\"icon\":\"availability\",\"feature\":\"\"},\"id_119\":{\"icon\":\"availability\",\"feature\":\"\"},\"id_120\":{\"icon\":\"availability\",\"feature\":\"\"}}","hide_item":"false"},{"index":"15","position":"15","feature_name":"Malware Removal","show_hint":"false","hint":"","product":"{\"id_117\":{\"icon\":\"absence\",\"feature\":\"\"},\"id_118\":{\"icon\":\"absence\",\"feature\":\"\"},\"id_119\":{\"icon\":\"availability\",\"feature\":\"\"},\"id_120\":{\"icon\":\"availability\",\"feature\":\"\"}}","hide_item":"false"},{"index":"16","position":"16","feature_name":"Proactive Server Monitoring","show_hint":"false","hint":"","product":"{\"id_117\":{\"icon\":\"absence\",\"feature\":\"\"},\"id_118\":{\"icon\":\"availability\",\"feature\":\"\"},\"id_119\":{\"icon\":\"availability\",\"feature\":\"\"},\"id_120\":{\"icon\":\"availability\",\"feature\":\"\"}}","hide_item":"false"},{"index":"17","position":"17","feature_name":"Account Isolation","show_hint":"true","hint":"Account Isolation enhances security by ensuring that each hosting account operates independently. This prevents other users on the same server from affecting your account's performance and security.","product":"{\"id_117\":{\"icon\":\"availability\",\"feature\":\"\"},\"id_118\":{\"icon\":\"availability\",\"feature\":\"\"},\"id_119\":{\"icon\":\"availability\",\"feature\":\"\"},\"id_120\":{\"icon\":\"availability\",\"feature\":\"\"}}","hide_item":"false"},{"index":"18","position":"18","custom_classes":"","show_icon":"1","icon":"64-rocket-shield-server.tpl","type":"category","category-title":"Website Performance Features","hide_item":"false"},{"index":"19","position":"19","feature_name":"Memory per cPanel User","show_hint":"false","hint":"","product":"{\"id_117\":{\"icon\":\"none\",\"feature\":\"2 GB\"},\"id_118\":{\"icon\":\"none\",\"feature\":\"2 GB\"},\"id_119\":{\"icon\":\"none\",\"feature\":\"4 GB \"},\"id_120\":{\"icon\":\"none\",\"feature\":\"8 GB\"}}","hide_item":"false"},{"index":"20","position":"20","feature_name":"Cores per cPanel","show_hint":"false","hint":"","product":"{\"id_117\":{\"icon\":\"none\",\"feature\":\"1\"},\"id_118\":{\"icon\":\"none\",\"feature\":\"2\"},\"id_119\":{\"icon\":\"none\",\"feature\":\"4\"},\"id_120\":{\"icon\":\"none\",\"feature\":\"4\"}}","hide_item":"false"},{"index":"21","position":"21","feature_name":"HTTP\/3","show_hint":"false","hint":"","product":"{\"id_117\":{\"icon\":\"availability\",\"feature\":\"\"},\"id_118\":{\"icon\":\"availability\",\"feature\":\"\"},\"id_119\":{\"icon\":\"availability\",\"feature\":\"\"},\"id_120\":{\"icon\":\"availability\",\"feature\":\"\"}}","hide_item":"false"},{"index":"22","position":"22","feature_name":"Multiple Server Locations","show_hint":"false","hint":"","product":"{\"id_117\":{\"icon\":\"availability\",\"feature\":\"\"},\"id_118\":{\"icon\":\"availability\",\"feature\":\"\"},\"id_119\":{\"icon\":\"availability\",\"feature\":\"\"},\"id_120\":{\"icon\":\"availability\",\"feature\":\"\"}}","hide_item":"false"},{"index":"23","position":"23","feature_name":"Redis","show_hint":"false","hint":"","product":"{\"id_117\":{\"icon\":\"absence\",\"feature\":\"\"},\"id_118\":{\"icon\":\"availability\",\"feature\":\"\"},\"id_119\":{\"icon\":\"availability\",\"feature\":\"\"},\"id_120\":{\"icon\":\"availability\",\"feature\":\"\"}}","hide_item":"false"},{"index":"24","position":"24","feature_name":"GZIP Compression","show_hint":"false","hint":"","product":"{\"id_117\":{\"icon\":\"absence\",\"feature\":\"\"},\"id_118\":{\"icon\":\"availability\",\"feature\":\"\"},\"id_119\":{\"icon\":\"availability\",\"feature\":\"\"},\"id_120\":{\"icon\":\"availability\",\"feature\":\"\"}}","hide_item":"false"},{"index":"25","position":"25","feature_name":"CSS\/JS\/HTML Minification","show_hint":"false","hint":"","product":"{\"id_117\":{\"icon\":\"availability\",\"feature\":\"\"},\"id_118\":{\"icon\":\"availability\",\"feature\":\"\"},\"id_119\":{\"icon\":\"availability\",\"feature\":\"\"},\"id_120\":{\"icon\":\"availability\",\"feature\":\"\"}}","hide_item":"false"},{"index":"26","position":"26","custom_classes":"","show_icon":"1","icon":"64-browser-code.tpl","type":"category","category-title":"Developer Features","hide_item":"false"},{"index":"27","position":"27","feature_name":"MySQL Database","show_hint":"false","hint":"","product":"{\"id_117\":{\"icon\":\"none\",\"feature\":\"1\"},\"id_118\":{\"icon\":\"none\",\"feature\":\"Unlimited\"},\"id_119\":{\"icon\":\"none\",\"feature\":\"Unlimited\"},\"id_120\":{\"icon\":\"none\",\"feature\":\"Unlimited\"}}","hide_item":"false"},{"index":"28","position":"28","feature_name":"FTP Accounts","show_hint":"false","hint":"","product":"{\"id_117\":{\"icon\":\"none\",\"feature\":\"2\"},\"id_118\":{\"icon\":\"none\",\"feature\":\"Unlimited\"},\"id_119\":{\"icon\":\"none\",\"feature\":\"Unlimited\"},\"id_120\":{\"icon\":\"none\",\"feature\":\"Unlimited\"}}","hide_item":"false"},{"index":"29","position":"29","feature_name":"Cron Jobs","show_hint":"false","hint":"","product":"{\"id_117\":{\"icon\":\"none\",\"feature\":\"1\"},\"id_118\":{\"icon\":\"none\",\"feature\":\"Unlimited\"},\"id_119\":{\"icon\":\"none\",\"feature\":\"Unlimited\"},\"id_120\":{\"icon\":\"none\",\"feature\":\"Unlimited\"}}","hide_item":"false"},{"index":"30","position":"30","feature_name":"PHP Selector","show_hint":"false","hint":"","product":"{\"id_117\":{\"icon\":\"absence\",\"feature\":\"\"},\"id_118\":{\"icon\":\"availability\",\"feature\":\"\"},\"id_119\":{\"icon\":\"availability\",\"feature\":\"\"},\"id_120\":{\"icon\":\"availability\",\"feature\":\"\"}}","hide_item":"false"},{"index":"31","position":"31","feature_name":"Application Autoupdates","show_hint":"false","hint":"","product":"{\"id_117\":{\"icon\":\"availability\",\"feature\":\"\"},\"id_118\":{\"icon\":\"availability\",\"feature\":\"\"},\"id_119\":{\"icon\":\"availability\",\"feature\":\"\"},\"id_120\":{\"icon\":\"availability\",\"feature\":\"\"}}","hide_item":"false"},{"index":"32","position":"32","feature_name":"SSH and SFTP Access","show_hint":"false","hint":"","product":"{\"id_117\":{\"icon\":\"availability\",\"feature\":\"\"},\"id_118\":{\"icon\":\"availability\",\"feature\":\"\"},\"id_119\":{\"icon\":\"availability\",\"feature\":\"\"},\"id_120\":{\"icon\":\"availability\",\"feature\":\"\"}}","hide_item":"false"},{"index":"33","position":"33","feature_name":"Custom Cron Jobs","show_hint":"false","hint":"","product":"{\"id_117\":{\"icon\":\"absence\",\"feature\":\"\"},\"id_118\":{\"icon\":\"availability\",\"feature\":\"\"},\"id_119\":{\"icon\":\"availability\",\"feature\":\"\"},\"id_120\":{\"icon\":\"availability\",\"feature\":\"\"}}","hide_item":"false"}]}},"2":{"group_name":"Account Optimized","group_order":"2","group_index":"2","fields":{"graphic":{"type":"","graphic":""},"products_list":[{"index":"1","position":"1","custom_classes":"","show_icon":"0","group_id":"21","product_id":"121","link_text":"","link_type":"custom-url","show_link":"0","custom_url":"","target_blank":"0"},{"index":"2","position":"2","custom_classes":"","show_icon":"0","group_id":"21","product_id":"122","link_text":"","link_type":"custom-url","show_link":"0","custom_url":"","target_blank":"0"},{"index":"3","position":"3","custom_classes":"","show_icon":"0","group_id":"21","product_id":"123","link_text":"","link_type":"custom-url","show_link":"0","custom_url":"","target_blank":"0"},{"index":"4","position":"4","custom_classes":"","show_icon":"0","group_id":"21","product_id":"124","link_text":"","link_type":"custom-url","show_link":"0","custom_url":"","target_blank":"0"}],"header_title":"Compare Features","comparison_table":[{"index":"2","position":"1","feature_name":"cPanel Accounts","show_hint":"false","hint":"","product":"{\"id_121\":{\"icon\":\"none\",\"feature\":\"60\"},\"id_122\":{\"icon\":\"none\",\"feature\":\"90\"},\"id_123\":{\"icon\":\"none\",\"feature\":\"140\"},\"id_124\":{\"icon\":\"none\",\"feature\":\"200\"}}","hide_item":"false"},{"index":"1","position":"2","feature_name":"SSD Storage","show_hint":"false","hint":"","product":"{\"id_121\":{\"icon\":\"none\",\"feature\":\"30 GB\"},\"id_122\":{\"icon\":\"none\",\"feature\":\"60 GB\"},\"id_123\":{\"icon\":\"none\",\"feature\":\"80 GB\"},\"id_124\":{\"icon\":\"none\",\"feature\":\"120 GB\"}}","hide_item":"false"},{"index":"3","position":"3","feature_name":"Bandwidth","show_hint":"false","hint":"","product":"{\"id_121\":{\"icon\":\"none\",\"feature\":\"3 TB\"},\"id_122\":{\"icon\":\"none\",\"feature\":\"6 TB\"},\"id_123\":{\"icon\":\"none\",\"feature\":\"9 TB\"},\"id_124\":{\"icon\":\"none\",\"feature\":\"12 TB\"}}","hide_item":"false"},{"index":"4","position":"4","feature_name":"Unlimited Websites","show_hint":"false","hint":"","product":"{\"id_121\":{\"icon\":\"availability\",\"feature\":\"\"},\"id_122\":{\"icon\":\"availability\",\"feature\":\"\"},\"id_123\":{\"icon\":\"availability\",\"feature\":\"\"},\"id_124\":{\"icon\":\"availability\",\"feature\":\"\"}}","hide_item":"false"},{"index":"5","position":"5","feature_name":"Free SSL Certificate","show_hint":"false","hint":"","product":"{\"id_121\":{\"icon\":\"availability\",\"feature\":\"\"},\"id_122\":{\"icon\":\"availability\",\"feature\":\"\"},\"id_123\":{\"icon\":\"availability\",\"feature\":\"\"},\"id_124\":{\"icon\":\"availability\",\"feature\":\"\"}}","hide_item":"false"},{"index":"6","position":"6","feature_name":"Private Nameservers","show_hint":"false","hint":"","product":"{\"id_121\":{\"icon\":\"absence\",\"feature\":\"\"},\"id_122\":{\"icon\":\"availability\",\"feature\":\"\"},\"id_123\":{\"icon\":\"availability\",\"feature\":\"\"},\"id_124\":{\"icon\":\"availability\",\"feature\":\"\"}}","hide_item":"false"},{"index":"7","position":"7","feature_name":"Brandable cPanel","show_hint":"false","hint":"","product":"{\"id_121\":{\"icon\":\"availability\",\"feature\":\"\"},\"id_122\":{\"icon\":\"availability\",\"feature\":\"\"},\"id_123\":{\"icon\":\"availability\",\"feature\":\"\"},\"id_124\":{\"icon\":\"availability\",\"feature\":\"\"}}","hide_item":"false"},{"index":"8","position":"8","feature_name":"Multiple Server Locations","show_hint":"false","hint":"","product":"{\"id_121\":{\"icon\":\"availability\",\"feature\":\"\"},\"id_122\":{\"icon\":\"availability\",\"feature\":\"\"},\"id_123\":{\"icon\":\"availability\",\"feature\":\"\"},\"id_124\":{\"icon\":\"availability\",\"feature\":\"\"}}","hide_item":"false"},{"index":"9","position":"9","feature_name":"Dedicated IPs","show_hint":"false","hint":"","product":"{\"id_121\":{\"icon\":\"none\",\"feature\":\"2\"},\"id_122\":{\"icon\":\"none\",\"feature\":\"4\"},\"id_123\":{\"icon\":\"none\",\"feature\":\"6\"},\"id_124\":{\"icon\":\"none\",\"feature\":\"8\"}}","hide_item":"false"},{"index":"10","position":"10","feature_name":"Server Resources","show_hint":"false","hint":"","product":"{\"id_121\":{\"icon\":\"none\",\"feature\":\"Basic\"},\"id_122\":{\"icon\":\"none\",\"feature\":\"Medium\"},\"id_123\":{\"icon\":\"none\",\"feature\":\"High\"},\"id_124\":{\"icon\":\"none\",\"feature\":\"High\"}}","hide_item":"false"},{"index":"11","position":"11","feature_name":"24\/7 Support","show_hint":"false","hint":"","product":"{\"id_121\":{\"icon\":\"absence\",\"feature\":\"\"},\"id_122\":{\"icon\":\"availability\",\"feature\":\"\"},\"id_123\":{\"icon\":\"availability\",\"feature\":\"\"},\"id_124\":{\"icon\":\"availability\",\"feature\":\"\"}}","hide_item":"false"},{"index":"12","position":"12","custom_classes":"","show_icon":"1","icon":"trusted-by-over-40.tpl","type":"category","category-title":"Security & Reliability","hide_item":"false"},{"index":"13","position":"13","feature_name":"DDoS Protection","show_hint":"false","hint":"","product":"{\"id_121\":{\"icon\":\"none\",\"feature\":\"Standard\"},\"id_122\":{\"icon\":\"none\",\"feature\":\"Enhanced\"},\"id_123\":{\"icon\":\"none\",\"feature\":\"Enhanced\"},\"id_124\":{\"icon\":\"none\",\"feature\":\"Unlimited\"}}","hide_item":"false"},{"index":"14","position":"14","feature_name":"Malware Detection","show_hint":"false","hint":"","product":"{\"id_121\":{\"icon\":\"absence\",\"feature\":\"\"},\"id_122\":{\"icon\":\"availability\",\"feature\":\"\"},\"id_123\":{\"icon\":\"availability\",\"feature\":\"\"},\"id_124\":{\"icon\":\"availability\",\"feature\":\"\"}}","hide_item":"false"},{"index":"15","position":"15","feature_name":"Malware Removal","show_hint":"false","hint":"","product":"{\"id_121\":{\"icon\":\"absence\",\"feature\":\"\"},\"id_122\":{\"icon\":\"absence\",\"feature\":\"\"},\"id_123\":{\"icon\":\"availability\",\"feature\":\"\"},\"id_124\":{\"icon\":\"availability\",\"feature\":\"\"}}","hide_item":"false"},{"index":"16","position":"16","feature_name":"Proactive Server Monitoring","show_hint":"false","hint":"","product":"{\"id_121\":{\"icon\":\"absence\",\"feature\":\"\"},\"id_122\":{\"icon\":\"availability\",\"feature\":\"\"},\"id_123\":{\"icon\":\"availability\",\"feature\":\"\"},\"id_124\":{\"icon\":\"availability\",\"feature\":\"\"}}","hide_item":"false"},{"index":"17","position":"17","feature_name":"Account Isolation","show_hint":"true","hint":"Account Isolation enhances security by ensuring that each hosting account operates independently. This prevents other users on the same server from affecting your account's performance and security.","product":"{\"id_121\":{\"icon\":\"availability\",\"feature\":\"\"},\"id_122\":{\"icon\":\"availability\",\"feature\":\"\"},\"id_123\":{\"icon\":\"availability\",\"feature\":\"\"},\"id_124\":{\"icon\":\"availability\",\"feature\":\"\"}}","hide_item":"false"},{"index":"18","position":"18","custom_classes":"","show_icon":"1","icon":"64-rocket-shield-server.tpl","type":"category","category-title":"Website Performance Features","hide_item":"false"},{"index":"19","position":"19","feature_name":"Memory per cPanel User","show_hint":"false","hint":"","product":"{\"id_121\":{\"icon\":\"none\",\"feature\":\"2 GB\"},\"id_122\":{\"icon\":\"none\",\"feature\":\"2 GB\"},\"id_123\":{\"icon\":\"none\",\"feature\":\"4 GB\"},\"id_124\":{\"icon\":\"none\",\"feature\":\"8 GB\"}}","hide_item":"false"},{"index":"20","position":"20","feature_name":"Cores per cPanel","show_hint":"false","hint":"","product":"{\"id_121\":{\"icon\":\"none\",\"feature\":\"1\"},\"id_122\":{\"icon\":\"none\",\"feature\":\"2\"},\"id_123\":{\"icon\":\"none\",\"feature\":\"4\"},\"id_124\":{\"icon\":\"none\",\"feature\":\"4\"}}","hide_item":"false"},{"index":"21","position":"21","feature_name":"HTTP\/3","show_hint":"false","hint":"","product":"{\"id_121\":{\"icon\":\"availability\",\"feature\":\"\"},\"id_122\":{\"icon\":\"availability\",\"feature\":\"\"},\"id_123\":{\"icon\":\"availability\",\"feature\":\"\"},\"id_124\":{\"icon\":\"availability\",\"feature\":\"\"}}","hide_item":"false"},{"index":"22","position":"22","feature_name":"Multiple Server Locations","show_hint":"false","hint":"","product":"{\"id_121\":{\"icon\":\"availability\",\"feature\":\"\"},\"id_122\":{\"icon\":\"availability\",\"feature\":\"\"},\"id_123\":{\"icon\":\"availability\",\"feature\":\"\"},\"id_124\":{\"icon\":\"availability\",\"feature\":\"\"}}","hide_item":"false"},{"index":"23","position":"23","feature_name":"Redis","show_hint":"false","hint":"","product":"{\"id_121\":{\"icon\":\"absence\",\"feature\":\"\"},\"id_122\":{\"icon\":\"availability\",\"feature\":\"\"},\"id_123\":{\"icon\":\"availability\",\"feature\":\"\"},\"id_124\":{\"icon\":\"availability\",\"feature\":\"\"}}","hide_item":"false"},{"index":"24","position":"24","feature_name":"GZIP Compression","show_hint":"false","hint":"","product":"{\"id_121\":{\"icon\":\"absence\",\"feature\":\"\"},\"id_122\":{\"icon\":\"availability\",\"feature\":\"\"},\"id_123\":{\"icon\":\"availability\",\"feature\":\"\"},\"id_124\":{\"icon\":\"availability\",\"feature\":\"\"}}","hide_item":"false"},{"index":"25","position":"25","feature_name":"CSS\/JS\/HTML Minification","show_hint":"false","hint":"","product":"{\"id_121\":{\"icon\":\"availability\",\"feature\":\"\"},\"id_122\":{\"icon\":\"availability\",\"feature\":\"\"},\"id_123\":{\"icon\":\"availability\",\"feature\":\"\"},\"id_124\":{\"icon\":\"availability\",\"feature\":\"\"}}","hide_item":"false"},{"index":"26","position":"26","custom_classes":"","show_icon":"1","icon":"64-browser-code.tpl","type":"category","category-title":"Developer Features","hide_item":"false"},{"index":"27","position":"27","feature_name":"MySQL Database","show_hint":"false","hint":"","product":"{\"id_121\":{\"icon\":\"none\",\"feature\":\"1\"},\"id_122\":{\"icon\":\"none\",\"feature\":\"Unlimited\"},\"id_123\":{\"icon\":\"none\",\"feature\":\"Unlimited\"},\"id_124\":{\"icon\":\"none\",\"feature\":\"Unlimited\"}}","hide_item":"false"},{"index":"28","position":"28","feature_name":"FTP Accounts","show_hint":"false","hint":"","product":"{\"id_121\":{\"icon\":\"none\",\"feature\":\"2\"},\"id_122\":{\"icon\":\"none\",\"feature\":\"Unlimited\"},\"id_123\":{\"icon\":\"none\",\"feature\":\"Unlimited\"},\"id_124\":{\"icon\":\"none\",\"feature\":\"Unlimited\"}}","hide_item":"false"},{"index":"29","position":"29","feature_name":"PHP Selector","show_hint":"false","hint":"","product":"{\"id_121\":{\"icon\":\"absence\",\"feature\":\"\"},\"id_122\":{\"icon\":\"availability\",\"feature\":\"\"},\"id_123\":{\"icon\":\"availability\",\"feature\":\"\"},\"id_124\":{\"icon\":\"availability\",\"feature\":\"\"}}","hide_item":"false"},{"index":"30","position":"30","feature_name":"Application Autoupdates","show_hint":"false","hint":"","product":"{\"id_121\":{\"icon\":\"availability\",\"feature\":\"\"},\"id_122\":{\"icon\":\"availability\",\"feature\":\"\"},\"id_123\":{\"icon\":\"availability\",\"feature\":\"\"},\"id_124\":{\"icon\":\"availability\",\"feature\":\"\"}}","hide_item":"false"},{"index":"31","position":"31","feature_name":"SSH and SFTP Access","show_hint":"false","hint":"","product":"{\"id_121\":{\"icon\":\"availability\",\"feature\":\"\"},\"id_122\":{\"icon\":\"availability\",\"feature\":\"\"},\"id_123\":{\"icon\":\"availability\",\"feature\":\"\"},\"id_124\":{\"icon\":\"availability\",\"feature\":\"\"}}","hide_item":"false"},{"index":"32","position":"32","feature_name":"Custom Cron Jobs","show_hint":"false","hint":"","product":"{\"id_121\":{\"icon\":\"absence\",\"feature\":\"\"},\"id_122\":{\"icon\":\"availability\",\"feature\":\"\"},\"id_123\":{\"icon\":\"availability\",\"feature\":\"\"},\"id_124\":{\"icon\":\"availability\",\"feature\":\"\"}}","hide_item":"false"}]}}}},"style":"boxed","type":"collapsible","hide_starting_from":"0","disable_sticky_header":"0","display_billing_cycle":"1","billing_cycle":"monthly,annually,biennially,triennially","reverse_billing_cycle_order":"0","cols_desktop":"4","cols_tab_h":"4","cols_tab_v":"2","buttons":"","combined":"0","overlay":"0","section_anchor":"product-comparison","custom_class":"","tabs_style":"default"},"created_at":"2024-06-28T09:12:08.000000Z","updated_at":"2024-07-04T07:59:22.000000Z"}]}