{"id":858,"type":{"default_type":false,"name":"Predefined Section","slug":"predefined-section","fields":[{"type":"sections","name":"predefined_section","label":"Choose predefined section"}],"template":"\/var\/www\/html\/templates\/lagom2\/core\/cms\/sections\/config\/predefined-section\/predefined-section.tpl","cache":true},"page_id":179,"visibility":1,"theme":"default","order":2,"created_at":"2024-12-25T11:58:58.000000Z","updated_at":"2024-12-25T11:58:58.000000Z","lang":{"english":{"id":880,"translation":{"predefined_section":"27"}}},"translations":[{"id":880,"section_id":858,"lang":"english","values":{"predefined_section":"27"},"created_at":"2024-12-25T11:58:58.000000Z","updated_at":"2024-12-25T11:58:58.000000Z"}]}