{"id":320,"type":{"default_type":true,"name":"Banner","slug":"banner","fields":[{"type":"subsection","name":"subsection","label":"Banner Description","collapse":false},{"type":"text","name":"caption","label":"Caption","placeholder":"Enter caption...","tooltip":"Provide a brief section caption to appear above the main title in a smaller font. You can skip this if you don`t wish to display this element.","tooltip_url":"https:\/\/lagom.rsstudio.net\/docs\/website-builder\/section-banner-default\/#banner-description"},{"type":"text","name":"title","label":"Title","placeholder":"Enter title...","tooltip":"Elevate page clarity and visual hierarchy using section titles. Optionally skip for not displaying this element.","tooltip_url":"https:\/\/lagom.rsstudio.net\/docs\/website-builder\/section-banner-default\/#banner-description"},{"type":"text-editor","name":"subtitle","label":"Subtitle","placeholder":"Enter subtitle...","tooltip":"Add concise text to clarify section content, enhancing context and user understanding. You can skip this if you don`t wish to display this element.","tooltip_url":"https:\/\/lagom.rsstudio.net\/docs\/website-builder\/section-banner-default\/#banner-description"},{"type":"subsection","name":"subsection","label":"Banner Actions","collapse":false},{"type":"buttons","name":"buttons","label":"Buttons","tooltip":"Create and assign custom buttons to this section with ease. Boost user engagement and enhance website conversion with effective call-to-action buttons.","tooltip_url":"https:\/\/lagom.rsstudio.net\/docs\/website-builder\/section-common-settings\/#button-manager"},{"type":"checkbox","name":"show_product_pricing","label":"Display starting price of selected product\/product group","label_attributes":[{"name":"toggle","value":"lu-collapse"},{"name":"target","value":"#show_product_pricing"}],"tooltip":" When you activate this option, an additional field with products and product groups will appear. This field showcases the \"starting price\" derived from the chosen option.","tooltip_url":"https:\/\/lagom.rsstudio.net\/docs\/website-builder\/section-banner-default\/#banner-actions"},{"type":"select","name":"product_group_pricing","container_id":"show_product_pricing","container_collapse":true,"container_collapse_target":"show_product_pricing"},{"type":"subsection","name":"subsection","label":"Banner Background","collapse":false},{"type":"select","name":"type","label":"Background type","options":[{"name":"Type 1 - Default Lagom banner with predefined illustration","value":"type-1"},{"name":"Type 2 - Left aligned text, with custom graphics on the right column","value":"type-2"},{"name":"Type 3 - Left aligned text, with custom graphics filling full background","value":"type-3"},{"name":"Type 4 - Center aligned text, with custom graphic filling full background","value":"type-4"},{"name":"Type 5 - Center aligned text, with custom graphic filling bottom background","value":"type-5"},{"name":"Type 6 - Center aligned text, with no graphic","value":"type-6"}],"tooltip":"Select a background type from the dropdown menu. This choice also influences the layout of banner content.","tooltip_url":"https:\/\/lagom.rsstudio.net\/docs\/website-builder\/section-banner-default\/#banner-background"},{"type":"graphic","name":"graphic","label":"Background graphic","tooltip":"Personalize your banner by selecting the background graphics that will be prominently showcased.","tooltip_url":"https:\/\/lagom.rsstudio.net\/docs\/website-builder\/section-banner-default\/#banner-background"},{"type":"subsection","name":"subsection","label":"Advanced Section Settings","collapse":true},{"type":"checkbox","name":"combined","label":"Combine this section with section below","attributes":[{"name":"uncheck-switcher","value":["overlay"]}],"tooltip":"Eliminate bottom padding and borders from this section, allowing the fusion of these two sections. It`s recommended to apply identical \"Section Style\" in the \"Section Panel\" for seamless integration.","tooltip_url":"https:\/\/lagom.rsstudio.net\/docs\/website-builder\/section-common-settings\/#combine-sections"},{"type":"checkbox","name":"overlay","label":"Overlay section below on this section","attributes":[{"name":"uncheck-switcher","value":["combined"]}],"tooltip":"This configuration pulls the section below over the currently managed section while adding an extra 200px padding at the bottom. You can adjust the pixel value by customizing the <b>--cms-section-overlay-margin<\/b> CSS variable through custom CSS rules.","tooltip_url":"https:\/\/lagom.rsstudio.net\/docs\/website-builder\/section-common-settings\/#overlay-sections"},{"type":"checkbox","name":"disable_background_shape","label":"Disable background shape for \"Predefined Lagom Illustration\"","tooltip":"Eliminates the background shape from the predefined Lagom illustrations.","tooltip_url":"https:\/\/lagom.rsstudio.net\/docs\/website-builder\/section-common-settings\/#overlay-sections"},{"type":"checkbox","name":"enable_timer","label":"Enable Timer","label_attributes":[{"name":"toggle","value":"lu-collapse"},{"name":"target","value":"#enable_timer_style, #enable_timer_display, #enable_timer_startdate, #enable_timer_enddate, #enable_timer_type, #enable_timer_actionafter"},{"name":"overriding","value":"enable_timer"}],"tooltip":"","tooltip_url":"https:\/\/lagom.rsstudio.net\/docs\/website-builder\/section-banner-default\/"},{"type":"select","name":"timer_style","label":"Timer Style","container_id":"enable_timer_style","container_collapse":true,"container_collapse_target":"enable_timer","container_class":"col-sm-6","options":[{"name":"Default","value":"default"},{"name":"Bordered","value":"bordered"},{"name":"Boxed","value":"boxed"},{"name":"Separated","value":"separated"}],"tooltip":"","tooltip_url":""},{"type":"select","name":"time_display","label":"Time Display","container_id":"enable_timer_display","container_collapse":true,"container_collapse_target":"enable_timer","container_class":"col-sm-6","options":[{"name":"Custom Settings","value":"custom"},{"name":"Synchronized with Promotion Display Time","value":"synchronized"}],"attributes":[{"name":"toggle","value":"select-collapse"},{"name":"overriding","value":"enable_timer"},{"name":"target","value":"#enable_timer_startdate, #enable_timer_enddate, #enable_timer_type, #enable_timer_actionafter"},{"name":"show","value":"custom"},{"name":"hide","value":"synchronized"}],"tooltip":"","tooltip_url":""},{"type":"date","name":"start_date","label":"Start Date","container_id":"enable_timer_startdate","container_collapse":true,"container_collapse_target":"enable_timer","container_class":"col-sm-3","tooltip":"","tooltip_url":""},{"type":"date","name":"end_date","label":"End Date","container_id":"enable_timer_enddate","container_collapse":true,"container_collapse_target":"enable_timer","container_class":"col-sm-3","tooltip":"","tooltip_url":""},{"type":"select","name":"countdown_type","label":"Countdown Type","container_id":"enable_timer_type","container_collapse":true,"container_collapse_target":"enable_timer","container_class":"col-sm-3","options":[{"name":"Restart Every 24 Hours","value":"restart"},{"name":"Synchronized with End Date","value":"synchronized"}],"tooltip":"","tooltip_url":""},{"type":"select","name":"action_after","label":"Action After End Date","container_id":"enable_timer_actionafter","container_collapse":true,"container_collapse_target":"enable_timer","container_class":"col-sm-3","options":[{"name":"Hide Timer","value":"hide"},{"name":"Display 00:00:00:00","value":"display_zero"}],"tooltip":"","tooltip_url":""},{"type":"text","name":"section_anchor","label":"Section anchor","placeholder":"Enter anchor...","tooltip":"Assign special names to section anchors. This makes it easy to guide people to specific parts of the page when you share links","tooltip_url":"https:\/\/lagom.rsstudio.net\/docs\/website-builder\/section-common-settings\/#overlay-sections"},{"type":"text","name":"custom_class","label":"Section custom class","placeholder":"Enter class...","tooltip":"This setting allows you to assign custom classes to the section container. You can input your own CSS class here and then apply the necessary styling in the <b>theme-custom.css<\/b> file.","tooltip_url":"https:\/\/lagom.rsstudio.net\/docs\/website-builder\/section-common-settings\/#overlay-sections"}],"template":"\/var\/www\/templates\/lagom2\/core\/cms\/sections\/config\/banner\/banner.tpl","cache":true,"thumb":"thumb.png"},"page_id":101,"visibility":1,"theme":"default","stype":"","order":3,"created_at":"2023-05-12T13:39:57.000000Z","updated_at":"2023-05-12T13:39:57.000000Z","lang":{"english":{"id":323,"translation":{"caption":"Banner Default - Type 3","title":"Banner with graphic shown as background","subtitle":"                                                                                                                                                                                                                                                                                                &lt;span style=&quot;white-space: pre-wrap;&quot;&gt;Banner with left aligned content. This banner has been designed for background graphics, which display main element on the right side.&lt;\/span&gt;\r\n            \r\n            \r\n            \r\n            \r\n            ","buttons":[{"index":"1","position":"1","custom_classes":"","show_icon":"0","link_type":"custom-url","custom_url":"","style":"solid","size":"extra-large","type":"primary","text":"Get Started Now","target_blank":"0","url":""}],"show_product_pricing":"1","product_group_pricing":"1","type":"type-3","graphic":{"type":"media","graphic":"banner-3-photo-lg-right.png"},"combined":"0","overlay":"0","disable_background_shape":"0","enable_timer":"0","timer_style":"default","time_display":"custom","start_date":"","end_date":"","countdown_type":"restart","action_after":"hide","section_anchor":"","custom_class":""}}},"translations":[{"id":323,"section_id":320,"lang":"english","values":{"caption":"Banner Default - Type 3","title":"Banner with graphic shown as background","subtitle":"                                                                                                                                                                                                                                                                                                &lt;span style=&quot;white-space: pre-wrap;&quot;&gt;Banner with left aligned content. This banner has been designed for background graphics, which display main element on the right side.&lt;\/span&gt;\r\n            \r\n            \r\n            \r\n            \r\n            ","buttons":[{"index":"1","position":"1","custom_classes":"","show_icon":"0","link_type":"custom-url","custom_url":"","style":"solid","size":"extra-large","type":"primary","text":"Get Started Now","target_blank":"0"}],"show_product_pricing":"1","product_group_pricing":"1","type":"type-3","graphic":{"type":"media","graphic":"banner-3-photo-lg-right.png"},"combined":"0","overlay":"0","disable_background_shape":"0","enable_timer":"0","timer_style":"default","time_display":"custom","start_date":"","end_date":"","countdown_type":"restart","action_after":"hide","section_anchor":"","custom_class":""},"created_at":"2023-05-12T13:39:57.000000Z","updated_at":"2024-10-22T08:22:32.000000Z"}]}