[{"id":267,"custom_page":1,"type":"promo","slug":"","url":"promotion-new-year-sale","name":"New Year&#039;s Sale - Layout Main (soon)","display_type":"website","list_display":1,"seo_enabled":0,"seo_robots":0,"seo_title":null,"seo_description":null,"seo_image":null,"settings":{"published":"1","body_class":"","promo":{"promotionDisplayTimeEnabled":"0","promotionStartDate":"","promotionEndDate":"","promotionEndDateAction":"whmcs_page","promotionEndDateActionWhmcs":"whmcsgroup-27","promotionEndDateActionCustom":"","promotionTheme":"default","promotionNavType":"website"}},"created_at":"2024-10-21T15:42:03.000000Z","updated_at":"2024-10-21T16:05:19.000000Z"}]