{"id":5,"type":{"default_type":false,"name":"Predefined Section","slug":"predefined-section","fields":[{"type":"sections","name":"predefined_section","label":"Choose predefined section"}],"template":"\/var\/www\/html\/templates\/lagom2\/core\/cms\/sections\/config\/predefined-section\/predefined-section.tpl","cache":true},"page_id":90,"visibility":1,"theme":"default","order":12,"created_at":"2023-08-27T15:30:20.000000Z","updated_at":"2023-08-27T15:57:44.000000Z","lang":{"english":{"id":5,"translation":{"predefined_section":"23"}}},"translations":[{"id":5,"section_id":5,"lang":"english","values":{"predefined_section":"23"},"created_at":"2023-08-27T15:30:20.000000Z","updated_at":"2023-08-27T15:30:20.000000Z"}]}