[{"id":256,"custom_page":1,"type":"promo","slug":"05495658c7b667d1dd4aace82c81c141","url":"promotion-default","name":"Default Promotion - Layout Main","display_type":"website","list_display":1,"seo_enabled":0,"seo_robots":0,"seo_title":null,"seo_description":null,"seo_image":null,"settings":{"published":"1","body_class":"","promo":{"promotionDisplayTimeEnabled":"0","promotionStartDate":"","promotionEndDate":"","promotionEndDateAction":"expired_sections","promotionEndDateActionWhmcs":"whmcsgroup-27","promotionEndDateActionCustom":"","promotionTheme":"default","promotionNavType":"Only Logo"}},"created_at":"2024-10-21T11:40:33.000000Z","updated_at":"2024-11-21T08:55:33.000000Z"}]