{"id":463,"type":{"default_type":false,"name":"Predefined Section","slug":"predefined-section","fields":[{"type":"sections","name":"predefined_section","label":"Choose predefined section"}],"template":"\/var\/www\/templates\/lagom2\/core\/cms\/sections\/config\/predefined-section\/predefined-section.tpl","cache":true},"page_id":141,"visibility":1,"theme":"default","order":13,"created_at":"2023-05-27T11:24:51.000000Z","updated_at":"2023-07-22T07:48:27.000000Z","lang":{"english":{"id":466,"translation":{"predefined_section":"3"}}},"translations":[{"id":466,"section_id":463,"lang":"english","values":{"predefined_section":"3"},"created_at":"2023-05-27T11:24:51.000000Z","updated_at":"2023-05-27T11:24:51.000000Z"}]}