{"id":461,"type":{"default_type":false,"name":"Predefined Section","slug":"predefined-section","fields":[{"type":"sections","name":"predefined_section","label":"Choose predefined section"}],"template":"\/var\/www\/templates\/lagom2\/core\/cms\/sections\/config\/predefined-section\/predefined-section.tpl","cache":true},"page_id":141,"visibility":1,"theme":"gray","order":9,"created_at":"2023-05-27T11:24:51.000000Z","updated_at":"2023-07-22T16:49:05.000000Z","lang":{"english":{"id":464,"translation":{"predefined_section":"2"}}},"translations":[{"id":464,"section_id":461,"lang":"english","values":{"predefined_section":"2"},"created_at":"2023-05-27T11:24:51.000000Z","updated_at":"2023-05-27T11:24:51.000000Z"}]}