{"id":462,"type":{"default_type":false,"name":"Predefined Section","slug":"predefined-section","fields":[{"type":"sections","name":"predefined_section","label":"Choose predefined section"}],"template":"\/var\/www\/templates\/lagom2\/core\/cms\/sections\/config\/predefined-section\/predefined-section.tpl","cache":true},"page_id":141,"visibility":1,"theme":"default","order":12,"created_at":"2023-05-27T11:24:51.000000Z","updated_at":"2023-07-22T07:48:27.000000Z","lang":{"english":{"id":465,"translation":{"predefined_section":"4"}}},"translations":[{"id":465,"section_id":462,"lang":"english","values":{"predefined_section":"4"},"created_at":"2023-05-27T11:24:51.000000Z","updated_at":"2023-05-27T11:24:51.000000Z"}]}