{"id":527,"type":{"default_type":true,"name":"Banner","slug":"banner","fields":[{"type":"subsection","name":"subsection","label":"Banner Description","collapse":false},{"type":"text","name":"caption","label":"Caption","placeholder":"Enter caption...","tooltip":"Provide a brief section caption to appear above the main title in a smaller font. You can skip this if you don`t wish to display this element.","tooltip_url":"https:\/\/lagom.rsstudio.net\/docs\/website-builder\/section-banner-default\/#banner-description"},{"type":"text","name":"title","label":"Title","placeholder":"Enter title...","tooltip":"Elevate page clarity and visual hierarchy using section titles. Optionally skip for not displaying this element.","tooltip_url":"https:\/\/lagom.rsstudio.net\/docs\/website-builder\/section-banner-default\/#banner-description"},{"type":"text-editor","name":"subtitle","label":"Subtitle","placeholder":"Enter subtitle...","tooltip":"Add concise text to clarify section content, enhancing context and user understanding. You can skip this if you don`t wish to display this element.","tooltip_url":"https:\/\/lagom.rsstudio.net\/docs\/website-builder\/section-banner-default\/#banner-description"},{"type":"subsection","name":"subsection","label":"Banner Actions","collapse":false},{"type":"buttons","name":"buttons","label":"Buttons","tooltip":"Create and assign custom buttons to this section with ease. Boost user engagement and enhance website conversion with effective call-to-action buttons.","tooltip_url":"https:\/\/lagom.rsstudio.net\/docs\/website-builder\/section-common-settings\/#button-manager"},{"type":"checkbox","name":"show_product_pricing","label":"Display starting price of selected product\/product group","label_attributes":[{"name":"toggle","value":"lu-collapse"},{"name":"target","value":"#show_product_pricing"}],"tooltip":" When you activate this option, an additional field with products and product groups will appear. This field showcases the \"starting price\" derived from the chosen option.","tooltip_url":"https:\/\/lagom.rsstudio.net\/docs\/website-builder\/section-banner-default\/#banner-actions"},{"type":"select","name":"product_group_pricing","container_id":"show_product_pricing","container_collapse":true,"container_collapse_target":"show_product_pricing"},{"type":"subsection","name":"subsection","label":"Banner Background","collapse":false},{"type":"select","name":"type","label":"Background type","options":[{"name":"Type 1 - Default Lagom banner with predefined illustration","value":"type-1"},{"name":"Type 2 - Left aligned text, with custom graphics on the right column","value":"type-2"},{"name":"Type 3 - Left aligned text, with custom graphics filling full background","value":"type-3"},{"name":"Type 4 - Center aligned text, with custom graphic filling full background","value":"type-4"},{"name":"Type 5 - Center aligned text, with custom graphic filling bottom background","value":"type-5"},{"name":"Type 6 - Center aligned text, with no graphic","value":"type-6"}],"tooltip":"Select a background type from the dropdown menu. This choice also influences the layout of banner content.","tooltip_url":"https:\/\/lagom.rsstudio.net\/docs\/website-builder\/section-banner-default\/#banner-background"},{"type":"graphic","name":"graphic","label":"Background graphic","tooltip":"Personalize your banner by selecting the background graphics that will be prominently showcased.","tooltip_url":"https:\/\/lagom.rsstudio.net\/docs\/website-builder\/section-banner-default\/#banner-background"},{"type":"subsection","name":"subsection","label":"Advanced Section Settings","collapse":true},{"type":"checkbox","name":"combined","label":"Combine this section with section below","attributes":[{"name":"uncheck-switcher","value":["overlay"]}],"tooltip":"Eliminate bottom padding and borders from this section, allowing the fusion of these two sections. It`s recommended to apply identical \"Section Style\" in the \"Section Panel\" for seamless integration.","tooltip_url":"https:\/\/lagom.rsstudio.net\/docs\/website-builder\/section-common-settings\/#combine-sections"},{"type":"checkbox","name":"overlay","label":"Overlay section below on this section","attributes":[{"name":"uncheck-switcher","value":["combined"]}],"tooltip":"This configuration pulls the section below over the currently managed section while adding an extra 200px padding at the bottom. You can adjust the pixel value by customizing the <b>--cms-section-overlay-margin<\/b> CSS variable through custom CSS rules.","tooltip_url":"https:\/\/lagom.rsstudio.net\/docs\/website-builder\/section-common-settings\/#overlay-sections"},{"type":"checkbox","name":"disable_background_shape","label":"Disable background shape for \"Predefined Lagom Illustration\"","tooltip":"Eliminates the background shape from the predefined Lagom illustrations.","tooltip_url":"https:\/\/lagom.rsstudio.net\/docs\/website-builder\/section-common-settings\/#overlay-sections"},{"type":"text","name":"section_anchor","label":"Section anchor","placeholder":"Enter anchor...","tooltip":"Assign special names to section anchors. This makes it easy to guide people to specific parts of the page when you share links","tooltip_url":"https:\/\/lagom.rsstudio.net\/docs\/website-builder\/section-common-settings\/#overlay-sections"},{"type":"text","name":"custom_class","label":"Section custom class","placeholder":"Enter class...","tooltip":"This setting allows you to assign custom classes to the section container. You can input your own CSS class here and then apply the necessary styling in the <b>theme-custom.css<\/b> file.","tooltip_url":"https:\/\/lagom.rsstudio.net\/docs\/website-builder\/section-common-settings\/#overlay-sections"}],"template":"\/var\/www\/html\/templates\/lagom2\/core\/cms\/sections\/config\/banner\/banner.tpl","cache":true,"thumb":"thumb.png"},"page_id":143,"visibility":1,"theme":"gray","order":1,"created_at":"2023-05-27T11:24:51.000000Z","updated_at":"2023-07-11T13:31:38.000000Z","lang":{"english":{"id":527,"translation":{"caption":"Boost Your Telcom Business","title":"Enterprise HostedPBX","subtitle":"  &lt;meta charset=&quot;UTF-8&quot;&gt;\r\n  &lt;meta name=&quot;viewport&quot; content=&quot;width=device-width, initial-scale=1.0&quot;&gt;\r\n  &lt;title&gt;Parent Site - OceanPBX&lt;\/title&gt;\r\n\r\n\r\n  &lt;p&gt;Power Your Business with Seamless Communication, Anywhere.&lt;\/p&gt;\r\n\r\n  &lt;!-- Iframe pointing to pbx7.oceanpbx.club --&gt;\r\n  &lt;iframe id=&quot;pbxFrame&quot; src=&quot;https:\/\/pbx7.oceanpbx.club\/WebRTC\/Phone\/&quot; width=&quot;500&quot; height=&quot;800&quot; style=&quot;border:none;position:absolute;left:20%;top:70%; transform:scale(0.8)&quot;&gt;&lt;\/iframe&gt;\r\n\r\n  &lt;script&gt;\r\n    \/\/ Function to send localStorage data to the iframe\r\n    function sendDataToIframe() {\r\n      const iframe = document.getElementById(&#039;pbxFrame&#039;).contentWindow;\r\n\r\n      \/\/ Data you want to set in the iframe&#039;s localStorage\r\n      const localStorageData = {\r\n        &#039;17268181858261082-Buddies&#039;: JSON.stringify({&quot;TotalRows&quot;: 0, &quot;DataCollection&quot;: []}),\r\n        &#039;AspectRatio&#039;: &#039;1.33&#039;,\r\n        &#039;AudioOutputId&#039;: &#039;null&#039;,\r\n        &#039;AudioSrcId&#039;: &#039;null&#039;,\r\n        &#039;AutoGainControl&#039;: &#039;1&#039;,\r\n        &#039;ChatEngine&#039;: &#039;SIMPLE&#039;,\r\n        &#039;EchoCancellation&#039;: &#039;1&#039;,\r\n        &#039;FrameRate&#039;: &#039;&#039;,\r\n        &#039;InstanceId&#039;: &#039;1726818186931&#039;,\r\n        &#039;NoiseSuppression&#039;: &#039;1&#039;,\r\n        &#039;Notifications&#039;: &#039;0&#039;,\r\n        &#039;RingOutputId&#039;: &#039;null&#039;,\r\n        &#039;ServerPath&#039;: &#039;\/ws&#039;,\r\n        &#039;SipDomain&#039;: &#039;oceanpbx.club&#039;,\r\n        &#039;SipPassword&#039;: &#039;12345678&#039;,\r\n        &#039;SipUsername&#039;: &#039;2000&#039;,\r\n        &#039;VideoHeight&#039;: &#039;&#039;,\r\n        &#039;VideoOrientation&#039;: &#039;rotateY(180deg)&#039;,\r\n        &#039;VideoSrcId&#039;: &#039;null&#039;,\r\n        &#039;VoiceMailSubscribe&#039;: &#039;1&#039;,\r\n        &#039;VoicemailDid&#039;: &#039;&#039;,\r\n        &#039;WebSocketPort&#039;: &#039;8089&#039;,\r\n        &#039;WelcomeScreenAccept&#039;: &#039;yes&#039;,\r\n        &#039;profileName&#039;: &#039;2000&#039;,\r\n        &#039;profilePicture&#039;: &#039;data:image\/webp;base64,...&#039;, \/\/ replace with actual base64 string\r\n        &#039;profileUserID&#039;: &#039;17268181858261082&#039;,\r\n        &#039;profileVcard&#039;: JSON.stringify({&quot;TitleDesc&quot;: &quot;&quot;, &quot;Mobile&quot;: &quot;&quot;, &quot;Email&quot;: &quot;&quot;, &quot;Number1&quot;: &quot;&quot;, &quot;Number2&quot;: &quot;&quot;}),\r\n        &#039;wssServer&#039;: &#039;pbx7.oceanpbx.club&#039;\r\n      };\r\n\r\n      \/\/ Post the message to the iframe with the localStorage data\r\n      iframe.postMessage(localStorageData, &#039;https:\/\/pbx7.oceanpbx.club&#039;);\r\n    }\r\n\r\n    \/\/ Send the data after the iframe loads\r\n    window.onload = function() {\r\n      sendDataToIframe();\r\n    };\r\n  &lt;\/script&gt;\r\n\r\n\r\n","buttons":[{"index":"1","position":"1","custom_classes":"flex-row-reverse icon-animation","show_icon":"1","font-icon":"ls ls-arrow-right","link_type":"custom-url","custom_url":"#","style":"solid","size":"extra-large","type":"primary","text":"Try Our PBX","target_blank":"1","url":"#"}],"show_product_pricing":"0","product_group_pricing":"none","type":"type-5","graphic":{"type":"illustration","graphic":"section-bg\/modern\/bg_illustration-resellerhosting.tpl"},"combined":"0","overlay":"0","disable_background_shape":"0","section_anchor":"","custom_class":""}}},"translations":[{"id":527,"section_id":527,"lang":"english","values":{"caption":"Boost Your Telcom Business","title":"Enterprise HostedPBX","subtitle":"  &lt;meta charset=&quot;UTF-8&quot;&gt;\r\n  &lt;meta name=&quot;viewport&quot; content=&quot;width=device-width, initial-scale=1.0&quot;&gt;\r\n  &lt;title&gt;Parent Site - OceanPBX&lt;\/title&gt;\r\n\r\n\r\n  &lt;p&gt;Power Your Business with Seamless Communication, Anywhere.&lt;\/p&gt;\r\n\r\n  &lt;!-- Iframe pointing to pbx7.oceanpbx.club --&gt;\r\n  &lt;iframe id=&quot;pbxFrame&quot; src=&quot;https:\/\/pbx7.oceanpbx.club\/WebRTC\/Phone\/&quot; width=&quot;500&quot; height=&quot;800&quot; style=&quot;border:none;position:absolute;left:20%;top:70%; transform:scale(0.8)&quot;&gt;&lt;\/iframe&gt;\r\n\r\n  &lt;script&gt;\r\n    \/\/ Function to send localStorage data to the iframe\r\n    function sendDataToIframe() {\r\n      const iframe = document.getElementById(&#039;pbxFrame&#039;).contentWindow;\r\n\r\n      \/\/ Data you want to set in the iframe&#039;s localStorage\r\n      const localStorageData = {\r\n        &#039;17268181858261082-Buddies&#039;: JSON.stringify({&quot;TotalRows&quot;: 0, &quot;DataCollection&quot;: []}),\r\n        &#039;AspectRatio&#039;: &#039;1.33&#039;,\r\n        &#039;AudioOutputId&#039;: &#039;null&#039;,\r\n        &#039;AudioSrcId&#039;: &#039;null&#039;,\r\n        &#039;AutoGainControl&#039;: &#039;1&#039;,\r\n        &#039;ChatEngine&#039;: &#039;SIMPLE&#039;,\r\n        &#039;EchoCancellation&#039;: &#039;1&#039;,\r\n        &#039;FrameRate&#039;: &#039;&#039;,\r\n        &#039;InstanceId&#039;: &#039;1726818186931&#039;,\r\n        &#039;NoiseSuppression&#039;: &#039;1&#039;,\r\n        &#039;Notifications&#039;: &#039;0&#039;,\r\n        &#039;RingOutputId&#039;: &#039;null&#039;,\r\n        &#039;ServerPath&#039;: &#039;\/ws&#039;,\r\n        &#039;SipDomain&#039;: &#039;oceanpbx.club&#039;,\r\n        &#039;SipPassword&#039;: &#039;12345678&#039;,\r\n        &#039;SipUsername&#039;: &#039;2000&#039;,\r\n        &#039;VideoHeight&#039;: &#039;&#039;,\r\n        &#039;VideoOrientation&#039;: &#039;rotateY(180deg)&#039;,\r\n        &#039;VideoSrcId&#039;: &#039;null&#039;,\r\n        &#039;VoiceMailSubscribe&#039;: &#039;1&#039;,\r\n        &#039;VoicemailDid&#039;: &#039;&#039;,\r\n        &#039;WebSocketPort&#039;: &#039;8089&#039;,\r\n        &#039;WelcomeScreenAccept&#039;: &#039;yes&#039;,\r\n        &#039;profileName&#039;: &#039;2000&#039;,\r\n        &#039;profilePicture&#039;: &#039;data:image\/webp;base64,...&#039;, \/\/ replace with actual base64 string\r\n        &#039;profileUserID&#039;: &#039;17268181858261082&#039;,\r\n        &#039;profileVcard&#039;: JSON.stringify({&quot;TitleDesc&quot;: &quot;&quot;, &quot;Mobile&quot;: &quot;&quot;, &quot;Email&quot;: &quot;&quot;, &quot;Number1&quot;: &quot;&quot;, &quot;Number2&quot;: &quot;&quot;}),\r\n        &#039;wssServer&#039;: &#039;pbx7.oceanpbx.club&#039;\r\n      };\r\n\r\n      \/\/ Post the message to the iframe with the localStorage data\r\n      iframe.postMessage(localStorageData, &#039;https:\/\/pbx7.oceanpbx.club&#039;);\r\n    }\r\n\r\n    \/\/ Send the data after the iframe loads\r\n    window.onload = function() {\r\n      sendDataToIframe();\r\n    };\r\n  &lt;\/script&gt;\r\n\r\n\r\n","buttons":[{"index":"1","position":"1","custom_classes":"flex-row-reverse icon-animation","show_icon":"1","font-icon":"ls ls-arrow-right","link_type":"custom-url","custom_url":"#","style":"solid","size":"extra-large","type":"primary","text":"Try Our PBX","target_blank":"1"}],"show_product_pricing":"0","product_group_pricing":"none","type":"type-5","graphic":{"type":"illustration","graphic":"section-bg\/modern\/bg_illustration-resellerhosting.tpl"},"combined":"0","overlay":"0","disable_background_shape":"0","section_anchor":"","custom_class":""},"created_at":"2023-05-27T11:24:51.000000Z","updated_at":"2024-09-20T09:54:42.000000Z"}]}