{"id":1810,"type":{"default_type":true,"name":"Promotion Manager","slug":"banner-promotion-manager","fields":[{"type":"subsection","name":"subsection","label":"Promotion Slides","collapse":false},{"type":"promotion-manager","name":"slides","label":"Slides","tooltip":"","tooltip_url":"https:\/\/lagom.rsstudio.net\/docs\/website-builder\/"},{"type":"subsection","name":"subsection","label":"Advanced Section Settings","collapse":true},{"type":"checkbox","name":"combined","label":"Combine this section with section below","attributes":[{"name":"uncheck-switcher","value":["overlay"]}],"tooltip":"Eliminate bottom padding and borders from this section, allowing the fusion of these two sections. It`s recommended to apply identical \"Section Style\" in the \"Section Panel\" for seamless integration.","tooltip_url":"https:\/\/lagom.rsstudio.net\/docs\/website-builder\/section-common-settings\/#combine-sections"},{"type":"checkbox","name":"overlay","label":"Overlay section below on this section","attributes":[{"name":"uncheck-switcher","value":["combined"]}],"tooltip":"This configuration pulls the section below over the currently managed section while adding an extra 200px padding at the bottom. You can adjust the pixel value by customizing the <b>--cms-section-overlay-margin<\/b> CSS variable through custom CSS rules.","tooltip_url":"https:\/\/lagom.rsstudio.net\/docs\/website-builder\/section-common-settings\/#overlay-sections"},{"type":"checkbox","name":"disable_background_shape","label":"Disable background shape for \"Predefined Lagom Illustration\"","tooltip":"Eliminates the background shape from the predefined Lagom illustrations.","tooltip_url":"https:\/\/lagom.rsstudio.net\/docs\/website-builder\/section-common-settings\/#overlay-sections"},{"type":"text","name":"section_anchor","label":"Section anchor","placeholder":"Enter anchor...","tooltip":"Assign special names to section anchors. This makes it easy to guide people to specific parts of the page when you share links","tooltip_url":"https:\/\/lagom.rsstudio.net\/docs\/website-builder\/section-common-settings\/#overlay-sections"},{"type":"text","name":"custom_class","label":"Section custom class","placeholder":"Enter class...","tooltip":"This setting allows you to assign custom classes to the section container. You can input your own CSS class here and then apply the necessary styling in the <b>theme-custom.css<\/b> file.","tooltip_url":"https:\/\/lagom.rsstudio.net\/docs\/website-builder\/section-common-settings\/#overlay-sections"}],"template":"\/var\/www\/templates\/lagom2\/core\/cms\/sections\/config\/banner-promotion-manager\/banner-promotion-manager.tpl","cache":true,"thumb":"thumb.png"},"page_id":288,"visibility":0,"theme":"gray","stype":"","order":1,"created_at":"2024-11-19T13:15:20.000000Z","updated_at":"2024-11-22T12:26:39.000000Z","lang":{"english":{"id":1817,"translation":{"slides":[{"index":"1","position":"2","title":"SSL","description":"SSL Certificates - Secure your site and add trust undefinedamp; confidence for your visitors","slide_id":"1"},{"index":"2","position":"3","title":"360 Monitoring","description":"Website undefinedamp; Server Monitoring - Monitor your Websites undefinedamp; Servers with ease","slide_id":"12"},{"index":"3","position":"4","title":"CodeGuard","description":"CodeGuard Website Backup - Get peace-of-mind that your website is backed up.","slide_id":"5"},{"index":"4","position":"4","title":"Test","description":"Test","slide_id":"15"}],"combined":"0","overlay":"0","disable_background_shape":"0","section_anchor":"","custom_class":""}}},"translations":[{"id":1817,"section_id":1810,"lang":"english","values":{"slides":[{"index":"1","position":"2","title":"SSL","description":"SSL Certificates - Secure your site and add trust undefinedamp; confidence for your visitors","slide_id":"1"},{"index":"2","position":"3","title":"360 Monitoring","description":"Website undefinedamp; Server Monitoring - Monitor your Websites undefinedamp; Servers with ease","slide_id":"12"},{"index":"3","position":"4","title":"CodeGuard","description":"CodeGuard Website Backup - Get peace-of-mind that your website is backed up.","slide_id":"5"},{"index":"4","position":"4","title":"Test","description":"Test","slide_id":"15"}],"combined":"0","overlay":"0","disable_background_shape":"0","section_anchor":"","custom_class":""},"created_at":"2024-11-19T13:15:20.000000Z","updated_at":"2024-11-22T09:10:28.000000Z"}]}