{"id":1867,"type":{"default_type":true,"name":"Promotion Manager","slug":"banner-promotion-manager","fields":[{"type":"subsection","name":"subsection","label":"Promotion Slides","collapse":false},{"type":"promotion-manager","name":"slides","label":"Slides","tooltip":"","tooltip_url":"https:\/\/lagom.rsstudio.net\/docs\/website-builder\/"},{"type":"subsection","name":"subsection","label":"Advanced Section Settings","collapse":true},{"type":"checkbox","name":"combined","label":"Combine this section with section below","attributes":[{"name":"uncheck-switcher","value":["overlay"]}],"tooltip":"Eliminate bottom padding and borders from this section, allowing the fusion of these two sections. It`s recommended to apply identical \"Section Style\" in the \"Section Panel\" for seamless integration.","tooltip_url":"https:\/\/lagom.rsstudio.net\/docs\/website-builder\/section-common-settings\/#combine-sections"},{"type":"checkbox","name":"overlay","label":"Overlay section below on this section","attributes":[{"name":"uncheck-switcher","value":["combined"]}],"tooltip":"This configuration pulls the section below over the currently managed section while adding an extra 200px padding at the bottom. You can adjust the pixel value by customizing the <b>--cms-section-overlay-margin<\/b> CSS variable through custom CSS rules.","tooltip_url":"https:\/\/lagom.rsstudio.net\/docs\/website-builder\/section-common-settings\/#overlay-sections"},{"type":"checkbox","name":"disable_background_shape","label":"Disable background shape for \"Predefined Lagom Illustration\"","tooltip":"Eliminates the background shape from the predefined Lagom illustrations.","tooltip_url":"https:\/\/lagom.rsstudio.net\/docs\/website-builder\/section-common-settings\/#overlay-sections"},{"type":"text","name":"section_anchor","label":"Section anchor","placeholder":"Enter anchor...","tooltip":"Assign special names to section anchors. This makes it easy to guide people to specific parts of the page when you share links","tooltip_url":"https:\/\/lagom.rsstudio.net\/docs\/website-builder\/section-common-settings\/#overlay-sections"},{"type":"text","name":"custom_class","label":"Section custom class","placeholder":"Enter class...","tooltip":"This setting allows you to assign custom classes to the section container. You can input your own CSS class here and then apply the necessary styling in the <b>theme-custom.css<\/b> file.","tooltip_url":"https:\/\/lagom.rsstudio.net\/docs\/website-builder\/section-common-settings\/#overlay-sections"}],"template":"\/var\/www\/templates\/lagom2\/core\/cms\/sections\/config\/banner-promotion-manager\/banner-promotion-manager.tpl","cache":true,"thumb":"thumb.png"},"page_id":288,"visibility":1,"theme":"gray","stype":"","order":2,"created_at":"2024-11-22T08:33:56.000000Z","updated_at":"2024-11-22T08:56:16.000000Z","lang":{"english":{"id":1874,"translation":{"slides":[{"index":"1","position":"1","title":"All published promotions","slide_id":"all"}],"combined":"0","overlay":"0","disable_background_shape":"0","section_anchor":"","custom_class":""}}},"translations":[{"id":1874,"section_id":1867,"lang":"english","values":{"slides":[{"index":"1","position":"1","title":"All published promotions","slide_id":"all"}],"combined":"0","overlay":"0","disable_background_shape":"0","section_anchor":"","custom_class":""},"created_at":"2024-11-22T08:33:56.000000Z","updated_at":"2024-11-22T08:36:57.000000Z"}]}