{"id":1699,"type":{"default_type":false,"name":"Predefined Section","slug":"predefined-section","fields":[{"type":"sections","name":"predefined_section","label":"Choose predefined section"}],"template":"\/var\/www\/templates\/lagom2\/core\/cms\/sections\/config\/predefined-section\/predefined-section.tpl","cache":true},"page_id":217,"visibility":1,"theme":"gray","stype":"","order":8,"created_at":"2024-10-23T14:42:59.000000Z","updated_at":"2024-10-23T14:42:59.000000Z","lang":{"english":{"id":1706,"translation":{"predefined_section":"31"}}},"translations":[{"id":1706,"section_id":1699,"lang":"english","values":{"predefined_section":"31"},"created_at":"2024-10-23T14:42:59.000000Z","updated_at":"2024-10-23T14:42:59.000000Z"}]}