{"id":784,"type":{"default_type":false,"name":"Predefined Section","slug":"predefined-section","fields":[{"type":"sections","name":"predefined_section","label":"Choose predefined section"}],"template":"\/var\/www\/templates\/lagom2\/core\/cms\/sections\/config\/predefined-section\/predefined-section.tpl","cache":true},"page_id":217,"visibility":1,"theme":"default","stype":"","order":15,"created_at":"2023-07-10T11:52:03.000000Z","updated_at":"2024-10-23T14:43:00.000000Z","lang":{"english":{"id":791,"translation":{"predefined_section":"4"}}},"translations":[{"id":791,"section_id":784,"lang":"english","values":{"predefined_section":"4"},"created_at":"2023-07-10T11:52:03.000000Z","updated_at":"2023-07-10T11:52:03.000000Z"}]}