{"id":824,"type":{"default_type":true,"name":"FAQ","slug":"faq","fields":[{"type":"subsection","name":"subsection","label":"Section Description","collapse":false},{"type":"text","name":"caption","label":"Caption","placeholder":"Enter caption...","tooltip":"Provide a brief section caption to appear above the main title in a smaller font. You can skip this if you don`t wish to display this element.","tooltip_url":"https:\/\/lagom.rsstudio.net\/docs\/website-builder\/section-faq\/#section-description"},{"type":"text","name":"title","label":"Title","placeholder":"Enter title...","tooltip":"Elevate page clarity and visual hierarchy using section titles. Optionally skip for not displaying this element.","tooltip_url":"https:\/\/lagom.rsstudio.net\/docs\/website-builder\/section-faq\/#section-description"},{"type":"text-editor","name":"subtitle","label":"Subtitle","placeholder":"Enter subtitle...","tooltip":"Add concise text to clarify section content, enhancing context and user understanding. You can skip this if you don`t wish to display this element.","tooltip_url":"https:\/\/lagom.rsstudio.net\/docs\/website-builder\/section-faq\/#section-description"},{"type":"subsection","name":"subsection","label":"FAQ List","collapse":false},{"type":"group-input","name":"list_group","label":"Group section content","grouped":false,"group_forced":false,"fields":[{"type":"list","name":"list","label":"FAQ items","icons":false,"link":false,"tooltip":"Lorem Ipsum <a href=\"#\">Learn More<\/a>"}],"tooltip":"The \"Group section content\" function enables you to create multiple item groups that will be displayed on the frontend as distinct tabs.","tooltip_url":"https:\/\/lagom.rsstudio.net\/docs\/website-builder\/section-faq\/#group-section","group_section":"faq"},{"type":"subsection","name":"subsection","label":"FAQ Settings","collapse":false},{"type":"select","name":"list_type","label":"FAQ Type","container_class":"col-sm-6","options":[{"name":"Type 1 - Accordion","value":"accordion"},{"name":"Type 2 - Expanded list with fully visible title and description","value":"expanded"}],"tooltip":"Select the display type for the list of FAQ items.","tooltip_url":"https:\/\/lagom.rsstudio.net\/docs\/website-builder\/section-faq\/#faq-settings"},{"type":"select","name":"list_style","label":"FAQ item style","container_class":"col-sm-6","options":[{"name":"Default","value":"default"},{"name":"Divided","value":"divided"},{"name":"Boxed","value":"boxed"}],"tooltip":"Select the display style for the list of FAQ items.","tooltip_url":"https:\/\/lagom.rsstudio.net\/docs\/website-builder\/section-faq\/#faq-settings"},{"type":"subsection","name":"subsection","label":"Advanced Section Settings","collapse":true},{"type":"checkbox","name":"combined","label":"Combine this section with section below","attributes":[{"name":"uncheck-switcher","value":["overlay"]}],"tooltip":"Eliminate bottom padding and borders from this section, allowing the fusion of these two sections. It`s recommended to apply identical \"Section Style\" in the \"Section Panel\" for seamless integration.","tooltip_url":"https:\/\/lagom.rsstudio.net\/docs\/website-builder\/section-common-settings\/#combine-sections"},{"type":"checkbox","name":"overlay","label":"Overlay section below on this section","attributes":[{"name":"uncheck-switcher","value":["combined"]}],"tooltip":"This configuration pulls the section below over the currently managed section while adding an extra 200px padding at the bottom. You can adjust the pixel value by customizing the <b>--cms-section-overlay-margin<\/b> CSS variable through custom CSS rules.","tooltip_url":"https:\/\/lagom.rsstudio.net\/docs\/website-builder\/section-common-settings\/#overlay-sections"},{"type":"text","name":"section_anchor","label":"Section anchor","placeholder":"Enter anchor...","tooltip":"Assign special names to section anchors. This makes it easy to guide people to specific parts of the page when you share links","tooltip_url":"https:\/\/lagom.rsstudio.net\/docs\/website-builder\/section-common-settings\/#overlay-sections"},{"type":"text","name":"custom_class","label":"Section custom class","placeholder":"Enter class...","tooltip":"This setting allows you to assign custom classes to the section container. You can input your own CSS class here and then apply the necessary styling in the <b>theme-custom.css<\/b> file.","tooltip_url":"https:\/\/lagom.rsstudio.net\/docs\/website-builder\/section-common-settings\/#overlay-sections"}],"template":"\/var\/www\/templates\/lagom2\/core\/cms\/sections\/config\/faq\/faq.tpl","cache":true,"thumb":"thumb.png"},"page_id":217,"visibility":1,"theme":"default","stype":"","order":16,"created_at":"2023-07-15T16:27:00.000000Z","updated_at":"2024-10-23T14:43:00.000000Z","lang":{"english":{"id":831,"translation":{"caption":"","title":"Frequently asked questions","subtitle":"","list_group":{"grouped":"0","group_forced":"0","groups":{"1":{"group_index":"1","group_name":"","group_order":"1","fields":{"list":[{"index":"1","position":"2","title":"What is a Dedicated Server and how does it work?","description":"<p>A Dedicated Server is a robust hosting solution where an entire physical server is exclusively allocated to a\n    single user or organization. It operates independently, providing full control over resources and configurations.\n<\/p>\n<p>Here's how it works:<\/p>\n<ul>\n    <li><b>Resource Allocation:<\/b> With a Dedicated Server, you have access to all the server's resources \u2013 CPU, RAM,\n        storage, and bandwidth. There's no resource sharing with other users, ensuring consistent and reliable\n        performance.<\/li>\n    <li><b>Isolation<\/b>: Your server operates in isolation, eliminating the risk of being affected by other users'\n        activities or traffic spikes, as in shared hosting.<\/li>\n    <li><b>Customization<\/b>: You can tailor the server's software, operating system, and applications to match your\n        specific requirements.<\/li>\n    <li><b>Performance<\/b>: Dedicated Servers offer high performance, ideal for resource-intensive tasks, high traffic\n        websites, and applications.<\/li>\n    <li><b>Security<\/b>: Enhanced security features protect your data and applications from external threats. You have\n        control over security configurations and firewall settings.<\/li>\n    <li><b>Scalability:<\/b> While Dedicated Servers offer ample resources, they can be upgraded to higher configurations\n        as your needs grow.<\/li>\n    <li><b>Management:<\/b> You can choose between managed and unmanaged options. Managed servers come with technical\n        support for server maintenance and troubleshooting.<\/li>\n<\/ul>\n<p>In essence, a Dedicated Server provides a dedicated, powerful, and customizable hosting environment for users who\n    demand high performance, control, and security for their websites, applications, or projects<\/p>","custom_classes":"","show_icon":"0","media":"undefined","link_text":"","link_type":"custom-url","show_link":"0","custom_url":"","target_blank":"0","stat":"","url":""},{"index":"5","position":"4","title":"What can I use a Dedicated Server for?","description":"<p>You can use a dedicated server for a wide range of purposes, including:<\/p><ul><li><b>\nHosting Multiple Websites:<\/b> Host numerous websites with varying traffic levels, ensuring optimal performance and\n    customization.<\/li><p>\n\n    <\/p><li><b>Resource-Intensive Applications:<\/b> Run resource-demanding applications like databases, CRM systems, or ERP\n        software.<\/li>\n    <li><b>E-Commerce:<\/b> Power online stores with high traffic, ensuring fast loading times and secure transactions.\n    <\/li>\n    <li><b>Game Servers:<\/b> Create game environments with low latency and optimal performance for multiplayer gaming.\n    <\/li>\n    <li><b>Media Streaming:<\/b> Stream audio or video content seamlessly with dedicated resources.<\/li>\n    <li><b>Development and Testing:<\/b> Develop and test applications in a controlled environment.<\/li>\n    <li><b>Data Backup and Storage:<\/b> Store and manage large volumes of data securely.<\/li>\n    <li><b>Virtualization:<\/b> Create virtual machines for diverse purposes using virtualization software.<\/li>\n    <li><b>Private Cloud:<\/b> Set up a private cloud infrastructure for enhanced security and control.<\/li>\n    <li><b>Application Hosting:<\/b> Host custom applications tailored to your business needs.<\/li>\n    <li><b>Mail Servers:<\/b> Run email servers for business communications with better control over deliverability.<\/li>\n    <li><b>Big Data Analytics<\/b>: Process and analyze large datasets efficiently.<\/li>\n    <li><b>Content Management Systems (CMS):<\/b> Host content-rich websites or blogs with high traffic.<\/li>\n    <li><b>Reseller Hosting: <\/b>Offer hosting services to clients by dividing your dedicated server resources.<\/li>\n    <li><b>Testing and Staging: <\/b>Create testing environments for software development or website updates.<\/li>\n<p><\/p><\/ul><p>\nDedicated servers provide the flexibility, performance, and control necessary for a diverse range of applications,\n    making them a versatile solution for various business and personal needs.<\/p>","custom_classes":"","show_icon":"0","media":"undefined","link_text":"","link_type":"custom-url","show_link":"0","custom_url":"","target_blank":"0","stat":"","url":""},{"index":"2","position":"2","title":" Why should I buy Dedicated Server Hosting? What are the benefits?","description":"<p>Choose Dedicated Server Hosting for unmatched performance, customization, security, and control. Enjoy exclusive resources, tailored configurations, enhanced security, and the ability to scale as your needs grow. Experience higher uptime, reliability, and support for resource-intensive applications or websites.<br><\/p>","custom_classes":"","show_icon":"0","media":"undefined","link_text":"","link_type":"custom-url","show_link":"0","custom_url":"","target_blank":"0","stat":"","url":""},{"index":"3","position":"3","title":"What are the differences between a cloud VPS and Dedicated Server for hosting?","description":"<p>Cloud VPS shares resources among virtual instances, offering scalability and cost-efficiency. Dedicated Server provides exclusive resources, customization, consistent performance, and enhanced security. Cloud VPS is flexible and cost-effective, while Dedicated Server offers more control, reliability, and isolation.<br><\/p>","custom_classes":"","show_icon":"0","media":"undefined","link_text":"","link_type":"custom-url","show_link":"0","custom_url":"","target_blank":"0","stat":"","url":""},{"index":"4","position":"4","title":"How many websites can I host on a Dedicated Server?","description":"<p>There's no fixed limit to the number of websites you can host on a Dedicated Server. You can host as many websites as you like, depending on the server's resources, website complexity, and traffic.<br><\/p>","custom_classes":"","show_icon":"0","media":"undefined","link_text":"","link_type":"custom-url","show_link":"0","custom_url":"","target_blank":"0","stat":"","url":""}]}}},"new_group_index":2},"list_type":"accordion","list_style":"boxed","combined":"0","overlay":"0","section_anchor":"","custom_class":""}}},"translations":[{"id":831,"section_id":824,"lang":"english","values":{"caption":"","title":"Frequently asked questions","subtitle":"","list_group":{"group_forced":"0","grouped":"0","groups":{"1":{"group_name":"","group_order":"1","group_index":"1","fields":{"list":[{"index":"1","position":"2","title":"What is a Dedicated Server and how does it work?","description":"<p>A Dedicated Server is a robust hosting solution where an entire physical server is exclusively allocated to a\n    single user or organization. It operates independently, providing full control over resources and configurations.\n<\/p>\n<p>Here's how it works:<\/p>\n<ul>\n    <li><b>Resource Allocation:<\/b> With a Dedicated Server, you have access to all the server's resources \u2013 CPU, RAM,\n        storage, and bandwidth. There's no resource sharing with other users, ensuring consistent and reliable\n        performance.<\/li>\n    <li><b>Isolation<\/b>: Your server operates in isolation, eliminating the risk of being affected by other users'\n        activities or traffic spikes, as in shared hosting.<\/li>\n    <li><b>Customization<\/b>: You can tailor the server's software, operating system, and applications to match your\n        specific requirements.<\/li>\n    <li><b>Performance<\/b>: Dedicated Servers offer high performance, ideal for resource-intensive tasks, high traffic\n        websites, and applications.<\/li>\n    <li><b>Security<\/b>: Enhanced security features protect your data and applications from external threats. You have\n        control over security configurations and firewall settings.<\/li>\n    <li><b>Scalability:<\/b> While Dedicated Servers offer ample resources, they can be upgraded to higher configurations\n        as your needs grow.<\/li>\n    <li><b>Management:<\/b> You can choose between managed and unmanaged options. Managed servers come with technical\n        support for server maintenance and troubleshooting.<\/li>\n<\/ul>\n<p>In essence, a Dedicated Server provides a dedicated, powerful, and customizable hosting environment for users who\n    demand high performance, control, and security for their websites, applications, or projects<\/p>","custom_classes":"","show_icon":"0","media":"undefined","link_text":"","link_type":"custom-url","show_link":"0","custom_url":"","target_blank":"0","stat":""},{"index":"5","position":"4","title":"What can I use a Dedicated Server for?","description":"<p>You can use a dedicated server for a wide range of purposes, including:<\/p><ul><li><b>\nHosting Multiple Websites:<\/b> Host numerous websites with varying traffic levels, ensuring optimal performance and\n    customization.<\/li><p>\n\n    <\/p><li><b>Resource-Intensive Applications:<\/b> Run resource-demanding applications like databases, CRM systems, or ERP\n        software.<\/li>\n    <li><b>E-Commerce:<\/b> Power online stores with high traffic, ensuring fast loading times and secure transactions.\n    <\/li>\n    <li><b>Game Servers:<\/b> Create game environments with low latency and optimal performance for multiplayer gaming.\n    <\/li>\n    <li><b>Media Streaming:<\/b> Stream audio or video content seamlessly with dedicated resources.<\/li>\n    <li><b>Development and Testing:<\/b> Develop and test applications in a controlled environment.<\/li>\n    <li><b>Data Backup and Storage:<\/b> Store and manage large volumes of data securely.<\/li>\n    <li><b>Virtualization:<\/b> Create virtual machines for diverse purposes using virtualization software.<\/li>\n    <li><b>Private Cloud:<\/b> Set up a private cloud infrastructure for enhanced security and control.<\/li>\n    <li><b>Application Hosting:<\/b> Host custom applications tailored to your business needs.<\/li>\n    <li><b>Mail Servers:<\/b> Run email servers for business communications with better control over deliverability.<\/li>\n    <li><b>Big Data Analytics<\/b>: Process and analyze large datasets efficiently.<\/li>\n    <li><b>Content Management Systems (CMS):<\/b> Host content-rich websites or blogs with high traffic.<\/li>\n    <li><b>Reseller Hosting: <\/b>Offer hosting services to clients by dividing your dedicated server resources.<\/li>\n    <li><b>Testing and Staging: <\/b>Create testing environments for software development or website updates.<\/li>\n<p><\/p><\/ul><p>\nDedicated servers provide the flexibility, performance, and control necessary for a diverse range of applications,\n    making them a versatile solution for various business and personal needs.<\/p>","custom_classes":"","show_icon":"0","media":"undefined","link_text":"","link_type":"custom-url","show_link":"0","custom_url":"","target_blank":"0","stat":""},{"index":"2","position":"2","title":" Why should I buy Dedicated Server Hosting? What are the benefits?","description":"<p>Choose Dedicated Server Hosting for unmatched performance, customization, security, and control. Enjoy exclusive resources, tailored configurations, enhanced security, and the ability to scale as your needs grow. Experience higher uptime, reliability, and support for resource-intensive applications or websites.<br><\/p>","custom_classes":"","show_icon":"0","media":"undefined","link_text":"","link_type":"custom-url","show_link":"0","custom_url":"","target_blank":"0","stat":""},{"index":"3","position":"3","title":"What are the differences between a cloud VPS and Dedicated Server for hosting?","description":"<p>Cloud VPS shares resources among virtual instances, offering scalability and cost-efficiency. Dedicated Server provides exclusive resources, customization, consistent performance, and enhanced security. Cloud VPS is flexible and cost-effective, while Dedicated Server offers more control, reliability, and isolation.<br><\/p>","custom_classes":"","show_icon":"0","media":"undefined","link_text":"","link_type":"custom-url","show_link":"0","custom_url":"","target_blank":"0","stat":""},{"index":"4","position":"4","title":"How many websites can I host on a Dedicated Server?","description":"<p>There's no fixed limit to the number of websites you can host on a Dedicated Server. You can host as many websites as you like, depending on the server's resources, website complexity, and traffic.<br><\/p>","custom_classes":"","show_icon":"0","media":"undefined","link_text":"","link_type":"custom-url","show_link":"0","custom_url":"","target_blank":"0","stat":""}]}}}},"list_type":"accordion","list_style":"boxed","combined":"0","overlay":"0","section_anchor":"","custom_class":""},"created_at":"2023-07-15T16:27:01.000000Z","updated_at":"2023-08-21T10:11:16.000000Z"}]}