[{"id":240,"custom_page":1,"url":"site-builder","name":"MarketConnect - Site Builder","display_type":"website","list_display":1,"seo_enabled":1,"seo_robots":1,"seo_title":{"arabic":"","azerbaijani":"","catalan":"","chinese":"","croatian":"","czech":"","danish":"","dutch":"","english":"Site Builder","estonian":"","farsi":"","french":"","german":"","hebrew":"","hungarian":"","italian":"","macedonian":"","norwegian":"","portuguese-br":"","portuguese-pt":"","romanian":"","russian":"","spanish":"","swedish":"","turkish":"","ukranian":""},"seo_description":{"arabic":"","azerbaijani":"","catalan":"","chinese":"","croatian":"","czech":"","danish":"","dutch":"","english":"Building a website has never been easier! Create the perfect site with powerful drag and drop tools in few clicks.","estonian":"","farsi":"","french":"","german":"","hebrew":"","hungarian":"","italian":"","macedonian":"","norwegian":"","portuguese-br":"","portuguese-pt":"","romanian":"","russian":"","spanish":"","swedish":"","turkish":"","ukranian":""},"seo_image":null,"settings":{"published":"1","body_class":""},"created_at":"2023-08-27T08:23:28.000000Z","updated_at":"2023-08-27T08:24:21.000000Z"}]