{"id":268,"type":{"default_type":false,"name":"Predefined Section","slug":"predefined-section","fields":[{"type":"sections","name":"predefined_section","label":"Choose predefined section"}],"template":"\/var\/www\/html\/templates\/lagom2\/core\/cms\/sections\/config\/predefined-section\/predefined-section.tpl","cache":true},"page_id":115,"visibility":0,"theme":"default","order":1,"created_at":"2023-04-04T10:25:03.000000Z","updated_at":"2024-12-16T08:55:52.000000Z","lang":{"english":{"id":268,"translation":{"predefined_section":"8"}}},"translations":[{"id":268,"section_id":268,"lang":"english","values":{"predefined_section":"8"},"created_at":"2023-04-04T10:25:03.000000Z","updated_at":"2023-04-04T10:25:03.000000Z"}]}