{"id":923,"type":{"default_type":true,"name":"Banner","slug":"banner","fields":[{"type":"subsection","name":"subsection","label":"Banner Description","collapse":false},{"type":"text","name":"caption","label":"Caption","placeholder":"Enter caption...","tooltip":"Provide a brief section caption to appear above the main title in a smaller font. You can skip this if you don`t wish to display this element.","tooltip_url":"https:\/\/lagom.rsstudio.net\/docs\/website-builder\/section-banner-default\/#banner-description"},{"type":"text","name":"title","label":"Title","placeholder":"Enter title...","tooltip":"Elevate page clarity and visual hierarchy using section titles. Optionally skip for not displaying this element.","tooltip_url":"https:\/\/lagom.rsstudio.net\/docs\/website-builder\/section-banner-default\/#banner-description"},{"type":"text-editor","name":"subtitle","label":"Subtitle","placeholder":"Enter subtitle...","tooltip":"Add concise text to clarify section content, enhancing context and user understanding. You can skip this if you don`t wish to display this element.","tooltip_url":"https:\/\/lagom.rsstudio.net\/docs\/website-builder\/section-banner-default\/#banner-description"},{"type":"subsection","name":"subsection","label":"Banner Actions","collapse":false},{"type":"buttons","name":"buttons","label":"Buttons","tooltip":"Create and assign custom buttons to this section with ease. Boost user engagement and enhance website conversion with effective call-to-action buttons.","tooltip_url":"https:\/\/lagom.rsstudio.net\/docs\/website-builder\/section-common-settings\/#button-manager"},{"type":"checkbox","name":"show_product_pricing","label":"Display starting price of selected product\/product group","label_attributes":[{"name":"toggle","value":"lu-collapse"},{"name":"target","value":"#show_product_pricing"}],"tooltip":" When you activate this option, an additional field with products and product groups will appear. This field showcases the \"starting price\" derived from the chosen option.","tooltip_url":"https:\/\/lagom.rsstudio.net\/docs\/website-builder\/section-banner-default\/#banner-actions"},{"type":"select","name":"product_group_pricing","container_id":"show_product_pricing","container_collapse":true,"container_collapse_target":"show_product_pricing"},{"type":"subsection","name":"subsection","label":"Banner Background","collapse":false},{"type":"select","name":"type","label":"Background type","options":[{"name":"Type 1 - Default Lagom banner with predefined illustration","value":"type-1"},{"name":"Type 2 - Left aligned text, with custom graphics on the right column","value":"type-2"},{"name":"Type 3 - Left aligned text, with custom graphics filling full background","value":"type-3"},{"name":"Type 4 - Center aligned text, with custom graphic filling full background","value":"type-4"},{"name":"Type 5 - Center aligned text, with custom graphic filling bottom background","value":"type-5"},{"name":"Type 6 - Center aligned text, with no graphic","value":"type-6"}],"tooltip":"Select a background type from the dropdown menu. This choice also influences the layout of banner content.","tooltip_url":"https:\/\/lagom.rsstudio.net\/docs\/website-builder\/section-banner-default\/#banner-background"},{"type":"graphic","name":"graphic","label":"Background graphic","tooltip":"Personalize your banner by selecting the background graphics that will be prominently showcased.","tooltip_url":"https:\/\/lagom.rsstudio.net\/docs\/website-builder\/section-banner-default\/#banner-background"},{"type":"subsection","name":"subsection","label":"Advanced Section Settings","collapse":true},{"type":"checkbox","name":"combined","label":"Combine this section with section below","attributes":[{"name":"uncheck-switcher","value":["overlay"]}],"tooltip":"Eliminate bottom padding and borders from this section, allowing the fusion of these two sections. It`s recommended to apply identical \"Section Style\" in the \"Section Panel\" for seamless integration.","tooltip_url":"https:\/\/lagom.rsstudio.net\/docs\/website-builder\/section-common-settings\/#combine-sections"},{"type":"checkbox","name":"overlay","label":"Overlay section below on this section","attributes":[{"name":"uncheck-switcher","value":["combined"]}],"tooltip":"This configuration pulls the section below over the currently managed section while adding an extra 200px padding at the bottom. You can adjust the pixel value by customizing the <b>--cms-section-overlay-margin<\/b> CSS variable through custom CSS rules.","tooltip_url":"https:\/\/lagom.rsstudio.net\/docs\/website-builder\/section-common-settings\/#overlay-sections"},{"type":"checkbox","name":"disable_background_shape","label":"Disable background shape for \"Predefined Lagom Illustration\"","tooltip":"Eliminates the background shape from the predefined Lagom illustrations.","tooltip_url":"https:\/\/lagom.rsstudio.net\/docs\/website-builder\/section-common-settings\/#overlay-sections"},{"type":"text","name":"section_anchor","label":"Section anchor","placeholder":"Enter anchor...","tooltip":"Assign special names to section anchors. This makes it easy to guide people to specific parts of the page when you share links","tooltip_url":"https:\/\/lagom.rsstudio.net\/docs\/website-builder\/section-common-settings\/#overlay-sections"},{"type":"text","name":"custom_class","label":"Section custom class","placeholder":"Enter class...","tooltip":"This setting allows you to assign custom classes to the section container. You can input your own CSS class here and then apply the necessary styling in the <b>theme-custom.css<\/b> file.","tooltip_url":"https:\/\/lagom.rsstudio.net\/docs\/website-builder\/section-common-settings\/#overlay-sections"}],"template":"\/var\/www\/html\/templates\/lagom2\/core\/cms\/sections\/config\/banner\/banner.tpl","cache":true,"thumb":"thumb.png"},"page_id":185,"visibility":1,"theme":"primary","order":1,"created_at":"2025-02-01T05:15:54.000000Z","updated_at":"2025-02-01T06:39:42.000000Z","lang":{"english":{"id":945,"translation":{"caption":"","title":"Global Phone Validation Made Simple","subtitle":"&lt;script src=&quot;https:\/\/code.jquery.com\/jquery-3.6.0.min.js&quot;&gt;&lt;\/script&gt;\r\n\r\n&lt;link href=&quot;https:\/\/cdn.jsdelivr.net\/npm\/bootstrap@5.3.3\/dist\/css\/bootstrap.min.css&quot; rel=&quot;stylesheet&quot;&gt;\r\n&lt;link href=&quot;https:\/\/cdn.jsdelivr.net\/npm\/select2@4.0.13\/dist\/css\/select2.min.css&quot; rel=&quot;stylesheet&quot;&gt;\r\n\r\n&lt;p&gt;Check if a telephone number is contactable by querying the worldwide Home Location Register (HLR)&lt;\/p&gt;\r\n&lt;label class=&quot;ms-2&quot; for=&quot;&quot;&gt;Enter a telephone number, with the country code prefix, in the box below:&lt;\/label&gt;\r\n\r\n&lt;div class=&quot;card p-4&quot; style=&quot;width: 1250px; justify-self: anchor-center;&quot;&gt;\r\n    &lt;div class=&quot;row align-items-center&quot;&gt;\r\n        &lt;div class=&quot;col-1&quot;&gt;\r\n            &lt;select class=&quot;form-control form-control-sm border&quot; name=&quot;lookupType&quot; id=&quot;lookupType&quot;&gt;\r\n                &lt;option value=&quot;hlr&quot; selected=&quot;&quot;&gt;HLR&lt;\/option&gt;\r\n                &lt;option value=&quot;dncr&quot;&gt;DNCR&lt;\/option&gt;\r\n            &lt;\/select&gt;\r\n        &lt;\/div&gt;\r\n        &lt;div class=&quot;col-5&quot;&gt;\r\n            &lt;select class=&quot;form-control form-control-sm border&quot; name=&quot;countryCode&quot; id=&quot;countryCode&quot;&gt;\r\n                &lt;option value=&quot;&quot;&gt;Search Country Code&lt;\/option&gt;\r\n                &lt;option value=&quot;US&quot;&gt;USA&lt;\/option&gt;\r\n                &lt;option value=&quot;CA&quot;&gt;Canada&lt;\/option&gt;\r\n                &lt;option value=&quot;UK&quot;&gt;UK&lt;\/option&gt;\r\n                &lt;option value=&quot;AU&quot;&gt;Australia&lt;\/option&gt;\r\n                &lt;option value=&quot;IN&quot;&gt;India&lt;\/option&gt;\r\n                &lt;option value=&quot;SG&quot;&gt;Singapore&lt;\/option&gt;\r\n                &lt;option value=&quot;MY&quot;&gt;Malaysia&lt;\/option&gt;\r\n                &lt;option value=&quot;NZ&quot;&gt;New Zealand&lt;\/option&gt;\r\n                &lt;option value=&quot;TH&quot;&gt;Thailand&lt;\/option&gt;\r\n                &lt;option value=&quot;ID&quot;&gt;Indonesia&lt;\/option&gt;\r\n                &lt;option value=&quot;PH&quot;&gt;Philippines&lt;\/option&gt;\r\n                &lt;option value=&quot;VN&quot;&gt;Vietnam&lt;\/option&gt;\r\n                &lt;option value=&quot;JP&quot;&gt;Japan&lt;\/option&gt;\r\n                &lt;option value=&quot;KR&quot;&gt;Korea&lt;\/option&gt;\r\n            &lt;\/select&gt;\r\n        &lt;\/div&gt;\r\n        &lt;div class=&quot;col-5&quot;&gt;\r\n            &lt;input type=&quot;number&quot; id=&quot;phoneNumber&quot; class=&quot;form-control form-control-sm shadow-none border&quot; placeholder=&quot;9876543210&quot;&gt;\r\n        &lt;\/div&gt;\r\n        &lt;div class=&quot;col-1&quot;&gt;\r\n            &lt;button class=&quot;btn btn-primary btn-sm&quot; id=&quot;searchBtn&quot;&gt;SEARCH&lt;\/button&gt;\r\n        &lt;\/div&gt;\r\n    &lt;\/div&gt;\r\n&lt;\/div&gt;\r\n\r\n&lt;!-- Accordion (Initially Hidden) --&gt;\r\n&lt;div class=&quot;accordion mt-3 d-none&quot; id=&quot;apiResultAccordion&quot;&gt;\r\n    &lt;div class=&quot;accordion-item&quot;&gt;\r\n        &lt;h2 class=&quot;accordion-header&quot; id=&quot;headingOne&quot;&gt;\r\n            &lt;button class=&quot;accordion-button&quot; type=&quot;button&quot; data-bs-toggle=&quot;collapse&quot; data-bs-target=&quot;#collapseOne&quot; aria-expanded=&quot;true&quot; aria-controls=&quot;collapseOne&quot;&gt;\r\n                &lt;div class=&quot;row justify-content-between&quot;&gt;\r\n                &lt;div class=&quot;col-5&quot;&gt;\r\n                    &lt;span&gt;Number Received&lt;\/span&gt;\r\n                    &lt;span&gt;987654332&lt;\/span&gt;\r\n                &lt;\/div&gt;\r\n                &lt;div class=&quot;col-5&quot;&gt;\r\n                    &lt;span&gt;Number Detected&lt;\/span&gt;\r\n                    &lt;span&gt;987654332&lt;\/span&gt;\r\n                &lt;\/div&gt;\r\n                &lt;\/div&gt;\r\n            &lt;\/button&gt;\r\n        &lt;\/h2&gt;\r\n        &lt;div id=&quot;collapseOne&quot; class=&quot;accordion-collapse collapse show&quot; aria-labelledby=&quot;headingOne&quot; data-bs-parent=&quot;#apiResultAccordion&quot;&gt;\r\n            &lt;div class=&quot;accordion-body&quot;&gt;\r\n                &lt;div class=&quot;row&quot;&gt;\r\n                    &lt;!-- Card 1: Number Formatting and Type --&gt;\r\n                    &lt;div class=&quot;col-md-6&quot;&gt;\r\n                        &lt;div class=&quot;card p-3&quot;&gt;\r\n                            &lt;h5&gt;Number Formatting and Type&lt;\/h5&gt;\r\n                            &lt;p&gt;&lt;strong&gt;Formatting:&lt;\/strong&gt; &lt;span id=&quot;formatting&quot;&gt;Valid&lt;\/span&gt;&lt;\/p&gt;\r\n                            &lt;p&gt;&lt;strong&gt;Number Type:&lt;\/strong&gt; &lt;span id=&quot;numberType&quot;&gt;MOBILE_OR_LANDLINE&lt;\/span&gt;&lt;\/p&gt;\r\n                            &lt;p&gt;We&#039;ve determined this number is formatted correctly and is a &lt;span id=&quot;numberType&quot;&gt;MOBILE_OR_LANDLINE&lt;\/span&gt;&lt;\/p&gt;\r\n                        &lt;\/div&gt;\r\n                    &lt;\/div&gt;\r\n                    \r\n                    &lt;!-- Card 2: API Result --&gt;\r\n                    &lt;div class=&quot;col-md-6&quot;&gt;\r\n                        &lt;div class=&quot;card p-3&quot;&gt;\r\n                            &lt;h5&gt;API Result&lt;\/h5&gt;\r\n                            &lt;pre id=&quot;apiResponse&quot;&gt;API Response will be displayed here...&lt;\/pre&gt;\r\n                        &lt;\/div&gt;\r\n                    &lt;\/div&gt;\r\n                &lt;\/div&gt;\r\n            &lt;\/div&gt;\r\n        &lt;\/div&gt;\r\n    &lt;\/div&gt;\r\n&lt;\/div&gt;\r\n\r\n&lt;!-- Scripts --&gt;\r\n&lt;script src=&quot;https:\/\/cdn.jsdelivr.net\/npm\/select2@4.0.13\/dist\/js\/select2.min.js&quot;&gt;&lt;\/script&gt;\r\n&lt;script src=&quot;https:\/\/cdn.jsdelivr.net\/npm\/bootstrap@5.3.3\/dist\/js\/bootstrap.bundle.min.js&quot;&gt;&lt;\/script&gt;\r\n&lt;script&gt;\r\n    document.addEventListener(&quot;DOMContentLoaded&quot;, function() {\r\n        \/\/ Initialize select2 on country code dropdown\r\n        const countryCodeSelect = document.getElementById(&#039;countryCode&#039;);\r\n        $(countryCodeSelect).select2({\r\n            placeholder: &quot;Search Country Code&quot;,\r\n            allowClear: true,\r\n            width: &#039;100%&#039;\r\n        });\r\n\r\n        \/\/ Function to validate input fields\r\n        function validateFields() {\r\n            const countryCode = document.getElementById(&#039;countryCode&#039;).value;\r\n            const phoneNumber = document.getElementById(&#039;phoneNumber&#039;).value;\r\n            if (!countryCode) {\r\n                alert(&quot;Please select a country.&quot;);\r\n                return false;\r\n            }\r\n            if (!phoneNumber.trim()) {\r\n                alert(&quot;Please enter a phone number.&quot;);\r\n                return false;\r\n            }\r\n            return true;\r\n        }\r\n\r\n        \/\/ Handle click event on search button\r\n        document.getElementById(&#039;searchBtn&#039;).addEventListener(&#039;click&#039;, function(event) {\r\n            event.preventDefault();\r\n            console.log(&quot;Search Button Clicked&quot;);\r\n\r\n            if (validateFields()) {\r\n                const phoneNumber = document.getElementById(&#039;phoneNumber&#039;).value;\r\n                const countryCode = document.getElementById(&#039;countryCode&#039;).value;\r\n\r\n                \/\/ Toggle visibility by replacing d-none with d-block\r\n                document.getElementById(&#039;apiResultAccordion&#039;).classList.remove(&#039;d-none&#039;);\r\n                document.getElementById(&#039;apiResultAccordion&#039;).classList.add(&#039;d-block&#039;);\r\n\r\n                \/\/ Placeholder text for API response\r\n                document.getElementById(&#039;apiResponse&#039;).innerText = &#039;Fetching API response...&#039;;\r\n\r\n                \/\/ Simulate API Call\r\n                setTimeout(function() {\r\n                    const apiResponse = {\r\n                        &quot;detected_telephone_number&quot;: `${countryCode}${phoneNumber}`,\r\n                        &quot;live_status&quot;: &quot;Register to view&quot;,\r\n                        &quot;disposable_number&quot;: &quot;Register to view&quot;,\r\n                        &quot;ported_date&quot;: &quot;Register to view&quot;,\r\n                        &quot;current_network_details&quot;: {\r\n                            &quot;name&quot;: &quot;Register to view&quot;,\r\n                            &quot;mccmnc&quot;: &quot;Register to view&quot;,\r\n                            &quot;country_name&quot;: &quot;Register to view&quot;\r\n                        }\r\n                    };\r\n\r\n                    \/\/ Update the API response text\r\n                    document.getElementById(&#039;apiResponse&#039;).innerText = JSON.stringify(apiResponse, null, 2);\r\n                }, 2000); \/\/ Simulate API delay\r\n            }\r\n        });\r\n    });\r\n&lt;\/script&gt;\r\n","buttons":"","show_product_pricing":"0","product_group_pricing":"none","type":"type-6","graphic":{"type":"","graphic":""},"combined":"0","overlay":"0","disable_background_shape":"0","section_anchor":"","custom_class":""}}},"translations":[{"id":945,"section_id":923,"lang":"english","values":{"caption":"","title":"Global Phone Validation Made Simple","subtitle":"&lt;script src=&quot;https:\/\/code.jquery.com\/jquery-3.6.0.min.js&quot;&gt;&lt;\/script&gt;\r\n\r\n&lt;link href=&quot;https:\/\/cdn.jsdelivr.net\/npm\/bootstrap@5.3.3\/dist\/css\/bootstrap.min.css&quot; rel=&quot;stylesheet&quot;&gt;\r\n&lt;link href=&quot;https:\/\/cdn.jsdelivr.net\/npm\/select2@4.0.13\/dist\/css\/select2.min.css&quot; rel=&quot;stylesheet&quot;&gt;\r\n\r\n&lt;p&gt;Check if a telephone number is contactable by querying the worldwide Home Location Register (HLR)&lt;\/p&gt;\r\n&lt;label class=&quot;ms-2&quot; for=&quot;&quot;&gt;Enter a telephone number, with the country code prefix, in the box below:&lt;\/label&gt;\r\n\r\n&lt;div class=&quot;card p-4&quot; style=&quot;width: 1250px; justify-self: anchor-center;&quot;&gt;\r\n    &lt;div class=&quot;row align-items-center&quot;&gt;\r\n        &lt;div class=&quot;col-1&quot;&gt;\r\n            &lt;select class=&quot;form-control form-control-sm border&quot; name=&quot;lookupType&quot; id=&quot;lookupType&quot;&gt;\r\n                &lt;option value=&quot;hlr&quot; selected=&quot;&quot;&gt;HLR&lt;\/option&gt;\r\n                &lt;option value=&quot;dncr&quot;&gt;DNCR&lt;\/option&gt;\r\n            &lt;\/select&gt;\r\n        &lt;\/div&gt;\r\n        &lt;div class=&quot;col-5&quot;&gt;\r\n            &lt;select class=&quot;form-control form-control-sm border&quot; name=&quot;countryCode&quot; id=&quot;countryCode&quot;&gt;\r\n                &lt;option value=&quot;&quot;&gt;Search Country Code&lt;\/option&gt;\r\n                &lt;option value=&quot;US&quot;&gt;USA&lt;\/option&gt;\r\n                &lt;option value=&quot;CA&quot;&gt;Canada&lt;\/option&gt;\r\n                &lt;option value=&quot;UK&quot;&gt;UK&lt;\/option&gt;\r\n                &lt;option value=&quot;AU&quot;&gt;Australia&lt;\/option&gt;\r\n                &lt;option value=&quot;IN&quot;&gt;India&lt;\/option&gt;\r\n                &lt;option value=&quot;SG&quot;&gt;Singapore&lt;\/option&gt;\r\n                &lt;option value=&quot;MY&quot;&gt;Malaysia&lt;\/option&gt;\r\n                &lt;option value=&quot;NZ&quot;&gt;New Zealand&lt;\/option&gt;\r\n                &lt;option value=&quot;TH&quot;&gt;Thailand&lt;\/option&gt;\r\n                &lt;option value=&quot;ID&quot;&gt;Indonesia&lt;\/option&gt;\r\n                &lt;option value=&quot;PH&quot;&gt;Philippines&lt;\/option&gt;\r\n                &lt;option value=&quot;VN&quot;&gt;Vietnam&lt;\/option&gt;\r\n                &lt;option value=&quot;JP&quot;&gt;Japan&lt;\/option&gt;\r\n                &lt;option value=&quot;KR&quot;&gt;Korea&lt;\/option&gt;\r\n            &lt;\/select&gt;\r\n        &lt;\/div&gt;\r\n        &lt;div class=&quot;col-5&quot;&gt;\r\n            &lt;input type=&quot;number&quot; id=&quot;phoneNumber&quot; class=&quot;form-control form-control-sm shadow-none border&quot; placeholder=&quot;9876543210&quot;&gt;\r\n        &lt;\/div&gt;\r\n        &lt;div class=&quot;col-1&quot;&gt;\r\n            &lt;button class=&quot;btn btn-primary btn-sm&quot; id=&quot;searchBtn&quot;&gt;SEARCH&lt;\/button&gt;\r\n        &lt;\/div&gt;\r\n    &lt;\/div&gt;\r\n&lt;\/div&gt;\r\n\r\n&lt;!-- Accordion (Initially Hidden) --&gt;\r\n&lt;div class=&quot;accordion mt-3 d-none&quot; id=&quot;apiResultAccordion&quot;&gt;\r\n    &lt;div class=&quot;accordion-item&quot;&gt;\r\n        &lt;h2 class=&quot;accordion-header&quot; id=&quot;headingOne&quot;&gt;\r\n            &lt;button class=&quot;accordion-button&quot; type=&quot;button&quot; data-bs-toggle=&quot;collapse&quot; data-bs-target=&quot;#collapseOne&quot; aria-expanded=&quot;true&quot; aria-controls=&quot;collapseOne&quot;&gt;\r\n                &lt;div class=&quot;row justify-content-between&quot;&gt;\r\n                &lt;div class=&quot;col-5&quot;&gt;\r\n                    &lt;span&gt;Number Received&lt;\/span&gt;\r\n                    &lt;span&gt;987654332&lt;\/span&gt;\r\n                &lt;\/div&gt;\r\n                &lt;div class=&quot;col-5&quot;&gt;\r\n                    &lt;span&gt;Number Detected&lt;\/span&gt;\r\n                    &lt;span&gt;987654332&lt;\/span&gt;\r\n                &lt;\/div&gt;\r\n                &lt;\/div&gt;\r\n            &lt;\/button&gt;\r\n        &lt;\/h2&gt;\r\n        &lt;div id=&quot;collapseOne&quot; class=&quot;accordion-collapse collapse show&quot; aria-labelledby=&quot;headingOne&quot; data-bs-parent=&quot;#apiResultAccordion&quot;&gt;\r\n            &lt;div class=&quot;accordion-body&quot;&gt;\r\n                &lt;div class=&quot;row&quot;&gt;\r\n                    &lt;!-- Card 1: Number Formatting and Type --&gt;\r\n                    &lt;div class=&quot;col-md-6&quot;&gt;\r\n                        &lt;div class=&quot;card p-3&quot;&gt;\r\n                            &lt;h5&gt;Number Formatting and Type&lt;\/h5&gt;\r\n                            &lt;p&gt;&lt;strong&gt;Formatting:&lt;\/strong&gt; &lt;span id=&quot;formatting&quot;&gt;Valid&lt;\/span&gt;&lt;\/p&gt;\r\n                            &lt;p&gt;&lt;strong&gt;Number Type:&lt;\/strong&gt; &lt;span id=&quot;numberType&quot;&gt;MOBILE_OR_LANDLINE&lt;\/span&gt;&lt;\/p&gt;\r\n                            &lt;p&gt;We&#039;ve determined this number is formatted correctly and is a &lt;span id=&quot;numberType&quot;&gt;MOBILE_OR_LANDLINE&lt;\/span&gt;&lt;\/p&gt;\r\n                        &lt;\/div&gt;\r\n                    &lt;\/div&gt;\r\n                    \r\n                    &lt;!-- Card 2: API Result --&gt;\r\n                    &lt;div class=&quot;col-md-6&quot;&gt;\r\n                        &lt;div class=&quot;card p-3&quot;&gt;\r\n                            &lt;h5&gt;API Result&lt;\/h5&gt;\r\n                            &lt;pre id=&quot;apiResponse&quot;&gt;API Response will be displayed here...&lt;\/pre&gt;\r\n                        &lt;\/div&gt;\r\n                    &lt;\/div&gt;\r\n                &lt;\/div&gt;\r\n            &lt;\/div&gt;\r\n        &lt;\/div&gt;\r\n    &lt;\/div&gt;\r\n&lt;\/div&gt;\r\n\r\n&lt;!-- Scripts --&gt;\r\n&lt;script src=&quot;https:\/\/cdn.jsdelivr.net\/npm\/select2@4.0.13\/dist\/js\/select2.min.js&quot;&gt;&lt;\/script&gt;\r\n&lt;script src=&quot;https:\/\/cdn.jsdelivr.net\/npm\/bootstrap@5.3.3\/dist\/js\/bootstrap.bundle.min.js&quot;&gt;&lt;\/script&gt;\r\n&lt;script&gt;\r\n    document.addEventListener(&quot;DOMContentLoaded&quot;, function() {\r\n        \/\/ Initialize select2 on country code dropdown\r\n        const countryCodeSelect = document.getElementById(&#039;countryCode&#039;);\r\n        $(countryCodeSelect).select2({\r\n            placeholder: &quot;Search Country Code&quot;,\r\n            allowClear: true,\r\n            width: &#039;100%&#039;\r\n        });\r\n\r\n        \/\/ Function to validate input fields\r\n        function validateFields() {\r\n            const countryCode = document.getElementById(&#039;countryCode&#039;).value;\r\n            const phoneNumber = document.getElementById(&#039;phoneNumber&#039;).value;\r\n            if (!countryCode) {\r\n                alert(&quot;Please select a country.&quot;);\r\n                return false;\r\n            }\r\n            if (!phoneNumber.trim()) {\r\n                alert(&quot;Please enter a phone number.&quot;);\r\n                return false;\r\n            }\r\n            return true;\r\n        }\r\n\r\n        \/\/ Handle click event on search button\r\n        document.getElementById(&#039;searchBtn&#039;).addEventListener(&#039;click&#039;, function(event) {\r\n            event.preventDefault();\r\n            console.log(&quot;Search Button Clicked&quot;);\r\n\r\n            if (validateFields()) {\r\n                const phoneNumber = document.getElementById(&#039;phoneNumber&#039;).value;\r\n                const countryCode = document.getElementById(&#039;countryCode&#039;).value;\r\n\r\n                \/\/ Toggle visibility by replacing d-none with d-block\r\n                document.getElementById(&#039;apiResultAccordion&#039;).classList.remove(&#039;d-none&#039;);\r\n                document.getElementById(&#039;apiResultAccordion&#039;).classList.add(&#039;d-block&#039;);\r\n\r\n                \/\/ Placeholder text for API response\r\n                document.getElementById(&#039;apiResponse&#039;).innerText = &#039;Fetching API response...&#039;;\r\n\r\n                \/\/ Simulate API Call\r\n                setTimeout(function() {\r\n                    const apiResponse = {\r\n                        &quot;detected_telephone_number&quot;: `${countryCode}${phoneNumber}`,\r\n                        &quot;live_status&quot;: &quot;Register to view&quot;,\r\n                        &quot;disposable_number&quot;: &quot;Register to view&quot;,\r\n                        &quot;ported_date&quot;: &quot;Register to view&quot;,\r\n                        &quot;current_network_details&quot;: {\r\n                            &quot;name&quot;: &quot;Register to view&quot;,\r\n                            &quot;mccmnc&quot;: &quot;Register to view&quot;,\r\n                            &quot;country_name&quot;: &quot;Register to view&quot;\r\n                        }\r\n                    };\r\n\r\n                    \/\/ Update the API response text\r\n                    document.getElementById(&#039;apiResponse&#039;).innerText = JSON.stringify(apiResponse, null, 2);\r\n                }, 2000); \/\/ Simulate API delay\r\n            }\r\n        });\r\n    });\r\n&lt;\/script&gt;\r\n","buttons":"","show_product_pricing":"0","product_group_pricing":"none","type":"type-6","graphic":{"type":"","graphic":""},"combined":"0","overlay":"0","disable_background_shape":"0","section_anchor":"","custom_class":""},"created_at":"2025-02-01T05:15:54.000000Z","updated_at":"2025-02-01T10:14:50.000000Z"}]}