{"id":835,"type":{"default_type":false,"name":"Predefined Section","slug":"predefined-section","fields":[{"type":"sections","name":"predefined_section","label":"Choose predefined section"}],"template":"\/var\/www\/html\/templates\/lagom2\/core\/cms\/sections\/config\/predefined-section\/predefined-section.tpl","cache":true},"page_id":143,"visibility":1,"theme":"default","order":3,"created_at":"2024-09-24T06:21:11.000000Z","updated_at":"2024-09-24T06:21:11.000000Z","lang":{"english":{"id":835,"translation":{"predefined_section":"1"}},"":{"id":844,"translation":{"predefined_section":"1"}}},"translations":[{"id":835,"section_id":835,"lang":"english","values":{"predefined_section":"1"},"created_at":"2024-09-24T06:21:11.000000Z","updated_at":"2024-09-24T06:21:11.000000Z"},{"id":844,"section_id":835,"lang":"","values":{"predefined_section":"1"},"created_at":"2024-09-24T10:28:17.000000Z","updated_at":"2024-09-24T10:28:17.000000Z"}]}