{"id":1087,"type":{"default_type":false,"name":"Predefined Section","slug":"predefined-section","fields":[{"type":"sections","name":"predefined_section","label":"Choose predefined section"}],"template":"\/var\/www\/templates\/lagom2\/core\/cms\/sections\/config\/predefined-section\/predefined-section.tpl","cache":true},"page_id":151,"visibility":1,"theme":"default","order":13,"created_at":"2023-08-22T12:31:49.000000Z","updated_at":"2023-08-23T12:14:13.000000Z","lang":{"english":{"id":1094,"translation":{"predefined_section":"9"}}},"translations":[{"id":1094,"section_id":1087,"lang":"english","values":{"predefined_section":"9"},"created_at":"2023-08-22T12:31:49.000000Z","updated_at":"2023-08-22T12:31:49.000000Z"}]}