[{"id":193,"custom_page":1,"type":"","slug":"","url":"svg-background","name":"Other - SVG Background","display_type":"website","list_display":1,"seo_enabled":1,"seo_robots":1,"seo_title":{"arabic":"","azerbaijani":"","catalan":"","chinese":"","croatian":"","czech":"","danish":"","dutch":"","english":"SVG Background","estonian":"","farsi":"","french":"","german":"","hebrew":"","hungarian":"","italian":"","macedonian":"","norwegian":"","portuguese-br":"","portuguese-pt":"","romanian":"","russian":"","spanish":"","swedish":"","turkish":"","ukranian":""},"seo_description":null,"seo_image":null,"settings":{"published":"1","body_class":"presentation-page"},"created_at":"2023-05-25T13:08:38.000000Z","updated_at":"2024-04-15T09:14:25.000000Z"}]