{"id":1120,"type":{"default_type":false,"name":"Predefined Section","slug":"predefined-section","fields":[{"type":"sections","name":"predefined_section","label":"Choose predefined section"}],"template":"\/var\/www\/templates\/lagom2\/core\/cms\/sections\/config\/predefined-section\/predefined-section.tpl","cache":true},"page_id":240,"visibility":1,"theme":"default","order":15,"created_at":"2023-08-27T10:03:29.000000Z","updated_at":"2024-04-17T10:13:58.000000Z","lang":{"english":{"id":1127,"translation":{"predefined_section":"23"}}},"translations":[{"id":1127,"section_id":1120,"lang":"english","values":{"predefined_section":"23"},"created_at":"2023-08-27T10:03:29.000000Z","updated_at":"2023-08-27T10:03:29.000000Z"}]}