{"id":1117,"type":{"default_type":false,"name":"Predefined Section","slug":"predefined-section","fields":[{"type":"sections","name":"predefined_section","label":"Choose predefined section"}],"template":"\/var\/www\/templates\/lagom2\/core\/cms\/sections\/config\/predefined-section\/predefined-section.tpl","cache":true},"page_id":240,"visibility":1,"theme":"default","order":17,"created_at":"2023-08-27T08:23:28.000000Z","updated_at":"2024-04-17T10:13:58.000000Z","lang":{"english":{"id":1124,"translation":{"predefined_section":"9"}}},"translations":[{"id":1124,"section_id":1117,"lang":"english","values":{"predefined_section":"9"},"created_at":"2023-08-27T08:23:28.000000Z","updated_at":"2023-08-27T08:23:28.000000Z"}]}