{"id":853,"type":{"default_type":false,"name":"Predefined Section","slug":"predefined-section","fields":[{"type":"sections","name":"predefined_section","label":"Choose predefined section"}],"template":"\/var\/www\/html\/templates\/lagom2\/core\/cms\/sections\/config\/predefined-section\/predefined-section.tpl","cache":true},"page_id":90,"visibility":1,"theme":"default","order":4,"created_at":"2024-12-21T08:21:33.000000Z","updated_at":"2024-12-21T08:21:33.000000Z","lang":{"english":{"id":875,"translation":{"predefined_section":"4"}}},"translations":[{"id":875,"section_id":853,"lang":"english","values":{"predefined_section":"4"},"created_at":"2024-12-21T08:21:33.000000Z","updated_at":"2024-12-21T08:21:33.000000Z"}]}