{"id":1790,"type":{"default_type":false,"name":"Predefined Section","slug":"predefined-section","fields":[{"type":"sections","name":"predefined_section","label":"Choose predefined section"}],"template":"\/var\/www\/templates\/lagom2\/core\/cms\/sections\/config\/predefined-section\/predefined-section.tpl","cache":true},"page_id":256,"visibility":1,"theme":"default","stype":"expired_promo","order":2,"created_at":"2024-10-22T06:17:39.000000Z","updated_at":"2024-10-22T06:17:39.000000Z","lang":{"english":{"id":1797,"translation":{"predefined_section":"27"}}},"translations":[{"id":1797,"section_id":1790,"lang":"english","values":{"predefined_section":"27"},"created_at":"2024-10-22T06:17:39.000000Z","updated_at":"2024-10-22T06:17:39.000000Z"}]}