{"id":1791,"type":{"default_type":false,"name":"Predefined Section","slug":"predefined-section","fields":[{"type":"sections","name":"predefined_section","label":"Choose predefined section"}],"template":"\/var\/www\/templates\/lagom2\/core\/cms\/sections\/config\/predefined-section\/predefined-section.tpl","cache":true},"page_id":256,"visibility":1,"theme":"default","stype":"expired_promo","order":3,"created_at":"2024-10-22T06:17:39.000000Z","updated_at":"2024-10-22T06:17:39.000000Z","lang":{"english":{"id":1798,"translation":{"predefined_section":"28"}}},"translations":[{"id":1798,"section_id":1791,"lang":"english","values":{"predefined_section":"28"},"created_at":"2024-10-22T06:17:39.000000Z","updated_at":"2024-10-22T06:17:39.000000Z"}]}