{"id":1784,"type":{"default_type":false,"name":"Predefined Section","slug":"predefined-section","fields":[{"type":"sections","name":"predefined_section","label":"Choose predefined section"}],"template":"\/var\/www\/templates\/lagom2\/core\/cms\/sections\/config\/predefined-section\/predefined-section.tpl","cache":true},"page_id":256,"visibility":1,"theme":"default","stype":"","order":10,"created_at":"2024-10-21T14:58:46.000000Z","updated_at":"2024-11-21T08:55:34.000000Z","lang":{"english":{"id":1791,"translation":{"predefined_section":"29"}}},"translations":[{"id":1791,"section_id":1784,"lang":"english","values":{"predefined_section":"29"},"created_at":"2024-10-21T14:58:46.000000Z","updated_at":"2024-10-21T14:58:46.000000Z"}]}