{"id":1789,"type":{"default_type":false,"name":"Predefined Section","slug":"predefined-section","fields":[{"type":"sections","name":"predefined_section","label":"Choose predefined section"}],"template":"\/var\/www\/templates\/lagom2\/core\/cms\/sections\/config\/predefined-section\/predefined-section.tpl","cache":true},"page_id":256,"visibility":1,"theme":"gray","stype":"expired_promo","order":1,"created_at":"2024-10-22T06:17:39.000000Z","updated_at":"2024-10-22T06:17:39.000000Z","lang":{"english":{"id":1796,"translation":{"predefined_section":"26"}}},"translations":[{"id":1796,"section_id":1789,"lang":"english","values":{"predefined_section":"26"},"created_at":"2024-10-22T06:17:39.000000Z","updated_at":"2024-10-22T06:17:39.000000Z"}]}