{"id":916,"type":{"default_type":false,"name":"Predefined Section","slug":"predefined-section","fields":[{"type":"sections","name":"predefined_section","label":"Choose predefined section"}],"template":"\/var\/www\/html\/templates\/lagom2\/core\/cms\/sections\/config\/predefined-section\/predefined-section.tpl","cache":true},"page_id":185,"visibility":1,"theme":"default","order":5,"created_at":"2025-01-31T10:14:33.000000Z","updated_at":"2025-02-01T06:39:42.000000Z","lang":{"english":{"id":938,"translation":{"predefined_section":"4"}}},"translations":[{"id":938,"section_id":916,"lang":"english","values":{"predefined_section":"4"},"created_at":"2025-01-31T10:14:33.000000Z","updated_at":"2025-01-31T10:14:33.000000Z"}]}