{"id":856,"type":{"default_type":false,"name":"Predefined Section","slug":"predefined-section","fields":[{"type":"sections","name":"predefined_section","label":"Choose predefined section"}],"template":"\/var\/www\/html\/templates\/lagom2\/core\/cms\/sections\/config\/predefined-section\/predefined-section.tpl","cache":true},"page_id":90,"visibility":1,"theme":"default","order":7,"created_at":"2024-12-21T09:40:14.000000Z","updated_at":"2024-12-21T09:40:14.000000Z","lang":{"english":{"id":878,"translation":{"predefined_section":"26"}}},"translations":[{"id":878,"section_id":856,"lang":"english","values":{"predefined_section":"26"},"created_at":"2024-12-21T09:40:14.000000Z","updated_at":"2024-12-21T09:40:14.000000Z"}]}