{"id":923,"type":{"default_type":true,"name":"Banner","slug":"banner","fields":[{"type":"subsection","name":"subsection","label":"Banner Description","collapse":false},{"type":"text","name":"caption","label":"Caption","placeholder":"Enter caption...","tooltip":"Provide a brief section caption to appear above the main title in a smaller font. You can skip this if you don`t wish to display this element.","tooltip_url":"https:\/\/lagom.rsstudio.net\/docs\/website-builder\/section-banner-default\/#banner-description"},{"type":"text","name":"title","label":"Title","placeholder":"Enter title...","tooltip":"Elevate page clarity and visual hierarchy using section titles. Optionally skip for not displaying this element.","tooltip_url":"https:\/\/lagom.rsstudio.net\/docs\/website-builder\/section-banner-default\/#banner-description"},{"type":"text-editor","name":"subtitle","label":"Subtitle","placeholder":"Enter subtitle...","tooltip":"Add concise text to clarify section content, enhancing context and user understanding. You can skip this if you don`t wish to display this element.","tooltip_url":"https:\/\/lagom.rsstudio.net\/docs\/website-builder\/section-banner-default\/#banner-description"},{"type":"subsection","name":"subsection","label":"Banner Actions","collapse":false},{"type":"buttons","name":"buttons","label":"Buttons","tooltip":"Create and assign custom buttons to this section with ease. Boost user engagement and enhance website conversion with effective call-to-action buttons.","tooltip_url":"https:\/\/lagom.rsstudio.net\/docs\/website-builder\/section-common-settings\/#button-manager"},{"type":"checkbox","name":"show_product_pricing","label":"Display starting price of selected product\/product group","label_attributes":[{"name":"toggle","value":"lu-collapse"},{"name":"target","value":"#show_product_pricing"}],"tooltip":" When you activate this option, an additional field with products and product groups will appear. This field showcases the \"starting price\" derived from the chosen option.","tooltip_url":"https:\/\/lagom.rsstudio.net\/docs\/website-builder\/section-banner-default\/#banner-actions"},{"type":"select","name":"product_group_pricing","container_id":"show_product_pricing","container_collapse":true,"container_collapse_target":"show_product_pricing"},{"type":"subsection","name":"subsection","label":"Banner Background","collapse":false},{"type":"select","name":"type","label":"Background type","options":[{"name":"Type 1 - Default Lagom banner with predefined illustration","value":"type-1"},{"name":"Type 2 - Left aligned text, with custom graphics on the right column","value":"type-2"},{"name":"Type 3 - Left aligned text, with custom graphics filling full background","value":"type-3"},{"name":"Type 4 - Center aligned text, with custom graphic filling full background","value":"type-4"},{"name":"Type 5 - Center aligned text, with custom graphic filling bottom background","value":"type-5"},{"name":"Type 6 - Center aligned text, with no graphic","value":"type-6"}],"tooltip":"Select a background type from the dropdown menu. This choice also influences the layout of banner content.","tooltip_url":"https:\/\/lagom.rsstudio.net\/docs\/website-builder\/section-banner-default\/#banner-background"},{"type":"graphic","name":"graphic","label":"Background graphic","tooltip":"Personalize your banner by selecting the background graphics that will be prominently showcased.","tooltip_url":"https:\/\/lagom.rsstudio.net\/docs\/website-builder\/section-banner-default\/#banner-background"},{"type":"subsection","name":"subsection","label":"Advanced Section Settings","collapse":true},{"type":"checkbox","name":"combined","label":"Combine this section with section below","attributes":[{"name":"uncheck-switcher","value":["overlay"]}],"tooltip":"Eliminate bottom padding and borders from this section, allowing the fusion of these two sections. It`s recommended to apply identical \"Section Style\" in the \"Section Panel\" for seamless integration.","tooltip_url":"https:\/\/lagom.rsstudio.net\/docs\/website-builder\/section-common-settings\/#combine-sections"},{"type":"checkbox","name":"overlay","label":"Overlay section below on this section","attributes":[{"name":"uncheck-switcher","value":["combined"]}],"tooltip":"This configuration pulls the section below over the currently managed section while adding an extra 200px padding at the bottom. You can adjust the pixel value by customizing the <b>--cms-section-overlay-margin<\/b> CSS variable through custom CSS rules.","tooltip_url":"https:\/\/lagom.rsstudio.net\/docs\/website-builder\/section-common-settings\/#overlay-sections"},{"type":"checkbox","name":"disable_background_shape","label":"Disable background shape for \"Predefined Lagom Illustration\"","tooltip":"Eliminates the background shape from the predefined Lagom illustrations.","tooltip_url":"https:\/\/lagom.rsstudio.net\/docs\/website-builder\/section-common-settings\/#overlay-sections"},{"type":"text","name":"section_anchor","label":"Section anchor","placeholder":"Enter anchor...","tooltip":"Assign special names to section anchors. This makes it easy to guide people to specific parts of the page when you share links","tooltip_url":"https:\/\/lagom.rsstudio.net\/docs\/website-builder\/section-common-settings\/#overlay-sections"},{"type":"text","name":"custom_class","label":"Section custom class","placeholder":"Enter class...","tooltip":"This setting allows you to assign custom classes to the section container. You can input your own CSS class here and then apply the necessary styling in the <b>theme-custom.css<\/b> file.","tooltip_url":"https:\/\/lagom.rsstudio.net\/docs\/website-builder\/section-common-settings\/#overlay-sections"}],"template":"\/var\/www\/html\/templates\/lagom2\/core\/cms\/sections\/config\/banner\/banner.tpl","cache":true,"thumb":"thumb.png"},"page_id":185,"visibility":1,"theme":"primary","order":1,"created_at":"2025-02-01T05:15:54.000000Z","updated_at":"2025-02-01T06:39:42.000000Z","lang":{"english":{"id":945,"translation":{"caption":"","title":"Global Phone Validation Made Simple","subtitle":"&lt;p&gt;Check if a telephone number is contactable by querying the worldwide Home Location Register (HLR)&lt;\/p&gt;\r\n        &lt;label class=&quot;ms-2 text-white&quot; for=&quot;&quot;&gt;Enter a telephone number, with the country code prefix, in the box below:&lt;\/label&gt;\r\n        &lt;div class=&quot;card p-4&quot; style=&quot;width: 1250px !important; justify-self: anchor-center;&quot;&gt;\r\n        &lt;div class=&quot;input-group&quot; data-select2-id=&quot;4&quot;&gt;\r\n            &lt;!-- &lt;span class=&quot;input-group-text&quot;&gt;RSB&lt;\/span&gt; --&gt;\r\n            &lt;select class=&quot;input-group-text w-25&quot; name=&quot;&quot; id=&quot;lookupType&quot;&gt;\r\n            &lt;option value=&quot;hlr&quot; selected=&quot;&quot;&gt;HLR&lt;\/option&gt;\r\n            &lt;option value=&quot;dncr&quot;&gt;DNCR&lt;\/option&gt;\r\n            &lt;\/select&gt;\r\n            &lt;select class=&quot;input-group-text w-50 select2-hidden-accessible&quot; name=&quot;countryCode&quot; id=&quot;countryCode&quot; data-select2-id=&quot;countryCode&quot; tabindex=&quot;-1&quot; aria-hidden=&quot;true&quot;&gt;\r\n            &lt;option value=&quot;&quot; data-select2-id=&quot;2&quot;&gt;Search Country Code&lt;\/option&gt;\r\n            &lt;option value=&quot;US&quot; data-select2-id=&quot;7&quot;&gt;USA&lt;\/option&gt;\r\n            &lt;option value=&quot;CA&quot; data-select2-id=&quot;8&quot;&gt;Canada&lt;\/option&gt;\r\n            &lt;option value=&quot;UK&quot; data-select2-id=&quot;9&quot;&gt;UK&lt;\/option&gt;\r\n            &lt;option value=&quot;AU&quot; data-select2-id=&quot;10&quot;&gt;Australia&lt;\/option&gt;\r\n            &lt;option value=&quot;IN&quot; data-select2-id=&quot;11&quot;&gt;India&lt;\/option&gt;\r\n            &lt;option value=&quot;SG&quot; data-select2-id=&quot;12&quot;&gt;Singapore&lt;\/option&gt;\r\n            &lt;option value=&quot;MY&quot; data-select2-id=&quot;13&quot;&gt;Malaysia&lt;\/option&gt;\r\n            &lt;option value=&quot;NZ&quot; data-select2-id=&quot;14&quot;&gt;New Zealand&lt;\/option&gt;\r\n            &lt;option value=&quot;TH&quot; data-select2-id=&quot;15&quot;&gt;Thailand&lt;\/option&gt;\r\n            &lt;option value=&quot;ID&quot; data-select2-id=&quot;16&quot;&gt;Indonesia&lt;\/option&gt;\r\n            &lt;option value=&quot;PH&quot; data-select2-id=&quot;17&quot;&gt;Philippines&lt;\/option&gt;\r\n            &lt;option value=&quot;VN&quot; data-select2-id=&quot;18&quot;&gt;Vietnam&lt;\/option&gt;\r\n            &lt;option value=&quot;JP&quot; data-select2-id=&quot;19&quot;&gt;Japan&lt;\/option&gt;\r\n            &lt;option value=&quot;KR&quot; data-select2-id=&quot;20&quot;&gt;Korea&lt;\/option&gt;\r\n            &lt;option value=&quot;VN&quot; data-select2-id=&quot;21&quot;&gt;Vietnam&lt;\/option&gt;\r\n            &lt;\/select&gt;&lt;span class=&quot;select2 select2-container select2-container--default&quot; dir=&quot;ltr&quot; data-select2-id=&quot;1&quot; style=&quot;width: 100%;&quot;&gt;&lt;span class=&quot;selection&quot;&gt;&lt;span class=&quot;select2-selection select2-selection--single&quot; role=&quot;combobox&quot; aria-haspopup=&quot;true&quot; aria-expanded=&quot;false&quot; tabindex=&quot;-1&quot; aria-disabled=&quot;false&quot; aria-labelledby=&quot;select2-countryCode-container&quot;&gt;&lt;span class=&quot;select2-selection__rendered&quot; id=&quot;select2-countryCode-container&quot; role=&quot;textbox&quot; aria-readonly=&quot;true&quot;&gt;&lt;span class=&quot;select2-selection__placeholder&quot;&gt;Search Country Code&lt;\/span&gt;&lt;\/span&gt;&lt;span class=&quot;select2-selection__arrow&quot; role=&quot;presentation&quot;&gt;&lt;b role=&quot;presentation&quot;&gt;&lt;\/b&gt;&lt;\/span&gt;&lt;\/span&gt;&lt;\/span&gt;&lt;span class=&quot;dropdown-wrapper&quot; aria-hidden=&quot;true&quot;&gt;&lt;\/span&gt;&lt;\/span&gt;&lt;span class=&quot;select2 select2-container select2-container--default select2-container--above&quot; dir=&quot;ltr&quot; data-select2-id=&quot;1&quot; style=&quot;width: 100%;&quot;&gt;&lt;span class=&quot;selection&quot;&gt;&lt;span class=&quot;select2-selection select2-selection--single&quot; role=&quot;combobox&quot; aria-haspopup=&quot;true&quot; aria-expanded=&quot;true&quot; tabindex=&quot;-1&quot; aria-disabled=&quot;false&quot; aria-labelledby=&quot;select2-countryCode-container&quot; aria-owns=&quot;select2-countryCode-results&quot;&gt;&lt;span class=&quot;select2-selection__rendered&quot; id=&quot;select2-countryCode-container&quot; role=&quot;textbox&quot; aria-readonly=&quot;true&quot;&gt;&lt;span class=&quot;select2-selection__placeholder&quot;&gt;Search Country Code&lt;\/span&gt;&lt;\/span&gt;&lt;span class=&quot;select2-selection__arrow&quot; role=&quot;presentation&quot;&gt;&lt;b role=&quot;presentation&quot;&gt;&lt;\/b&gt;&lt;\/span&gt;&lt;\/span&gt;&lt;\/span&gt;&lt;span class=&quot;dropdown-wrapper&quot; aria-hidden=&quot;true&quot;&gt;&lt;\/span&gt;&lt;\/span&gt;&lt;span class=&quot;select2 select2-container select2-container--default select2-container--below&quot; dir=&quot;ltr&quot; data-select2-id=&quot;1&quot; style=&quot;width: 100%;&quot;&gt;&lt;span class=&quot;selection&quot;&gt;&lt;span class=&quot;select2-selection select2-selection--single&quot; role=&quot;combobox&quot; aria-haspopup=&quot;true&quot; aria-expanded=&quot;false&quot; tabindex=&quot;0&quot; aria-disabled=&quot;false&quot; aria-labelledby=&quot;select2-countryCode-container&quot;&gt;&lt;span class=&quot;select2-selection__rendered&quot; id=&quot;select2-countryCode-container&quot; role=&quot;textbox&quot; aria-readonly=&quot;true&quot;&gt;&lt;span class=&quot;select2-selection__placeholder&quot;&gt;Search Country Code&lt;\/span&gt;&lt;\/span&gt;&lt;span class=&quot;select2-selection__arrow&quot; role=&quot;presentation&quot;&gt;&lt;b role=&quot;presentation&quot;&gt;&lt;\/b&gt;&lt;\/span&gt;&lt;\/span&gt;&lt;\/span&gt;&lt;span class=&quot;dropdown-wrapper&quot; aria-hidden=&quot;true&quot;&gt;&lt;\/span&gt;&lt;\/span&gt;\r\n            &lt;input type=&quot;number&quot; class=&quot;form-control shadow-none border&quot; placeholder=&quot;9876543210&quot;&gt;\r\n            &lt;button class=&quot;btn btn-primary w-50&quot;&gt;SEARCH&lt;\/button&gt;\r\n        &lt;\/div&gt;\r\n    &lt;\/div&gt;\r\n\r\n\r\n&lt;!-- Include Select2 CSS and JS --&gt;\r\n&lt;link href=&quot;https:\/\/cdn.jsdelivr.net\/npm\/select2@4.0.13\/dist\/css\/select2.min.css&quot; rel=&quot;stylesheet&quot;&gt;\r\n\r\n&lt;script&gt;\r\n        $(document).ready(function() {\r\n          $(&#039;#countryCode&#039;).select2({\r\n            placeholder: &quot;Search Country Code&quot;,\r\n            allowClear: true,\r\n            width: &#039;100%&#039;\r\n          });\r\n        });\r\n&lt;\/script&gt;\r\n&lt;script src=&quot;https:\/\/code.jquery.com\/jquery-3.6.0.min.js&quot;&gt;&lt;\/script&gt;\r\n&lt;script src=&quot;https:\/\/cdn.jsdelivr.net\/npm\/select2@4.0.13\/dist\/js\/select2.min.js&quot;&gt;&lt;\/script&gt;\r\n","buttons":"","show_product_pricing":"0","product_group_pricing":"none","type":"type-6","graphic":{"type":"","graphic":""},"combined":"0","overlay":"0","disable_background_shape":"0","section_anchor":"","custom_class":""}}},"translations":[{"id":945,"section_id":923,"lang":"english","values":{"caption":"","title":"Global Phone Validation Made Simple","subtitle":"&lt;p&gt;Check if a telephone number is contactable by querying the worldwide Home Location Register (HLR)&lt;\/p&gt;\r\n        &lt;label class=&quot;ms-2 text-white&quot; for=&quot;&quot;&gt;Enter a telephone number, with the country code prefix, in the box below:&lt;\/label&gt;\r\n        &lt;div class=&quot;card p-4&quot; style=&quot;width: 1250px !important; justify-self: anchor-center;&quot;&gt;\r\n        &lt;div class=&quot;input-group&quot; data-select2-id=&quot;4&quot;&gt;\r\n            &lt;!-- &lt;span class=&quot;input-group-text&quot;&gt;RSB&lt;\/span&gt; --&gt;\r\n            &lt;select class=&quot;input-group-text w-25&quot; name=&quot;&quot; id=&quot;lookupType&quot;&gt;\r\n            &lt;option value=&quot;hlr&quot; selected=&quot;&quot;&gt;HLR&lt;\/option&gt;\r\n            &lt;option value=&quot;dncr&quot;&gt;DNCR&lt;\/option&gt;\r\n            &lt;\/select&gt;\r\n            &lt;select class=&quot;input-group-text w-50 select2-hidden-accessible&quot; name=&quot;countryCode&quot; id=&quot;countryCode&quot; data-select2-id=&quot;countryCode&quot; tabindex=&quot;-1&quot; aria-hidden=&quot;true&quot;&gt;\r\n            &lt;option value=&quot;&quot; data-select2-id=&quot;2&quot;&gt;Search Country Code&lt;\/option&gt;\r\n            &lt;option value=&quot;US&quot; data-select2-id=&quot;7&quot;&gt;USA&lt;\/option&gt;\r\n            &lt;option value=&quot;CA&quot; data-select2-id=&quot;8&quot;&gt;Canada&lt;\/option&gt;\r\n            &lt;option value=&quot;UK&quot; data-select2-id=&quot;9&quot;&gt;UK&lt;\/option&gt;\r\n            &lt;option value=&quot;AU&quot; data-select2-id=&quot;10&quot;&gt;Australia&lt;\/option&gt;\r\n            &lt;option value=&quot;IN&quot; data-select2-id=&quot;11&quot;&gt;India&lt;\/option&gt;\r\n            &lt;option value=&quot;SG&quot; data-select2-id=&quot;12&quot;&gt;Singapore&lt;\/option&gt;\r\n            &lt;option value=&quot;MY&quot; data-select2-id=&quot;13&quot;&gt;Malaysia&lt;\/option&gt;\r\n            &lt;option value=&quot;NZ&quot; data-select2-id=&quot;14&quot;&gt;New Zealand&lt;\/option&gt;\r\n            &lt;option value=&quot;TH&quot; data-select2-id=&quot;15&quot;&gt;Thailand&lt;\/option&gt;\r\n            &lt;option value=&quot;ID&quot; data-select2-id=&quot;16&quot;&gt;Indonesia&lt;\/option&gt;\r\n            &lt;option value=&quot;PH&quot; data-select2-id=&quot;17&quot;&gt;Philippines&lt;\/option&gt;\r\n            &lt;option value=&quot;VN&quot; data-select2-id=&quot;18&quot;&gt;Vietnam&lt;\/option&gt;\r\n            &lt;option value=&quot;JP&quot; data-select2-id=&quot;19&quot;&gt;Japan&lt;\/option&gt;\r\n            &lt;option value=&quot;KR&quot; data-select2-id=&quot;20&quot;&gt;Korea&lt;\/option&gt;\r\n            &lt;option value=&quot;VN&quot; data-select2-id=&quot;21&quot;&gt;Vietnam&lt;\/option&gt;\r\n            &lt;\/select&gt;&lt;span class=&quot;select2 select2-container select2-container--default&quot; dir=&quot;ltr&quot; data-select2-id=&quot;1&quot; style=&quot;width: 100%;&quot;&gt;&lt;span class=&quot;selection&quot;&gt;&lt;span class=&quot;select2-selection select2-selection--single&quot; role=&quot;combobox&quot; aria-haspopup=&quot;true&quot; aria-expanded=&quot;false&quot; tabindex=&quot;-1&quot; aria-disabled=&quot;false&quot; aria-labelledby=&quot;select2-countryCode-container&quot;&gt;&lt;span class=&quot;select2-selection__rendered&quot; id=&quot;select2-countryCode-container&quot; role=&quot;textbox&quot; aria-readonly=&quot;true&quot;&gt;&lt;span class=&quot;select2-selection__placeholder&quot;&gt;Search Country Code&lt;\/span&gt;&lt;\/span&gt;&lt;span class=&quot;select2-selection__arrow&quot; role=&quot;presentation&quot;&gt;&lt;b role=&quot;presentation&quot;&gt;&lt;\/b&gt;&lt;\/span&gt;&lt;\/span&gt;&lt;\/span&gt;&lt;span class=&quot;dropdown-wrapper&quot; aria-hidden=&quot;true&quot;&gt;&lt;\/span&gt;&lt;\/span&gt;&lt;span class=&quot;select2 select2-container select2-container--default select2-container--above&quot; dir=&quot;ltr&quot; data-select2-id=&quot;1&quot; style=&quot;width: 100%;&quot;&gt;&lt;span class=&quot;selection&quot;&gt;&lt;span class=&quot;select2-selection select2-selection--single&quot; role=&quot;combobox&quot; aria-haspopup=&quot;true&quot; aria-expanded=&quot;true&quot; tabindex=&quot;-1&quot; aria-disabled=&quot;false&quot; aria-labelledby=&quot;select2-countryCode-container&quot; aria-owns=&quot;select2-countryCode-results&quot;&gt;&lt;span class=&quot;select2-selection__rendered&quot; id=&quot;select2-countryCode-container&quot; role=&quot;textbox&quot; aria-readonly=&quot;true&quot;&gt;&lt;span class=&quot;select2-selection__placeholder&quot;&gt;Search Country Code&lt;\/span&gt;&lt;\/span&gt;&lt;span class=&quot;select2-selection__arrow&quot; role=&quot;presentation&quot;&gt;&lt;b role=&quot;presentation&quot;&gt;&lt;\/b&gt;&lt;\/span&gt;&lt;\/span&gt;&lt;\/span&gt;&lt;span class=&quot;dropdown-wrapper&quot; aria-hidden=&quot;true&quot;&gt;&lt;\/span&gt;&lt;\/span&gt;&lt;span class=&quot;select2 select2-container select2-container--default select2-container--below&quot; dir=&quot;ltr&quot; data-select2-id=&quot;1&quot; style=&quot;width: 100%;&quot;&gt;&lt;span class=&quot;selection&quot;&gt;&lt;span class=&quot;select2-selection select2-selection--single&quot; role=&quot;combobox&quot; aria-haspopup=&quot;true&quot; aria-expanded=&quot;false&quot; tabindex=&quot;0&quot; aria-disabled=&quot;false&quot; aria-labelledby=&quot;select2-countryCode-container&quot;&gt;&lt;span class=&quot;select2-selection__rendered&quot; id=&quot;select2-countryCode-container&quot; role=&quot;textbox&quot; aria-readonly=&quot;true&quot;&gt;&lt;span class=&quot;select2-selection__placeholder&quot;&gt;Search Country Code&lt;\/span&gt;&lt;\/span&gt;&lt;span class=&quot;select2-selection__arrow&quot; role=&quot;presentation&quot;&gt;&lt;b role=&quot;presentation&quot;&gt;&lt;\/b&gt;&lt;\/span&gt;&lt;\/span&gt;&lt;\/span&gt;&lt;span class=&quot;dropdown-wrapper&quot; aria-hidden=&quot;true&quot;&gt;&lt;\/span&gt;&lt;\/span&gt;\r\n            &lt;input type=&quot;number&quot; class=&quot;form-control shadow-none border&quot; placeholder=&quot;9876543210&quot;&gt;\r\n            &lt;button class=&quot;btn btn-primary w-50&quot;&gt;SEARCH&lt;\/button&gt;\r\n        &lt;\/div&gt;\r\n    &lt;\/div&gt;\r\n\r\n\r\n&lt;!-- Include Select2 CSS and JS --&gt;\r\n&lt;link href=&quot;https:\/\/cdn.jsdelivr.net\/npm\/select2@4.0.13\/dist\/css\/select2.min.css&quot; rel=&quot;stylesheet&quot;&gt;\r\n\r\n&lt;script&gt;\r\n        $(document).ready(function() {\r\n          $(&#039;#countryCode&#039;).select2({\r\n            placeholder: &quot;Search Country Code&quot;,\r\n            allowClear: true,\r\n            width: &#039;100%&#039;\r\n          });\r\n        });\r\n&lt;\/script&gt;\r\n&lt;script src=&quot;https:\/\/code.jquery.com\/jquery-3.6.0.min.js&quot;&gt;&lt;\/script&gt;\r\n&lt;script src=&quot;https:\/\/cdn.jsdelivr.net\/npm\/select2@4.0.13\/dist\/js\/select2.min.js&quot;&gt;&lt;\/script&gt;\r\n","buttons":"","show_product_pricing":"0","product_group_pricing":"none","type":"type-6","graphic":{"type":"","graphic":""},"combined":"0","overlay":"0","disable_background_shape":"0","section_anchor":"","custom_class":""},"created_at":"2025-02-01T05:15:54.000000Z","updated_at":"2025-02-01T06:51:26.000000Z"}]}