{"id":881,"type":{"default_type":false,"name":"Predefined Section","slug":"predefined-section","fields":[{"type":"sections","name":"predefined_section","label":"Choose predefined section"}],"template":"\/var\/www\/html\/templates\/lagom2\/core\/cms\/sections\/config\/predefined-section\/predefined-section.tpl","cache":true},"page_id":180,"visibility":1,"theme":"default","order":6,"created_at":"2025-01-03T07:11:24.000000Z","updated_at":"2025-01-03T07:17:20.000000Z","lang":{"english":{"id":903,"translation":{"predefined_section":"4"}}},"translations":[{"id":903,"section_id":881,"lang":"english","values":{"predefined_section":"4"},"created_at":"2025-01-03T07:11:24.000000Z","updated_at":"2025-01-03T07:11:24.000000Z"}]}