{"id":1942,"type":{"default_type":false,"name":"Predefined Section","slug":"predefined-section","fields":[{"type":"sections","name":"predefined_section","label":"Choose predefined section"}],"template":"\/var\/www\/templates\/lagom2\/core\/cms\/sections\/config\/predefined-section\/predefined-section.tpl","cache":true},"page_id":302,"visibility":1,"theme":"default","stype":"","order":17,"created_at":"2024-12-14T11:33:23.000000Z","updated_at":"2024-12-14T11:33:23.000000Z","lang":{"english":{"id":1949,"translation":{"predefined_section":"3"}}},"translations":[{"id":1949,"section_id":1942,"lang":"english","values":{"predefined_section":"3"},"created_at":"2024-12-14T11:33:23.000000Z","updated_at":"2024-12-14T11:33:23.000000Z"}]}