{"id":1930,"type":{"default_type":false,"name":"Predefined Section","slug":"predefined-section","fields":[{"type":"sections","name":"predefined_section","label":"Choose predefined section"}],"template":"\/var\/www\/templates\/lagom2\/core\/cms\/sections\/config\/predefined-section\/predefined-section.tpl","cache":true},"page_id":302,"visibility":1,"theme":"default","stype":"","order":5,"created_at":"2024-12-14T11:33:23.000000Z","updated_at":"2024-12-14T11:33:23.000000Z","lang":{"english":{"id":1937,"translation":{"predefined_section":"1"}}},"translations":[{"id":1937,"section_id":1930,"lang":"english","values":{"predefined_section":"1"},"created_at":"2024-12-14T11:33:23.000000Z","updated_at":"2024-12-14T11:33:23.000000Z"}]}