{"id":1680,"type":{"default_type":false,"name":"Predefined Section","slug":"predefined-section","fields":[{"type":"sections","name":"predefined_section","label":"Choose predefined section"}],"template":"\/var\/www\/templates\/lagom2\/core\/cms\/sections\/config\/predefined-section\/predefined-section.tpl","cache":true},"page_id":281,"visibility":1,"theme":"default","stype":"","order":6,"created_at":"2024-10-22T16:59:47.000000Z","updated_at":"2024-10-22T16:59:47.000000Z","lang":{"english":{"id":1687,"translation":{"predefined_section":"1"}}},"translations":[{"id":1687,"section_id":1680,"lang":"english","values":{"predefined_section":"1"},"created_at":"2024-10-22T16:59:47.000000Z","updated_at":"2024-10-22T16:59:47.000000Z"}]}