{"id":1689,"type":{"default_type":false,"name":"Predefined Section","slug":"predefined-section","fields":[{"type":"sections","name":"predefined_section","label":"Choose predefined section"}],"template":"\/var\/www\/templates\/lagom2\/core\/cms\/sections\/config\/predefined-section\/predefined-section.tpl","cache":true},"page_id":281,"visibility":1,"theme":"default","stype":"","order":16,"created_at":"2024-10-22T16:59:47.000000Z","updated_at":"2024-10-22T17:14:19.000000Z","lang":{"english":{"id":1696,"translation":{"predefined_section":"4"}}},"translations":[{"id":1696,"section_id":1689,"lang":"english","values":{"predefined_section":"4"},"created_at":"2024-10-22T16:59:47.000000Z","updated_at":"2024-10-22T16:59:47.000000Z"}]}