{"id":1072,"type":{"default_type":false,"name":"Predefined Section","slug":"predefined-section","fields":[{"type":"sections","name":"predefined_section","label":"Choose predefined section"}],"template":"\/var\/www\/html\/templates\/lagom2\/core\/cms\/sections\/config\/predefined-section\/predefined-section.tpl","cache":true},"page_id":184,"visibility":0,"theme":"default","order":4,"created_at":"2024-12-14T11:27:00.000000Z","updated_at":"2024-12-16T06:18:18.000000Z","lang":{"english":{"id":1190,"translation":{"predefined_section":"4"}}},"translations":[{"id":1190,"section_id":1072,"lang":"english","values":{"predefined_section":"4"},"created_at":"2024-12-14T11:27:00.000000Z","updated_at":"2024-12-14T11:27:00.000000Z"}]}