{"id":1070,"type":{"default_type":false,"name":"Predefined Section","slug":"predefined-section","fields":[{"type":"sections","name":"predefined_section","label":"Choose predefined section"}],"template":"\/var\/www\/html\/templates\/lagom2\/core\/cms\/sections\/config\/predefined-section\/predefined-section.tpl","cache":true},"page_id":184,"visibility":1,"theme":"default","order":2,"created_at":"2024-12-14T11:10:28.000000Z","updated_at":"2024-12-16T06:04:52.000000Z","lang":{"english":{"id":1188,"translation":{"predefined_section":"27"}}},"translations":[{"id":1188,"section_id":1070,"lang":"english","values":{"predefined_section":"27"},"created_at":"2024-12-14T11:10:28.000000Z","updated_at":"2024-12-14T11:10:28.000000Z"}]}