[{"id":143,"custom_page":1,"url":"home","name":"Page - Home - Main Layout","display_type":"website","list_display":1,"seo_enabled":1,"seo_robots":1,"seo_title":{"arabic":"Arabic Title","azerbaijani":"","catalan":"","chinese":"","croatian":"","czech":"","danish":"","dutch":"","english":"Web Hosting, Domain Names, WordPress &amp;amp; More","estonian":"","farsi":"","french":"","german":"","hebrew":"","hungarian":"","italian":"","macedonian":"","norwegian":"","portuguese-br":"","portuguese-pt":"","romanian":"","russian":"","spanish":"","swedish":"","turkish":"","ukranian":""},"seo_description":{"arabic":"Arabic Description","azerbaijani":"","catalan":"","chinese":"","croatian":"","czech":"","danish":"","dutch":"","english":"Hosting solutions, backed by a 99.9% uptime, complimentary SSL security, effortless WordPress installation, and a one-year free domain.","estonian":"","farsi":"","french":"","german":"","hebrew":"","hungarian":"","italian":"","macedonian":"","norwegian":"","portuguese-br":"","portuguese-pt":"","romanian":"","russian":"","spanish":"","swedish":"","turkish":"","ukranian":""},"seo_image":null,"settings":{"published":"1","body_class":"entertext"},"created_at":"2023-03-29T15:21:03.000000Z","updated_at":"2024-09-24T09:26:12.000000Z","ishomepage":1}]