{"id":1903,"type":{"default_type":false,"name":"Predefined Section","slug":"predefined-section","fields":[{"type":"sections","name":"predefined_section","label":"Choose predefined section"}],"template":"\/var\/www\/templates\/lagom2\/core\/cms\/sections\/config\/predefined-section\/predefined-section.tpl","cache":true},"page_id":298,"visibility":1,"theme":"gray","stype":"expired_promo","order":1,"created_at":"2024-12-09T15:25:58.000000Z","updated_at":"2024-12-09T15:25:58.000000Z","lang":{"english":{"id":1910,"translation":{"predefined_section":"26"}}},"translations":[{"id":1910,"section_id":1903,"lang":"english","values":{"predefined_section":"26"},"created_at":"2024-12-09T15:25:58.000000Z","updated_at":"2024-12-09T15:25:58.000000Z"}]}