{"id":1526,"type":{"default_type":true,"name":"Product Comparison","slug":"compare-packages","fields":[{"type":"subsection","name":"subsection","label":"Section Description","collapse":false},{"type":"text","name":"caption","label":"Caption","placeholder":"Enter caption...","tooltip":"Provide a brief section caption to appear above the main title in a smaller font. You can skip this if you don`t wish to display this element.","tooltip_url":"https:\/\/lagom.rsstudio.net\/docs\/website-builder\/section-banner-default\/#banner-description"},{"type":"text","name":"title","label":"Title","placeholder":"Enter title...","tooltip":"Elevate page clarity and visual hierarchy using section titles. Optionally skip for not displaying this element.","tooltip_url":"https:\/\/lagom.rsstudio.net\/docs\/website-builder\/section-banner-default\/#banner-description"},{"type":"text-editor","name":"subtitle","label":"Subtitle","placeholder":"Enter subtitle...","tooltip":"Add concise text to clarify section content, enhancing context and user understanding. You can skip this if you don`t wish to display this element.","tooltip_url":"https:\/\/lagom.rsstudio.net\/docs\/website-builder\/section-banner-default\/#banner-description"},{"type":"subsection","name":"subsection","label":"Table Content","collapse":false},{"type":"group-input","name":"products_group","label":"Group table content in multiple tabs","grouped":false,"group_forced":false,"fields":[{"type":"graphic","name":"graphic","label":"Graphic for this group","graphic_types":"icons","grouped_only_visible":true,"tooltip":"TO DO","tooltip_url":"TO DO"},{"type":"product","name":"products_list","label":"Products","tooltip":"Shows a list of products added to this section for display on the website. You can easily arrange them by dragging and dropping, adjusting their order as you like.","tooltip_url":"https:\/\/lagom.rsstudio.net\/docs\/website-builder\/section-products\/#products"},{"type":"comparison-table","name":"comparison_table","label":"Features","tooltip":"Shows a list of products added to this section for display on the website. You can easily arrange them by dragging and dropping, adjusting their order as you like.","tooltip_url":"https:\/\/lagom.rsstudio.net\/docs\/website-builder\/section-products\/#products"}],"tooltip":"This option enables you to generate multiple product groups, which will subsequently appear on the frontend as distinct tabs.","tooltip_url":"https:\/\/lagom.rsstudio.net\/docs\/website-builder\/section-products\/#group-products","group_section":"compare-packages"},{"type":"subsection","name":"subsection","label":"Table Settings","collapse":true},{"type":"select","name":"style","label":"Table Style","container_class":"col-sm-6","options":[{"name":"Bordered","value":"bordered"},{"name":"Boxed","value":"boxed"}],"tooltip":"Choose the style for the created packages to determine how you want them to be displayed on the generated website page.","tooltip_url":"https:\/\/lagom.rsstudio.net\/docs\/website-builder\/section-products\/#product-style"},{"type":"select","name":"type","label":"Table Type","container_class":"col-sm-6","options":[{"name":"Type 1 - Collapsible Groups","value":"collapsible"},{"name":"Type 2 - Expanded Groups","value":"expanded"}],"tooltip":"Choose the style for the created packages to determine how you want them to be displayed on the generated website page.","tooltip_url":"https:\/\/lagom.rsstudio.net\/docs\/website-builder\/section-products\/#product-style"},{"type":"checkbox","name":"hide_starting_from","label":"Hide starting form text","tooltip":"When this option is enabled, product will not show \"Starting from\" text above the pricing. This text is shown by WHMCS system, where product has configurable options assigned.","tooltip_url":"https:\/\/lagom.rsstudio.net\/docs\/website-builder\/section-products\/#hide-starting-from"},{"type":"checkbox","name":"disable_sticky_header","label":"Disable sticky header","tooltip":"Sticky headers keep the header and feature categories visible at the top as you scroll, which is helpful for navigating long comparison tables. Enabling \"Disable sticky header\" turns off this behavior, allowing the entire page to scroll normally for a cleaner view.","tooltip_url":"https:\/\/lagom.rsstudio.net\/docs\/website-builder\/section-products\/#hide-starting-from"},{"type":"checkbox","name":"display_billing_cycle","label":"Display billing cycle switcher with selected cycles","label_attributes":[{"name":"toggle","value":"lu-collapse"},{"name":"target","value":"#display_billing_cycle"}],"attributes":[{"name":"billing-cycle-switcher"}],"tooltip":"This option enables you to display multiple billing cycle options for \"Product\" packages, so your customers can compare the pricing between different billing cycles","tooltip_url":"https:\/\/lagom.rsstudio.net\/docs\/website-builder\/section-products\/#product-billing-switcher"},{"type":"multiselect","name":"billing_cycle","container_id":"display_billing_cycle","container_collapse":true,"container_collapse_target":"display_billing_cycle","attributes":[{"name":"billing-cycle-select"},{"name":"selectize-all"}],"options":[{"name":"All","value":"all","default":true},{"name":"Monthly","value":"monthly"},{"name":"Quarterly","value":"quarterly"},{"name":"Semiannually","value":"semiannually"},{"name":"Annually","value":"annually"},{"name":"Biennially","value":"biennially"},{"name":"Triennially","value":"triennially"}]},{"type":"checkbox","name":"reverse_billing_cycle_order","label":"Reverse billing cycle order","tooltip":"When this option is enabled, billing cycles will be displayed from shortest cycle to longest.","tooltip_url":"https:\/\/lagom.rsstudio.net\/docs\/website-builder\/section-products\/#reverse-billing-cycle-order"},{"type":"select","name":"cols_desktop","label":"Columns on desktop","container_class":"col-sm-4","options":[{"name":"1","value":"1"},{"name":"2","value":"2"},{"name":"3","value":"3"},{"name":"4","value":"4","default":true}],"tooltip":"efine the number of columns for features displayed on screens wider than 1320px.","tooltip_url":"https:\/\/lagom.rsstudio.net\/docs\/website-builder\/section-products\/#products-columns"},{"type":"select","name":"cols_tab_h","label":"Columns on tablet horizontal","container_class":"col-sm-4","options":[{"name":"1","value":"1"},{"name":"2","value":"2"},{"name":"3","value":"3"},{"name":"4","value":"4","default":true}],"tooltip":"Specify the number of columns for features displayed on screens with widths ranging from 992px to 1319px.","tooltip_url":"https:\/\/lagom.rsstudio.net\/docs\/website-builder\/section-products\/#products-columns"},{"type":"select","name":"cols_tab_v","label":"Columns on tablet vertical","container_class":"col-sm-4","options":[{"name":"1","value":"1"},{"name":"2","value":"2","default":true}],"tooltip":"Choose the number of columns for features displayed on screens with widths ranging from 768px to 991px.","tooltip_url":"https:\/\/lagom.rsstudio.net\/docs\/website-builder\/section-products\/#products-columns"},{"type":"subsection","name":"subsection","label":"Section Actions","collapse":true},{"type":"buttons","name":"buttons","label":"Buttons","tooltip":"Create and assign custom buttons to this section with ease. Boost user engagement and enhance website conversion with effective call-to-action buttons.","tooltip_url":"https:\/\/lagom.rsstudio.net\/docs\/website-builder\/section-common-settings\/#button-manager"},{"type":"subsection","name":"subsection","label":"Advanced Section Settings","collapse":true},{"type":"checkbox","name":"combined","label":"Combine this section with section below","attributes":[{"name":"uncheck-switcher","value":["overlay"]}],"tooltip":"Eliminate bottom padding and borders from this section, allowing the fusion of these two sections. It`s recommended to apply identical \"Section Style\" in the \"Section Panel\" for seamless integration.","tooltip_url":"https:\/\/lagom.rsstudio.net\/docs\/website-builder\/section-common-settings\/#combine-sections"},{"type":"checkbox","name":"overlay","label":"Overlay section below on this section","attributes":[{"name":"uncheck-switcher","value":["combined"]}],"tooltip":"This configuration pulls the section below over the currently managed section while adding an extra 200px padding at the bottom. You can adjust the pixel value by customizing the <b>--cms-section-overlay-margin<\/b> CSS variable through custom CSS rules.","tooltip_url":"https:\/\/lagom.rsstudio.net\/docs\/website-builder\/section-common-settings\/#overlay-sections"},{"type":"text","name":"section_anchor","label":"Section anchor","placeholder":"Enter anchor...","tooltip":"Assign special names to section anchors. This makes it easy to guide people to specific parts of the page when you share links","tooltip_url":"https:\/\/lagom.rsstudio.net\/docs\/website-builder\/section-common-settings\/#section-anchor"},{"type":"text","name":"custom_class","label":"Section custom class","placeholder":"Enter class...","tooltip":"This setting allows you to assign custom classes to the section container. You can input your own CSS class here and then apply the necessary styling in the <b>theme-custom.css<\/b> file.","tooltip_url":"https:\/\/lagom.rsstudio.net\/docs\/website-builder\/section-common-settings\/#section-custom-class"},{"type":"select","name":"tabs_style","label":"Tabs Style","container_class":"col-sm-12","options":[{"name":"Default","value":"default"},{"name":"Boxed","value":"boxed"}],"tooltip":"Choose the style for the created tabs to determine how you want them to be displayed on the generated website page. This option works only when `Group table content` option is enabled","tooltip_url":""}],"template":"\/var\/www\/templates\/lagom2\/core\/cms\/sections\/config\/compare-packages\/compare-packages.tpl","cache":true,"thumb":"thumb.png"},"page_id":159,"visibility":1,"theme":"default","order":10,"created_at":"2024-07-03T08:30:35.000000Z","updated_at":"2024-07-03T08:30:35.000000Z","lang":{"english":{"id":1533,"translation":{"caption":"Section Product Comparison - Boxed Groups, Billing Cycle","title":"Table with multiple groups and billing cycle switcher","subtitle":"","products_group":{"grouped":"1","group_forced":"0","groups":{"1":{"group_index":"1","group_name":"Shared Hosting","group_order":"1","fields":{"graphic":{"type":"icon","graphic":"64-shared-hosting-5.tpl"},"products_list":[{"index":"1","position":"1","custom_classes":"","show_icon":"0","group_id":"1","product_id":"1","custom_multi_price":"undefined","link_text":"","link_type":"custom-url","show_link":"0","custom_url":"","target_blank":"0","title":"Single","description":"<p>Perfecto para iniciarese en el mundo web. Ideal para pruebas y aprendizaje.<\/p>\r\n<ul class=\"package-features\">\r\n    <li><b>Unlimited<\/b> Website<\/li>\r\n    <li><b>50 GB<\/b> NVMe Storage<\/li>\r\n    <li><b>Unmetered<\/b> Bandwidth<\/li>\r\n    <li><b>Unlimited<\/b> Emails & DBs<\/li>\r\n    <li><b>Free<\/b> SSL Certificate<\/li>\r\n    <li class=\"premium-divider\"><span>Premium Features<\/span><\/li>\r\n    <li><b>On-demand<\/b> Backups<\/li>\r\n    <li><b>50% Faster<\/b> Servers<\/li>\r\n    <li><b>Priority<\/b> Support<\/li>\r\n<\/ul>","url":""},{"index":"2","position":"2","custom_classes":"","show_icon":"0","group_id":"1","product_id":"2","custom_multi_price":"undefined","link_text":"","link_type":"custom-url","show_link":"0","custom_url":"","target_blank":"0","title":"Premium","description":"<p>Perfecto para iniciarese en el mundo web. Ideal para pruebas y aprendizaje.<\/p>\r\n<ul class=\"package-features\">\r\n   <li><b>1 Sitio web<\/b> permiitido  <\/i><\/span><\/li>\r\n   <li><b>500MB<\/b> de Espacio web<\/li>\r\n   <li><b>1GB<\/b> de Transferencia mensual<\/li>\r\n   <li><b>SSL<\/b> incluido para mayor seguridad<\/li>\r\n   <li><b>1<\/b> Base de datos<\/li>\r\n   <li><b>PHP<\/b> 7.4 soportado <\/li>\r\n   <li class=\"premium-divider\"><span>Nota<\/span><\/li>\r\n   <li> Este plan no incluye soporte t\u00e9cnico<\/li>\r\n<\/ul>","url":""},{"index":"3","position":"3","custom_classes":"","show_icon":"0","group_id":"1","product_id":"3","custom_multi_price":"undefined","link_text":"","link_type":"custom-url","show_link":"0","custom_url":"","target_blank":"0","title":"Business","description":"<p>Ideal for small and medium businesses.<\/p>\r\n<ul class=\"package-features\">\r\n   <li><b>Unlimited<\/b> Website<\/li>\r\n   <li><b>50 GB<\/b> NVMe Storage<\/li>\r\n   <li><b>Unmetered<\/b> Bandwidth<\/li>\r\n   <li><b>Unlimited<\/b> Emails & DBs<\/li>\r\n   <li><b>Free<\/b> SSL Certificate<\/li>\r\n   <li class=\"premium-divider\"><span>Premium Features<\/span><\/li>\r\n   <li><b>On-demand<\/b> Backups<\/li>\r\n   <li><b>50% Faster<\/b> Servers<\/li>\r\n   <li><b>Priority<\/b> Support<\/li>\r\n<\/ul>","url":""}],"header_title":"Compare Features","comparison_table":[{"index":"1","position":"1","feature_name":"Website Hosted","show_hint":"false","hint":"","product":"{\"id_1\":{\"icon\":\"none\",\"feature\":\"1 Website\"},\"id_2\":{\"icon\":\"none\",\"feature\":\"10 Websites\"},\"id_3\":{\"icon\":\"fire\",\"feature\":\"Unlimited Websites\"}}","hide_item":"false"},{"index":"2","position":"2","feature_name":"NVMe Storage","show_hint":"false","hint":"","product":"{\"id_1\":{\"icon\":\"none\",\"feature\":\"15 GB \"},\"id_2\":{\"icon\":\"none\",\"feature\":\"25 GB\"},\"id_3\":{\"icon\":\"none\",\"feature\":\"50 GB\"}}","hide_item":"false"},{"index":"3","position":"3","feature_name":"Unlimited Bandwidth","show_hint":"false","hint":"","product":"{\"id_1\":{\"icon\":\"availability\",\"feature\":\"\"},\"id_2\":{\"icon\":\"availability\",\"feature\":\"\"},\"id_3\":{\"icon\":\"availability\",\"feature\":\"\"}}","hide_item":"false"},{"index":"4","position":"4","feature_name":"Unlimited Emails & DBs","show_hint":"false","hint":"","product":"{\"id_1\":{\"icon\":\"availability\",\"feature\":\"\"},\"id_2\":{\"icon\":\"availability\",\"feature\":\"\"},\"id_3\":{\"icon\":\"availability\",\"feature\":\"\"}}","hide_item":"false"},{"index":"5","position":"5","feature_name":"Free SSL Certificate","show_hint":"false","hint":"","product":"{\"id_1\":{\"icon\":\"availability\",\"feature\":\"\"},\"id_2\":{\"icon\":\"availability\",\"feature\":\"\"},\"id_3\":{\"icon\":\"availability\",\"feature\":\"\"}}","hide_item":"false"},{"index":"6","position":"6","feature_name":"Subdomains","show_hint":"false","hint":"","product":"{\"id_1\":{\"icon\":\"none\",\"feature\":\"2\"},\"id_2\":{\"icon\":\"none\",\"feature\":\"Unlimited\"},\"id_3\":{\"icon\":\"none\",\"feature\":\"Unlimited\"}}","hide_item":"false"},{"index":"7","position":"7","feature_name":"CPU Cores","show_hint":"false","hint":"","product":"{\"id_1\":{\"icon\":\"none\",\"feature\":\"1 Core\"},\"id_2\":{\"icon\":\"none\",\"feature\":\"2 Cores\"},\"id_3\":{\"icon\":\"none\",\"feature\":\"3 Cores\"}}","hide_item":"false"},{"index":"8","position":"8","feature_name":"RAM Memory","show_hint":"false","hint":"","product":"{\"id_1\":{\"icon\":\"none\",\"feature\":\"1 GB\"},\"id_2\":{\"icon\":\"none\",\"feature\":\"2 GB\"},\"id_3\":{\"icon\":\"none\",\"feature\":\"3 GB\"}}","hide_item":"false"}]}},"2":{"group_index":"2","group_name":"Wordpress Hosting","group_order":"2","fields":{"graphic":{"type":"icon","graphic":"64-wordpress-hosting-2.tpl"},"products_list":[{"index":"1","position":"1","custom_classes":"","show_icon":"0","group_id":"19","product_id":"109","custom_multi_price":"undefined","link_text":"","link_type":"custom-url","show_link":"0","custom_url":"","target_blank":"0","title":"Single WP","description":"<p>Low cost, fast hosting, perfect starters.<\/p><ul class=\"package-features\"> <li><b>1<\/b>Website<\/li><li><b>15 GB<\/b> NVMe Storage<\/li><li><b>Unlimited<\/b> Bandwidth<\/li> <li><b>Unlimited<\/b> Emails & DBs<\/li>  <li><b>Free<\/b> SSL Certificate<\/li><\/ul>","url":""},{"index":"2","position":"2","custom_classes":"","show_icon":"0","group_id":"19","product_id":"107","custom_multi_price":"undefined","link_text":"","link_type":"custom-url","show_link":"0","custom_url":"","target_blank":"0","title":"Premium WP","description":"<p>Perfect for larger websites with databases.<\/p><ul class=\"package-features\"> <li><b>Unlimited<\/b> Website<\/li><li><b>25 GB<\/b> NVMe Storage<\/li><li><b>Unmetered<\/b> Bandwidth<\/li><li><b>Unlimited<\/b> Emails & DBs<\/li><li><b>Free<\/b> SSL Certificate<\/li><li class=\"premium-divider\"><span>Premium Features<\/span><\/li><li><b>On-demand<\/b> Backups<\/li><li><b>25% Faster<\/b> Servers<\/li><\/ul>\r\n","url":""},{"index":"3","position":"3","custom_classes":"","show_icon":"0","group_id":"19","product_id":"108","custom_multi_price":"undefined","link_text":"","link_type":"custom-url","show_link":"0","custom_url":"","target_blank":"0","title":"Business WP","description":"<p>Ideal for small and medium businesses.<\/p><ul class=\"package-features\"><li><b>Unlimited<\/b> Website<\/li><li><b>50 GB<\/b> NVMe Storage<\/li><li><b>Unmetered<\/b> Bandwidth<\/li><li><b>Unlimited<\/b> Emails & DBs<\/li><li><b>Free<\/b> SSL Certificate<\/li><li class=\"premium-divider\"><span>Premium Features<\/span><\/li><li><b>On-demand<\/b> Backups<\/li><li><b>50% Faster<\/b> Servers<\/li><li><b>Priority<\/b> Support<\/li><\/ul>","url":""}],"header_title":"Compare Features","comparison_table":[{"index":"1","position":"1","feature_name":"Website Hosted","show_hint":"false","hint":"","product":"{\"id_109\":{\"icon\":\"none\",\"feature\":\"1 Website\"},\"id_107\":{\"icon\":\"none\",\"feature\":\"10 Websites\"},\"id_108\":{\"icon\":\"fire\",\"feature\":\"Unlimited Websites\"}}","hide_item":"false"},{"index":"2","position":"2","feature_name":"NVMe Storage","show_hint":"false","hint":"","product":"{\"id_109\":{\"icon\":\"none\",\"feature\":\"15  GB\"},\"id_107\":{\"icon\":\"none\",\"feature\":\"25 GB\"},\"id_108\":{\"icon\":\"none\",\"feature\":\"50 GB\"}}","hide_item":"false"},{"index":"3","position":"3","feature_name":"Unlimited Bandwidth","show_hint":"false","hint":"","product":"{\"id_109\":{\"icon\":\"availability\",\"feature\":\"\"},\"id_107\":{\"icon\":\"availability\",\"feature\":\"\"},\"id_108\":{\"icon\":\"availability\",\"feature\":\"\"}}","hide_item":"false"},{"index":"4","position":"4","feature_name":"Unlimited Emails & DBs","show_hint":"false","hint":"","product":"{\"id_109\":{\"icon\":\"availability\",\"feature\":\"\"},\"id_107\":{\"icon\":\"availability\",\"feature\":\"\"},\"id_108\":{\"icon\":\"availability\",\"feature\":\"\"}}","hide_item":"false"},{"index":"5","position":"5","feature_name":"Free SSL Certificate","show_hint":"false","hint":"","product":"{\"id_109\":{\"icon\":\"availability\",\"feature\":\"\"},\"id_107\":{\"icon\":\"availability\",\"feature\":\"\"},\"id_108\":{\"icon\":\"availability\",\"feature\":\"\"}}","hide_item":"false"},{"index":"6","position":"6","feature_name":"Sybdomaions","show_hint":"false","hint":"","product":"{\"id_109\":{\"icon\":\"none\",\"feature\":\"2\"},\"id_107\":{\"icon\":\"none\",\"feature\":\"Unlimited\"},\"id_108\":{\"icon\":\"none\",\"feature\":\"Unlimited\"}}","hide_item":"false"},{"index":"7","position":"7","feature_name":"Website Builder","show_hint":"false","hint":"","product":"{\"id_109\":{\"icon\":\"none\",\"feature\":\"Basic\"},\"id_107\":{\"icon\":\"none\",\"feature\":\"Advanced\"},\"id_108\":{\"icon\":\"none\",\"feature\":\"Advanced\"}}","hide_item":"false"},{"index":"8","position":"8","feature_name":"Staging Environment","show_hint":"false","hint":"","product":"{\"id_109\":{\"icon\":\"absence\",\"feature\":\"\"},\"id_107\":{\"icon\":\"availability\",\"feature\":\"\"},\"id_108\":{\"icon\":\"availability\",\"feature\":\"\"}}","hide_item":"false"}]}},"3":{"group_index":"3","group_name":"Reseller Hosting","group_order":"3","fields":{"graphic":{"type":"icon","graphic":"64-resellers-hosting.tpl"},"products_list":[{"index":"1","position":"3","custom_classes":"","show_icon":"0","group_id":"21","product_id":"117","custom_multi_price":"undefined","link_text":"","link_type":"custom-url","show_link":"0","custom_url":"","target_blank":"0","title":"SO 60","description":"<ul class=\"package-features\"> <li><b>60 GB<\/b> SSD Storage<\/li><li><b>3 TB<\/b> Bandwidth<\/li><li><b>30<\/b> cPanel Accounts<\/li> <li><b>Unlimited<\/b> Websites<\/li> <li><b>Free<\/b> SSL Certificate<\/li><\/ul>","url":""},{"index":"2","position":"2","custom_classes":"","show_icon":"0","group_id":"21","product_id":"118","custom_multi_price":"undefined","link_text":"","link_type":"custom-url","show_link":"0","custom_url":"","target_blank":"0","title":"SO 90","description":"<ul class=\"package-features\"> <li><b>90 GB<\/b> SSD Storage<\/li><li><b>6 TB<\/b> Bandwidth<\/li><li><b>60<\/b> cPanel Accounts<\/li> <li><b>Unlimited<\/b> Websites<\/li> <li><b>Free<\/b> SSL Certificate<\/li><\/ul>","url":""},{"index":"3","position":"3","custom_classes":"","show_icon":"0","group_id":"21","product_id":"119","custom_multi_price":"undefined","link_text":"","link_type":"custom-url","show_link":"0","custom_url":"","target_blank":"0","title":"SO 140","description":"<ul class=\"package-features\"> <li><b>140 GB<\/b> SSD Storage<\/li><li><b>9 TB <\/b> Bandwidth<\/li><li><b>80<\/b> cPanel Accounts<\/li> <li><b>Unlimited<\/b> Websites<\/li> <li><b>Free<\/b> SSL Certificate<\/li><\/ul>","url":""}],"header_title":"Compare Features","comparison_table":[{"index":"1","position":"1","feature_name":"SSD Storage","show_hint":"false","hint":"","product":"{\"id_117\":{\"icon\":\"none\",\"feature\":\"60 GB\"},\"id_118\":{\"icon\":\"none\",\"feature\":\"90 GB\"},\"id_119\":{\"icon\":\"none\",\"feature\":\"140 GB\"}}","hide_item":"false"},{"index":"2","position":"2","feature_name":"Bandwidth","show_hint":"false","hint":"","product":"{\"id_117\":{\"icon\":\"none\",\"feature\":\"3 TB\"},\"id_118\":{\"icon\":\"none\",\"feature\":\"6 TB\"},\"id_119\":{\"icon\":\"none\",\"feature\":\"9 TB\"}}","hide_item":"false"},{"index":"3","position":"3","feature_name":"c Panel Accounts","show_hint":"false","hint":"","product":"{\"id_117\":{\"icon\":\"none\",\"feature\":\"30\"},\"id_118\":{\"icon\":\"none\",\"feature\":\"60\"},\"id_119\":{\"icon\":\"none\",\"feature\":\"80\"}}","hide_item":"false"},{"index":"4","position":"4","feature_name":"Unlimited Websites","show_hint":"false","hint":"","product":"{\"id_117\":{\"icon\":\"availability\",\"feature\":\"\"},\"id_118\":{\"icon\":\"availability\",\"feature\":\"\"},\"id_119\":{\"icon\":\"availability\",\"feature\":\"\"}}","hide_item":"false"},{"index":"5","position":"5","feature_name":"Free SSL Certificate","show_hint":"false","hint":"","product":"{\"id_117\":{\"icon\":\"availability\",\"feature\":\"\"},\"id_118\":{\"icon\":\"availability\",\"feature\":\"\"},\"id_119\":{\"icon\":\"availability\",\"feature\":\"\"}}","hide_item":"false"},{"index":"6","position":"6","feature_name":"Private Nameservers","show_hint":"false","hint":"","product":"{\"id_117\":{\"icon\":\"absence\",\"feature\":\"\"},\"id_118\":{\"icon\":\"availability\",\"feature\":\"\"},\"id_119\":{\"icon\":\"availability\",\"feature\":\"\"}}","hide_item":"false"},{"index":"7","position":"7","feature_name":"Multiple Server Locations","show_hint":"false","hint":"","product":"{\"id_117\":{\"icon\":\"availability\",\"feature\":\"\"},\"id_118\":{\"icon\":\"availability\",\"feature\":\"\"},\"id_119\":{\"icon\":\"availability\",\"feature\":\"\"}}","hide_item":"false"},{"index":"8","position":"8","feature_name":"Server Resources","show_hint":"false","hint":"","product":"{\"id_117\":{\"icon\":\"none\",\"feature\":\"Basic\"},\"id_118\":{\"icon\":\"none\",\"feature\":\"Medium\"},\"id_119\":{\"icon\":\"none\",\"feature\":\"High\"}}","hide_item":"false"}]}}},"new_group_index":4},"style":"boxed","type":"collapsible","hide_starting_from":"0","disable_sticky_header":"1","display_billing_cycle":"0","billing_cycle":"all","reverse_billing_cycle_order":"0","cols_desktop":"3","cols_tab_h":"3","cols_tab_v":"2","buttons":"","combined":"0","overlay":"0","section_anchor":"","custom_class":"","tabs_style":"boxed"}}},"translations":[{"id":1533,"section_id":1526,"lang":"english","values":{"caption":"Section Product Comparison - Boxed Groups, Billing Cycle","title":"Table with multiple groups and billing cycle switcher","subtitle":"","products_group":{"group_forced":"0","grouped":"1","groups":{"1":{"group_name":"Shared Hosting","group_order":"1","group_index":"1","fields":{"graphic":{"type":"icon","graphic":"64-shared-hosting-5.tpl"},"products_list":[{"index":"1","position":"1","custom_classes":"","show_icon":"0","group_id":"1","product_id":"1","custom_multi_price":"undefined","link_text":"","link_type":"custom-url","show_link":"0","custom_url":"","target_blank":"0"},{"index":"2","position":"2","custom_classes":"","show_icon":"0","group_id":"1","product_id":"2","custom_multi_price":"undefined","link_text":"","link_type":"custom-url","show_link":"0","custom_url":"","target_blank":"0"},{"index":"3","position":"3","custom_classes":"","show_icon":"0","group_id":"1","product_id":"3","custom_multi_price":"undefined","link_text":"","link_type":"custom-url","show_link":"0","custom_url":"","target_blank":"0"}],"header_title":"Compare Features","comparison_table":[{"index":"1","position":"1","feature_name":"Website Hosted","show_hint":"false","hint":"","product":"{\"id_1\":{\"icon\":\"none\",\"feature\":\"1 Website\"},\"id_2\":{\"icon\":\"none\",\"feature\":\"10 Websites\"},\"id_3\":{\"icon\":\"fire\",\"feature\":\"Unlimited Websites\"}}","hide_item":"false"},{"index":"2","position":"2","feature_name":"NVMe Storage","show_hint":"false","hint":"","product":"{\"id_1\":{\"icon\":\"none\",\"feature\":\"15 GB \"},\"id_2\":{\"icon\":\"none\",\"feature\":\"25 GB\"},\"id_3\":{\"icon\":\"none\",\"feature\":\"50 GB\"}}","hide_item":"false"},{"index":"3","position":"3","feature_name":"Unlimited Bandwidth","show_hint":"false","hint":"","product":"{\"id_1\":{\"icon\":\"availability\",\"feature\":\"\"},\"id_2\":{\"icon\":\"availability\",\"feature\":\"\"},\"id_3\":{\"icon\":\"availability\",\"feature\":\"\"}}","hide_item":"false"},{"index":"4","position":"4","feature_name":"Unlimited Emails & DBs","show_hint":"false","hint":"","product":"{\"id_1\":{\"icon\":\"availability\",\"feature\":\"\"},\"id_2\":{\"icon\":\"availability\",\"feature\":\"\"},\"id_3\":{\"icon\":\"availability\",\"feature\":\"\"}}","hide_item":"false"},{"index":"5","position":"5","feature_name":"Free SSL Certificate","show_hint":"false","hint":"","product":"{\"id_1\":{\"icon\":\"availability\",\"feature\":\"\"},\"id_2\":{\"icon\":\"availability\",\"feature\":\"\"},\"id_3\":{\"icon\":\"availability\",\"feature\":\"\"}}","hide_item":"false"},{"index":"6","position":"6","feature_name":"Subdomains","show_hint":"false","hint":"","product":"{\"id_1\":{\"icon\":\"none\",\"feature\":\"2\"},\"id_2\":{\"icon\":\"none\",\"feature\":\"Unlimited\"},\"id_3\":{\"icon\":\"none\",\"feature\":\"Unlimited\"}}","hide_item":"false"},{"index":"7","position":"7","feature_name":"CPU Cores","show_hint":"false","hint":"","product":"{\"id_1\":{\"icon\":\"none\",\"feature\":\"1 Core\"},\"id_2\":{\"icon\":\"none\",\"feature\":\"2 Cores\"},\"id_3\":{\"icon\":\"none\",\"feature\":\"3 Cores\"}}","hide_item":"false"},{"index":"8","position":"8","feature_name":"RAM Memory","show_hint":"false","hint":"","product":"{\"id_1\":{\"icon\":\"none\",\"feature\":\"1 GB\"},\"id_2\":{\"icon\":\"none\",\"feature\":\"2 GB\"},\"id_3\":{\"icon\":\"none\",\"feature\":\"3 GB\"}}","hide_item":"false"}]}},"2":{"group_name":"Wordpress Hosting","group_order":"2","group_index":"2","fields":{"graphic":{"type":"icon","graphic":"64-wordpress-hosting-2.tpl"},"products_list":[{"index":"1","position":"1","custom_classes":"","show_icon":"0","group_id":"19","product_id":"109","custom_multi_price":"undefined","link_text":"","link_type":"custom-url","show_link":"0","custom_url":"","target_blank":"0"},{"index":"2","position":"2","custom_classes":"","show_icon":"0","group_id":"19","product_id":"107","custom_multi_price":"undefined","link_text":"","link_type":"custom-url","show_link":"0","custom_url":"","target_blank":"0"},{"index":"3","position":"3","custom_classes":"","show_icon":"0","group_id":"19","product_id":"108","custom_multi_price":"undefined","link_text":"","link_type":"custom-url","show_link":"0","custom_url":"","target_blank":"0"}],"header_title":"Compare Features","comparison_table":[{"index":"1","position":"1","feature_name":"Website Hosted","show_hint":"false","hint":"","product":"{\"id_109\":{\"icon\":\"none\",\"feature\":\"1 Website\"},\"id_107\":{\"icon\":\"none\",\"feature\":\"10 Websites\"},\"id_108\":{\"icon\":\"fire\",\"feature\":\"Unlimited Websites\"}}","hide_item":"false"},{"index":"2","position":"2","feature_name":"NVMe Storage","show_hint":"false","hint":"","product":"{\"id_109\":{\"icon\":\"none\",\"feature\":\"15  GB\"},\"id_107\":{\"icon\":\"none\",\"feature\":\"25 GB\"},\"id_108\":{\"icon\":\"none\",\"feature\":\"50 GB\"}}","hide_item":"false"},{"index":"3","position":"3","feature_name":"Unlimited Bandwidth","show_hint":"false","hint":"","product":"{\"id_109\":{\"icon\":\"availability\",\"feature\":\"\"},\"id_107\":{\"icon\":\"availability\",\"feature\":\"\"},\"id_108\":{\"icon\":\"availability\",\"feature\":\"\"}}","hide_item":"false"},{"index":"4","position":"4","feature_name":"Unlimited Emails & DBs","show_hint":"false","hint":"","product":"{\"id_109\":{\"icon\":\"availability\",\"feature\":\"\"},\"id_107\":{\"icon\":\"availability\",\"feature\":\"\"},\"id_108\":{\"icon\":\"availability\",\"feature\":\"\"}}","hide_item":"false"},{"index":"5","position":"5","feature_name":"Free SSL Certificate","show_hint":"false","hint":"","product":"{\"id_109\":{\"icon\":\"availability\",\"feature\":\"\"},\"id_107\":{\"icon\":\"availability\",\"feature\":\"\"},\"id_108\":{\"icon\":\"availability\",\"feature\":\"\"}}","hide_item":"false"},{"index":"6","position":"6","feature_name":"Sybdomaions","show_hint":"false","hint":"","product":"{\"id_109\":{\"icon\":\"none\",\"feature\":\"2\"},\"id_107\":{\"icon\":\"none\",\"feature\":\"Unlimited\"},\"id_108\":{\"icon\":\"none\",\"feature\":\"Unlimited\"}}","hide_item":"false"},{"index":"7","position":"7","feature_name":"Website Builder","show_hint":"false","hint":"","product":"{\"id_109\":{\"icon\":\"none\",\"feature\":\"Basic\"},\"id_107\":{\"icon\":\"none\",\"feature\":\"Advanced\"},\"id_108\":{\"icon\":\"none\",\"feature\":\"Advanced\"}}","hide_item":"false"},{"index":"8","position":"8","feature_name":"Staging Environment","show_hint":"false","hint":"","product":"{\"id_109\":{\"icon\":\"absence\",\"feature\":\"\"},\"id_107\":{\"icon\":\"availability\",\"feature\":\"\"},\"id_108\":{\"icon\":\"availability\",\"feature\":\"\"}}","hide_item":"false"}]}},"3":{"group_name":"Reseller Hosting","group_order":"3","group_index":"3","fields":{"graphic":{"type":"icon","graphic":"64-resellers-hosting.tpl"},"products_list":[{"index":"1","position":"3","custom_classes":"","show_icon":"0","group_id":"21","product_id":"117","custom_multi_price":"undefined","link_text":"","link_type":"custom-url","show_link":"0","custom_url":"","target_blank":"0"},{"index":"2","position":"2","custom_classes":"","show_icon":"0","group_id":"21","product_id":"118","custom_multi_price":"undefined","link_text":"","link_type":"custom-url","show_link":"0","custom_url":"","target_blank":"0"},{"index":"3","position":"3","custom_classes":"","show_icon":"0","group_id":"21","product_id":"119","custom_multi_price":"undefined","link_text":"","link_type":"custom-url","show_link":"0","custom_url":"","target_blank":"0"}],"header_title":"Compare Features","comparison_table":[{"index":"1","position":"1","feature_name":"SSD Storage","show_hint":"false","hint":"","product":"{\"id_117\":{\"icon\":\"none\",\"feature\":\"60 GB\"},\"id_118\":{\"icon\":\"none\",\"feature\":\"90 GB\"},\"id_119\":{\"icon\":\"none\",\"feature\":\"140 GB\"}}","hide_item":"false"},{"index":"2","position":"2","feature_name":"Bandwidth","show_hint":"false","hint":"","product":"{\"id_117\":{\"icon\":\"none\",\"feature\":\"3 TB\"},\"id_118\":{\"icon\":\"none\",\"feature\":\"6 TB\"},\"id_119\":{\"icon\":\"none\",\"feature\":\"9 TB\"}}","hide_item":"false"},{"index":"3","position":"3","feature_name":"c Panel Accounts","show_hint":"false","hint":"","product":"{\"id_117\":{\"icon\":\"none\",\"feature\":\"30\"},\"id_118\":{\"icon\":\"none\",\"feature\":\"60\"},\"id_119\":{\"icon\":\"none\",\"feature\":\"80\"}}","hide_item":"false"},{"index":"4","position":"4","feature_name":"Unlimited Websites","show_hint":"false","hint":"","product":"{\"id_117\":{\"icon\":\"availability\",\"feature\":\"\"},\"id_118\":{\"icon\":\"availability\",\"feature\":\"\"},\"id_119\":{\"icon\":\"availability\",\"feature\":\"\"}}","hide_item":"false"},{"index":"5","position":"5","feature_name":"Free SSL Certificate","show_hint":"false","hint":"","product":"{\"id_117\":{\"icon\":\"availability\",\"feature\":\"\"},\"id_118\":{\"icon\":\"availability\",\"feature\":\"\"},\"id_119\":{\"icon\":\"availability\",\"feature\":\"\"}}","hide_item":"false"},{"index":"6","position":"6","feature_name":"Private Nameservers","show_hint":"false","hint":"","product":"{\"id_117\":{\"icon\":\"absence\",\"feature\":\"\"},\"id_118\":{\"icon\":\"availability\",\"feature\":\"\"},\"id_119\":{\"icon\":\"availability\",\"feature\":\"\"}}","hide_item":"false"},{"index":"7","position":"7","feature_name":"Multiple Server Locations","show_hint":"false","hint":"","product":"{\"id_117\":{\"icon\":\"availability\",\"feature\":\"\"},\"id_118\":{\"icon\":\"availability\",\"feature\":\"\"},\"id_119\":{\"icon\":\"availability\",\"feature\":\"\"}}","hide_item":"false"},{"index":"8","position":"8","feature_name":"Server Resources","show_hint":"false","hint":"","product":"{\"id_117\":{\"icon\":\"none\",\"feature\":\"Basic\"},\"id_118\":{\"icon\":\"none\",\"feature\":\"Medium\"},\"id_119\":{\"icon\":\"none\",\"feature\":\"High\"}}","hide_item":"false"}]}}}},"style":"boxed","type":"collapsible","hide_starting_from":"0","disable_sticky_header":"1","display_billing_cycle":"0","billing_cycle":"all","reverse_billing_cycle_order":"0","cols_desktop":"3","cols_tab_h":"3","cols_tab_v":"2","buttons":"","combined":"0","overlay":"0","section_anchor":"","custom_class":"","tabs_style":"boxed"},"created_at":"2024-07-03T08:30:35.000000Z","updated_at":"2024-07-04T15:00:21.000000Z"}]}