[{"id":258,"custom_page":1,"type":"promo","slug":"","url":"promotion-expired-default","name":"Default Promotion - Expired","display_type":"website","list_display":1,"seo_enabled":0,"seo_robots":0,"seo_title":null,"seo_description":null,"seo_image":null,"settings":{"published":"1","body_class":"","promo":{"promotionDisplayTimeEnabled":"0","promotionStartDate":"","promotionEndDate":"2024-10-20","promotionEndDateAction":"expired_sections","promotionEndDateActionWhmcs":"whmcsgroup-27","promotionEndDateActionCustom":"","promotionTheme":"default","promotionNavType":"website"}},"created_at":"2024-10-21T13:40:09.000000Z","updated_at":"2024-10-21T14:33:53.000000Z"}]