{"id":982,"type":{"default_type":true,"name":"Features","slug":"features","fields":[{"type":"subsection","name":"subsection","label":"Section Description","collapse":false},{"type":"text","name":"caption","label":"Caption","placeholder":"Enter caption...","tooltip":"Provide a brief section caption to appear above the main title in a smaller font. You can skip this if you don`t wish to display this element.","tooltip_url":"https:\/\/lagom.rsstudio.net\/docs\/website-builder\/section-features\/#section-description"},{"type":"text","name":"title","label":"Title","placeholder":"Enter title...","tooltip":"Elevate page clarity and visual hierarchy using section titles. Optionally skip for not displaying this element.","tooltip_url":"https:\/\/lagom.rsstudio.net\/docs\/website-builder\/section-features\/#section-description"},{"type":"text-editor","name":"subtitle","label":"Subtitle","placeholder":"Enter subtitle...","tooltip":"Add concise text to clarify section content, enhancing context and user understanding. You can skip this if you don`t wish to display this element.","tooltip_url":"https:\/\/lagom.rsstudio.net\/docs\/website-builder\/section-features\/#section-description"},{"type":"subsection","name":"subsection","label":"Features List","collapse":false},{"type":"group-input","name":"features_group","label":"Group features in multiple tabs","grouped":false,"group_forced":false,"fields":[{"type":"list","name":"features","label":"Features","tooltip":"Present the list of generated features that will appear on the edited website page. This list offers the convenience to arrange items by dragging and dropping, allowing you to adjust their sequence.","tooltip_url":"https:\/\/lagom.rsstudio.net\/docs\/website-builder\/section-features\/#features"}],"tooltip":"This option enables you to generate multiple feature groups, which will subsequently appear on the frontend as distinct tabs","tooltip_url":"https:\/\/lagom.rsstudio.net\/docs\/website-builder\/section-features\/#group-section","group_section":"features"},{"type":"subsection","name":"subsection","label":"Features Settings","collapse":true},{"type":"select","name":"features_size","label":"Feature size","container_class":"col-sm-3","options":[{"name":"Default","value":"default"},{"name":"Small","value":"small"},{"name":"Large","value":"large"}],"tooltip":"Select the size at which the created \"features\" should be displayed on your website. Choose from a list of predefined sizes.","tooltip_url":"https:\/\/lagom.rsstudio.net\/docs\/website-builder\/section-features\/#feature-size"},{"type":"select","name":"features_icon_position","label":"Feature icon position","container_class":"col-sm-3","options":[{"name":"Top - Center","value":"top-center"},{"name":"Top - Left","value":"top-left"},{"name":"Left","value":"left"},{"name":"Right","value":"right"}],"tooltip":"Select the position of the graphic within the \"feature\" item. This choice will also influence the layout of the \"feature\" item content.","tooltip_url":"https:\/\/lagom.rsstudio.net\/docs\/website-builder\/section-features\/#feature-icon-position"},{"type":"select","name":"features_style","label":"Feature style","container_class":"col-sm-3","options":[{"name":"Default","value":"default"},{"name":"Boxed","value":"boxed"},{"name":"Bordered","value":"bordered"}],"tooltip":"This option enables you to generate multiple feature groups, which will subsequently appear on the frontend as distinct tabs","tooltip_url":"https:\/\/lagom.rsstudio.net\/docs\/website-builder\/section-features\/#group-section"},{"type":"checkbox","name":"display_features_slider","label":"Display features as slider","label_attributes":[{"name":"toggle","value":"lu-collapse"},{"name":"target","value":"#display_features_slider"}],"tooltip":"Determine the style you want to apply to the created \"feature\" items. Choose a style that maintains consistency with other section types on this page.","tooltip_url":"https:\/\/lagom.rsstudio.net\/docs\/website-builder\/section-features\/#feature-style"},{"type":"select","name":"features_slider_type","container_id":"display_features_slider","container_collapse":true,"container_collapse_target":"display_features_slider","container_class":"col-6","options":[{"name":"Full browser width slider","value":"screen-slider"},{"name":"Slider with left and right arrows","value":"content-slider"}],"tooltip":"This option enables you to display feature items as slider, once enabled additonal field will be shown, so you`d be able to choose different slider types.","tooltip_url":"https:\/\/lagom.rsstudio.net\/docs\/website-builder\/section-features\/#feature-slider"},{"type":"select","name":"cols_desktop","label":"Columns on desktop","container_class":"col-sm-3","options":[{"name":"1","value":"1"},{"name":"2","value":"2"},{"name":"3","value":"3","default":true},{"name":"4","value":"4"},{"name":"5","value":"5"},{"name":"6","value":"6"}],"tooltip":"Define the number of columns for features displayed on screens wider than 1320px.","tooltip_url":"https:\/\/lagom.rsstudio.net\/docs\/website-builder\/section-features\/#feature-columns"},{"type":"select","name":"cols_tab_h","label":"Columns on tablet horizontal","container_class":"col-sm-3","options":[{"name":"1","value":"1"},{"name":"2","value":"2"},{"name":"3","value":"3","default":true},{"name":"4","value":"4"},{"name":"5","value":"5"},{"name":"6","value":"6"}],"tooltip":"Specify the number of columns for features displayed on screens with widths ranging from 992px to 1319px.","tooltip_url":"https:\/\/lagom.rsstudio.net\/docs\/website-builder\/section-features\/#feature-columns"},{"type":"select","name":"cols_tab_v","label":"Columns on tablet vertical","container_class":"col-sm-3","options":[{"name":"1","value":"1"},{"name":"2","value":"2","default":true},{"name":"3","value":"3"},{"name":"4","value":"4"}],"tooltip":"Choose the number of columns for features displayed on screens with widths ranging from 768px to 991px.","tooltip_url":"https:\/\/lagom.rsstudio.net\/docs\/website-builder\/section-features\/#feature-columns"},{"type":"select","name":"cols_mob","label":"Columns on mobile","container_class":"col-sm-3","options":[{"name":"1","value":"1"},{"name":"2","value":"2"}],"tooltip":"Set amount of columns with features, shown on screens with width smaller than 767px.","tooltip_url":"https:\/\/lagom.rsstudio.net\/docs\/website-builder\/section-features\/#feature-columns"},{"type":"subsection","name":"subsection","label":"Section Actions","collapse":true},{"type":"buttons","name":"buttons","label":"Buttons","tooltip":"Create and assign custom buttons to this section with ease. Boost user engagement and enhance website conversion with effective call-to-action buttons.","tooltip_url":"https:\/\/lagom.rsstudio.net\/docs\/website-builder\/section-common-settings\/#button-manager"},{"type":"checkbox","name":"show_product_pricing","label":"Display starting price of selected product\/product group","label_attributes":[{"name":"toggle","value":"lu-collapse"},{"name":"target","value":"#show_product_pricing"}],"tooltip":"When \"Display starting price of selected product group\" is activated, additional field with product groups will be shown. This field displays \"starting price\" from the selected product group.","tooltip_url":"https:\/\/lagom.rsstudio.net\/docs\/website-builder\/website-builder\/section-graphic\/#section-actions"},{"type":"select","name":"product_group_pricing","container_id":"show_product_pricing","container_collapse":true,"container_collapse_target":"show_product_pricing"},{"type":"subsection","name":"subsection","label":"Advanced Section Settings","collapse":true},{"type":"checkbox","name":"combined","label":"Combine this section with section below","attributes":[{"name":"uncheck-switcher","value":["overlay"]}],"tooltip":"Eliminate bottom padding and borders from this section, allowing the fusion of these two sections. It`s recommended to apply identical \"Section Style\" in the \"Section Panel\" for seamless integration.","tooltip_url":"https:\/\/lagom.rsstudio.net\/docs\/website-builder\/section-common-settings\/#combine-sections"},{"type":"checkbox","name":"overlay","label":"Overlay section below on this section","attributes":[{"name":"uncheck-switcher","value":["combined"]}],"tooltip":"This configuration pulls the section below over the currently managed section while adding an extra 200px padding at the bottom. You can adjust the pixel value by customizing the <b>--cms-section-overlay-margin<\/b> CSS variable through custom CSS rules.","tooltip_url":"https:\/\/lagom.rsstudio.net\/docs\/website-builder\/section-common-settings\/#overlay-sections"},{"type":"text","name":"features_custom_classes","label":"Features custom class","placeholder":"Enter class...","tooltip":"Assign custom class to all feature items generated in this section."},{"type":"text","name":"section_anchor","label":"Section anchor","placeholder":"Enter anchor...","tooltip":"Assign special names to section anchors. This makes it easy to guide people to specific parts of the page when you share links","tooltip_url":"https:\/\/lagom.rsstudio.net\/docs\/website-builder\/section-common-settings\/#section-anchor"},{"type":"text","name":"custom_class","label":"Section custom class","placeholder":"Enter class...","tooltip":"This setting allows you to assign custom classes to the section container. You can input your own CSS class here and then apply the necessary styling in the <b>theme-custom.css<\/b> file.","tooltip_url":"https:\/\/lagom.rsstudio.net\/docs\/website-builder\/section-common-settings\/#section-custom-class"}],"template":"\/var\/www\/html\/templates\/lagom2\/core\/cms\/sections\/config\/features\/features.tpl","cache":true,"thumb":"thumb.png"},"page_id":143,"visibility":1,"theme":"default","order":2,"created_at":"2024-09-28T08:34:56.000000Z","updated_at":"2024-09-28T08:36:04.000000Z","lang":{"english":{"id":1063,"translation":{"subsection":null,"caption":"Why Choose Us?","title":"Fast, Reliable, And Secure Voip Services For All Your Business Needs.","subtitle":"","features_group":{"grouped":"0","group_forced":"0","groups":{"1":{"group_index":"1","group_name":"","group_order":"1","fields":{"features":[{"index":"1","position":"1","title":"30-Day Money-Back Guarantee","description":"Not&amp;nbsp;ready to take a decision? Don&#039;t worry, if you change your mind you can cancel in the first 30 days without paying a penny.","custom_classes":"","show_icon":"1","icon":"64-money-back-wallet.tpl","link_text":"","link_type":"custom-url","show_link":"0","custom_url":"","target_blank":"0","url":""},{"index":"2","position":"2","title":"High Server Performance","description":"The latest in speed tech: LiteSpeed, SCache, MariaDB, HTTP\/2, PHP8 and free CDN to improve website speed.","custom_classes":"","show_icon":"1","icon":"64-rocket-server-fast.tpl","link_text":"","link_type":"custom-url","show_link":"0","custom_url":"","target_blank":"0","url":""},{"index":"3","position":"3","title":"99.9% Uptime Guarantee","description":"Your visitors will enjoy a smooth user experience without worrying about unexpected downtime","custom_classes":"","show_icon":"1","icon":"64-uptime.tpl","link_text":"","link_type":"custom-url","show_link":"0","custom_url":"","target_blank":"0","url":""},{"index":"4","position":"4","title":"Global Data Centers","description":"Looking for a voip host with data centers in your area? We&#039;ve got you covered globally, with different server locations.","custom_classes":"","show_icon":"1","icon":"64-location-1.tpl","link_text":"","link_type":"custom-url","show_link":"0","custom_url":"","target_blank":"0","url":""},{"index":"5","position":"5","title":"Higherst Server Security","description":"Fail2ban as security monitor to block SIP and HTTP brute force attacks.","custom_classes":"","show_icon":"1","icon":"64-success-shield-server-2.tpl","link_text":"","link_type":"custom-url","show_link":"0","custom_url":"","target_blank":"0","url":""},{"index":"6","position":"6","title":"Daily Backups","description":"Completely safe website, thanks to our automatic backups, enabling you to restore your last 7 day data anytime.","custom_classes":"","show_icon":"1","icon":"64-tools-2.tpl","link_text":"","link_type":"custom-url","show_link":"0","custom_url":"","target_blank":"0","url":""},{"index":"7","position":"7","title":"WebRTC Phone","description":"Hosted PBX supports WebRTC, enabling voice calls through a web browser without physical phones.","custom_classes":"","show_icon":"1","icon":"64-location-3.tpl","link_text":"","link_type":"custom-url","show_link":"0","custom_url":"","target_blank":"0","url":""},{"index":"8","position":"8","title":"CDR Reports","description":"Hosted PBX supports WebRTC, enabling voice calls through a web browser without physical phones.","custom_classes":"","show_icon":"1","icon":"64-laptop-bar-chart.tpl","link_text":"","link_type":"custom-url","show_link":"0","custom_url":"","target_blank":"0","url":""},{"index":"9","position":"9","title":"Call Event Logging","description":"Hosted PBX offers Call Event Logging (CEL) to provide detailed insights into each stage of a call.","custom_classes":"","show_icon":"1","icon":"64-transfer-website-3.tpl","link_text":"","link_type":"custom-url","show_link":"0","custom_url":"","target_blank":"0","url":""},{"index":"10","position":"10","title":"IVR","description":"&lt;div&gt;Hosted PBX includes an IVR (Interactive Voice Response) system, allowing businesses to create automated phone&lt;\/div&gt;&lt;div&gt;menus.&lt;\/div&gt;","custom_classes":"","show_icon":"1","icon":"64-support-headset-arrows-circle.tpl","link_text":"","link_type":"custom-url","show_link":"0","custom_url":"","target_blank":"0","url":""},{"index":"11","position":"11","title":"Call Recording","description":"&lt;p&gt;Hosted PBX supports call recording, enabling automatic or on-demand recording of inbound and outbound calls.&lt;br&gt;&lt;\/p&gt;","custom_classes":"","show_icon":"1","icon":"64-server-load.tpl","link_text":"","link_type":"custom-url","show_link":"0","custom_url":"","target_blank":"0","url":""},{"index":"12","position":"12","title":"Call Forward","description":"&lt;p&gt;Hosted PBX allows call forwarding, enabling users to redirect incoming calls to another number, extension, or external line.&lt;br&gt;&lt;\/p&gt;","custom_classes":"","show_icon":"1","icon":"social-sharing.tpl","link_text":"","link_type":"custom-url","show_link":"0","custom_url":"","target_blank":"0","stat":"","url":""}]}}},"new_group_index":2},"features_size":"default","features_icon_position":"top-center","features_style":"boxed","display_features_slider":"0","features_slider_type":"screen-slider","cols_desktop":"3","cols_tab_h":"3","cols_tab_v":"2","cols_mob":"1","buttons":[],"show_product_pricing":"0","product_group_pricing":"none","combined":"0","overlay":"0","features_custom_classes":"","section_anchor":"","custom_class":""}},"":{"id":1064,"translation":{"caption":"Why Choose Us?","title":"Fast, Reliable, And Secure Voip Services For All Your Business Needs.","subtitle":"","features_group":{"grouped":"0","group_forced":"0","groups":{"1":{"group_index":"1","group_name":"","group_order":"1","fields":{"features":[{"index":"1","position":"1","title":"30-Day Money-Back Guarantee","description":"Not&amp;nbsp;ready to take a decision? Don&#039;t worry, if you change your mind you can cancel in the first 30 days without paying a penny.","custom_classes":"","show_icon":"1","icon":"64-money-back-wallet.tpl","link_text":"","link_type":"custom-url","show_link":"0","custom_url":"","target_blank":"0","url":""},{"index":"2","position":"2","title":"High Server Performance","description":"The latest in speed tech: LiteSpeed, SCache, MariaDB, HTTP\/2, PHP8 and free CDN to improve website speed.","custom_classes":"","show_icon":"1","icon":"64-rocket-server-fast.tpl","link_text":"","link_type":"custom-url","show_link":"0","custom_url":"","target_blank":"0","url":""},{"index":"3","position":"3","title":"99.9% Uptime Guarantee","description":"Your visitors will enjoy a smooth user experience without worrying about unexpected downtime","custom_classes":"","show_icon":"1","icon":"64-uptime.tpl","link_text":"","link_type":"custom-url","show_link":"0","custom_url":"","target_blank":"0","url":""},{"index":"4","position":"4","title":"Global Data Centers","description":"Looking for a voip host with data centers in your area? We&#039;ve got you covered globally, with different server locations.","custom_classes":"","show_icon":"1","icon":"64-location-1.tpl","link_text":"","link_type":"custom-url","show_link":"0","custom_url":"","target_blank":"0","url":""},{"index":"5","position":"5","title":"Higherst Server Security","description":"Fail2ban as security monitor to block SIP and HTTP brute force attacks.","custom_classes":"","show_icon":"1","icon":"64-success-shield-server-2.tpl","link_text":"","link_type":"custom-url","show_link":"0","custom_url":"","target_blank":"0","url":""},{"index":"6","position":"6","title":"Daily Backups","description":"Completely safe website, thanks to our automatic backups, enabling you to restore your last 7 day data anytime.","custom_classes":"","show_icon":"1","icon":"64-tools-2.tpl","link_text":"","link_type":"custom-url","show_link":"0","custom_url":"","target_blank":"0","url":""},{"index":"7","position":"7","title":"WebRTC Phone","description":"Hosted PBX supports WebRTC, enabling voice calls through a web browser without physical phones.","custom_classes":"","show_icon":"1","icon":"64-location-3.tpl","link_text":"","link_type":"custom-url","show_link":"0","custom_url":"","target_blank":"0","url":""},{"index":"8","position":"8","title":"CDR Reports","description":"Hosted PBX supports WebRTC, enabling voice calls through a web browser without physical phones.","custom_classes":"","show_icon":"1","icon":"64-laptop-bar-chart.tpl","link_text":"","link_type":"custom-url","show_link":"0","custom_url":"","target_blank":"0","url":""},{"index":"9","position":"9","title":"Call Event Logging","description":"Hosted PBX offers Call Event Logging (CEL) to provide detailed insights into each stage of a call.","custom_classes":"","show_icon":"1","icon":"64-transfer-website-3.tpl","link_text":"","link_type":"custom-url","show_link":"0","custom_url":"","target_blank":"0","url":""},{"index":"10","position":"10","title":"IVR","description":"&lt;div&gt;Hosted PBX includes an IVR (Interactive Voice Response) system, allowing businesses to create automated phone&lt;\/div&gt;&lt;div&gt;menus.&lt;\/div&gt;","custom_classes":"","show_icon":"1","icon":"64-support-headset-arrows-circle.tpl","link_text":"","link_type":"custom-url","show_link":"0","custom_url":"","target_blank":"0","url":""},{"index":"11","position":"11","title":"Call Recording","description":"&lt;p&gt;Hosted PBX supports call recording, enabling automatic or on-demand recording of inbound and outbound calls.&lt;br&gt;&lt;\/p&gt;","custom_classes":"","show_icon":"1","icon":"64-server-load.tpl","link_text":"","link_type":"custom-url","show_link":"0","custom_url":"","target_blank":"0","url":""},{"index":"12","position":"12","title":"Call Forward","description":"&lt;p&gt;Hosted PBX allows call forwarding, enabling users to redirect incoming calls to another number, extension, or external line.&lt;br&gt;&lt;\/p&gt;","custom_classes":"","show_icon":"1","icon":"social-sharing.tpl","link_text":"","link_type":"custom-url","show_link":"0","custom_url":"","target_blank":"0","stat":"","url":""}]}}},"new_group_index":2},"features_size":"default","features_icon_position":"top-center","features_style":"boxed","display_features_slider":"0","features_slider_type":"screen-slider","cols_desktop":"3","cols_tab_h":"3","cols_tab_v":"2","cols_mob":"1","buttons":"","show_product_pricing":"0","product_group_pricing":"none","combined":"0","overlay":"0","features_custom_classes":"","section_anchor":"","custom_class":""}}},"translations":[{"id":1063,"section_id":982,"lang":"english","values":{"subsection":null,"caption":"Why Choose Us?","title":"Fast, Reliable, And Secure Voip Services For All Your Business Needs.","subtitle":"","features_group":{"group_forced":"0","grouped":"0","groups":{"1":{"group_name":"","group_order":"1","group_index":"1","fields":{"features":[{"index":"1","position":"1","title":"30-Day Money-Back Guarantee","description":"Not&amp;nbsp;ready to take a decision? Don&#039;t worry, if you change your mind you can cancel in the first 30 days without paying a penny.","custom_classes":"","show_icon":"1","icon":"64-money-back-wallet.tpl","link_text":"","link_type":"custom-url","show_link":"0","custom_url":"","target_blank":"0"},{"index":"2","position":"2","title":"High Server Performance","description":"The latest in speed tech: LiteSpeed, SCache, MariaDB, HTTP\/2, PHP8 and free CDN to improve website speed.","custom_classes":"","show_icon":"1","icon":"64-rocket-server-fast.tpl","link_text":"","link_type":"custom-url","show_link":"0","custom_url":"","target_blank":"0"},{"index":"3","position":"3","title":"99.9% Uptime Guarantee","description":"Your visitors will enjoy a smooth user experience without worrying about unexpected downtime","custom_classes":"","show_icon":"1","icon":"64-uptime.tpl","link_text":"","link_type":"custom-url","show_link":"0","custom_url":"","target_blank":"0"},{"index":"4","position":"4","title":"Global Data Centers","description":"Looking for a voip host with data centers in your area? We&#039;ve got you covered globally, with different server locations.","custom_classes":"","show_icon":"1","icon":"64-location-1.tpl","link_text":"","link_type":"custom-url","show_link":"0","custom_url":"","target_blank":"0"},{"index":"5","position":"5","title":"Higherst Server Security","description":"Fail2ban as security monitor to block SIP and HTTP brute force attacks.","custom_classes":"","show_icon":"1","icon":"64-success-shield-server-2.tpl","link_text":"","link_type":"custom-url","show_link":"0","custom_url":"","target_blank":"0"},{"index":"6","position":"6","title":"Daily Backups","description":"Completely safe website, thanks to our automatic backups, enabling you to restore your last 7 day data anytime.","custom_classes":"","show_icon":"1","icon":"64-tools-2.tpl","link_text":"","link_type":"custom-url","show_link":"0","custom_url":"","target_blank":"0"},{"index":"7","position":"7","title":"WebRTC Phone","description":"Hosted PBX supports WebRTC, enabling voice calls through a web browser without physical phones.","custom_classes":"","show_icon":"1","icon":"64-location-3.tpl","link_text":"","link_type":"custom-url","show_link":"0","custom_url":"","target_blank":"0"},{"index":"8","position":"8","title":"CDR Reports","description":"Hosted PBX supports WebRTC, enabling voice calls through a web browser without physical phones.","custom_classes":"","show_icon":"1","icon":"64-laptop-bar-chart.tpl","link_text":"","link_type":"custom-url","show_link":"0","custom_url":"","target_blank":"0"},{"index":"9","position":"9","title":"Call Event Logging","description":"Hosted PBX offers Call Event Logging (CEL) to provide detailed insights into each stage of a call.","custom_classes":"","show_icon":"1","icon":"64-transfer-website-3.tpl","link_text":"","link_type":"custom-url","show_link":"0","custom_url":"","target_blank":"0"},{"index":"10","position":"10","title":"IVR","description":"&lt;div&gt;Hosted PBX includes an IVR (Interactive Voice Response) system, allowing businesses to create automated phone&lt;\/div&gt;&lt;div&gt;menus.&lt;\/div&gt;","custom_classes":"","show_icon":"1","icon":"64-support-headset-arrows-circle.tpl","link_text":"","link_type":"custom-url","show_link":"0","custom_url":"","target_blank":"0"},{"index":"11","position":"11","title":"Call Recording","description":"&lt;p&gt;Hosted PBX supports call recording, enabling automatic or on-demand recording of inbound and outbound calls.&lt;br&gt;&lt;\/p&gt;","custom_classes":"","show_icon":"1","icon":"64-server-load.tpl","link_text":"","link_type":"custom-url","show_link":"0","custom_url":"","target_blank":"0"},{"index":"12","position":"12","title":"Call Forward","description":"&lt;p&gt;Hosted PBX allows call forwarding, enabling users to redirect incoming calls to another number, extension, or external line.&lt;br&gt;&lt;\/p&gt;","custom_classes":"","show_icon":"1","icon":"social-sharing.tpl","link_text":"","link_type":"custom-url","show_link":"0","custom_url":"","target_blank":"0","stat":""}]}}}},"features_size":"default","features_icon_position":"top-center","features_style":"boxed","display_features_slider":"0","features_slider_type":"screen-slider","cols_desktop":"3","cols_tab_h":"3","cols_tab_v":"2","cols_mob":"1","buttons":[],"show_product_pricing":"0","product_group_pricing":"none","combined":"0","overlay":"0","features_custom_classes":"","section_anchor":"","custom_class":""},"created_at":"2024-09-28T08:34:56.000000Z","updated_at":"2024-10-03T10:08:10.000000Z"},{"id":1064,"section_id":982,"lang":"","values":{"caption":"Why Choose Us?","title":"Fast, Reliable, And Secure Voip Services For All Your Business Needs.","subtitle":"","features_group":{"group_forced":"0","grouped":"0","groups":{"1":{"group_name":"","group_order":"1","group_index":"1","fields":{"features":[{"index":"1","position":"1","title":"30-Day Money-Back Guarantee","description":"Not&amp;nbsp;ready to take a decision? Don&#039;t worry, if you change your mind you can cancel in the first 30 days without paying a penny.","custom_classes":"","show_icon":"1","icon":"64-money-back-wallet.tpl","link_text":"","link_type":"custom-url","show_link":"0","custom_url":"","target_blank":"0"},{"index":"2","position":"2","title":"High Server Performance","description":"The latest in speed tech: LiteSpeed, SCache, MariaDB, HTTP\/2, PHP8 and free CDN to improve website speed.","custom_classes":"","show_icon":"1","icon":"64-rocket-server-fast.tpl","link_text":"","link_type":"custom-url","show_link":"0","custom_url":"","target_blank":"0"},{"index":"3","position":"3","title":"99.9% Uptime Guarantee","description":"Your visitors will enjoy a smooth user experience without worrying about unexpected downtime","custom_classes":"","show_icon":"1","icon":"64-uptime.tpl","link_text":"","link_type":"custom-url","show_link":"0","custom_url":"","target_blank":"0"},{"index":"4","position":"4","title":"Global Data Centers","description":"Looking for a voip host with data centers in your area? We&#039;ve got you covered globally, with different server locations.","custom_classes":"","show_icon":"1","icon":"64-location-1.tpl","link_text":"","link_type":"custom-url","show_link":"0","custom_url":"","target_blank":"0"},{"index":"5","position":"5","title":"Higherst Server Security","description":"Fail2ban as security monitor to block SIP and HTTP brute force attacks.","custom_classes":"","show_icon":"1","icon":"64-success-shield-server-2.tpl","link_text":"","link_type":"custom-url","show_link":"0","custom_url":"","target_blank":"0"},{"index":"6","position":"6","title":"Daily Backups","description":"Completely safe website, thanks to our automatic backups, enabling you to restore your last 7 day data anytime.","custom_classes":"","show_icon":"1","icon":"64-tools-2.tpl","link_text":"","link_type":"custom-url","show_link":"0","custom_url":"","target_blank":"0"},{"index":"7","position":"7","title":"WebRTC Phone","description":"Hosted PBX supports WebRTC, enabling voice calls through a web browser without physical phones.","custom_classes":"","show_icon":"1","icon":"64-location-3.tpl","link_text":"","link_type":"custom-url","show_link":"0","custom_url":"","target_blank":"0"},{"index":"8","position":"8","title":"CDR Reports","description":"Hosted PBX supports WebRTC, enabling voice calls through a web browser without physical phones.","custom_classes":"","show_icon":"1","icon":"64-laptop-bar-chart.tpl","link_text":"","link_type":"custom-url","show_link":"0","custom_url":"","target_blank":"0"},{"index":"9","position":"9","title":"Call Event Logging","description":"Hosted PBX offers Call Event Logging (CEL) to provide detailed insights into each stage of a call.","custom_classes":"","show_icon":"1","icon":"64-transfer-website-3.tpl","link_text":"","link_type":"custom-url","show_link":"0","custom_url":"","target_blank":"0"},{"index":"10","position":"10","title":"IVR","description":"&lt;div&gt;Hosted PBX includes an IVR (Interactive Voice Response) system, allowing businesses to create automated phone&lt;\/div&gt;&lt;div&gt;menus.&lt;\/div&gt;","custom_classes":"","show_icon":"1","icon":"64-support-headset-arrows-circle.tpl","link_text":"","link_type":"custom-url","show_link":"0","custom_url":"","target_blank":"0"},{"index":"11","position":"11","title":"Call Recording","description":"&lt;p&gt;Hosted PBX supports call recording, enabling automatic or on-demand recording of inbound and outbound calls.&lt;br&gt;&lt;\/p&gt;","custom_classes":"","show_icon":"1","icon":"64-server-load.tpl","link_text":"","link_type":"custom-url","show_link":"0","custom_url":"","target_blank":"0"},{"index":"12","position":"12","title":"Call Forward","description":"&lt;p&gt;Hosted PBX allows call forwarding, enabling users to redirect incoming calls to another number, extension, or external line.&lt;br&gt;&lt;\/p&gt;","custom_classes":"","show_icon":"1","icon":"social-sharing.tpl","link_text":"","link_type":"custom-url","show_link":"0","custom_url":"","target_blank":"0","stat":""}]}}}},"features_size":"default","features_icon_position":"top-center","features_style":"boxed","display_features_slider":"0","features_slider_type":"screen-slider","cols_desktop":"3","cols_tab_h":"3","cols_tab_v":"2","cols_mob":"1","buttons":"","show_product_pricing":"0","product_group_pricing":"none","combined":"0","overlay":"0","features_custom_classes":"","section_anchor":"","custom_class":""},"created_at":"2024-09-28T09:37:56.000000Z","updated_at":"2024-09-28T09:37:56.000000Z"}]}