{"id":1559,"type":{"default_type":false,"name":"Predefined Section","slug":"predefined-section","fields":[{"type":"sections","name":"predefined_section","label":"Choose predefined section"}],"template":"\/var\/www\/templates\/lagom2\/core\/cms\/sections\/config\/predefined-section\/predefined-section.tpl","cache":true},"page_id":258,"visibility":1,"theme":"gray","stype":"","order":1,"created_at":"2024-10-21T13:41:09.000000Z","updated_at":"2024-10-21T13:41:09.000000Z","lang":{"english":{"id":1566,"translation":{"predefined_section":"26"}}},"translations":[{"id":1566,"section_id":1559,"lang":"english","values":{"predefined_section":"26"},"created_at":"2024-10-21T13:41:09.000000Z","updated_at":"2024-10-21T13:41:09.000000Z"}]}