{"id":1561,"type":{"default_type":false,"name":"Predefined Section","slug":"predefined-section","fields":[{"type":"sections","name":"predefined_section","label":"Choose predefined section"}],"template":"\/var\/www\/templates\/lagom2\/core\/cms\/sections\/config\/predefined-section\/predefined-section.tpl","cache":true},"page_id":258,"visibility":1,"theme":"default","stype":"","order":3,"created_at":"2024-10-21T14:45:34.000000Z","updated_at":"2024-10-21T14:45:34.000000Z","lang":{"english":{"id":1568,"translation":{"predefined_section":"28"}}},"translations":[{"id":1568,"section_id":1561,"lang":"english","values":{"predefined_section":"28"},"created_at":"2024-10-21T14:45:34.000000Z","updated_at":"2024-10-21T14:45:34.000000Z"}]}