{"id":1560,"type":{"default_type":false,"name":"Predefined Section","slug":"predefined-section","fields":[{"type":"sections","name":"predefined_section","label":"Choose predefined section"}],"template":"\/var\/www\/templates\/lagom2\/core\/cms\/sections\/config\/predefined-section\/predefined-section.tpl","cache":true},"page_id":258,"visibility":1,"theme":"default","stype":"","order":2,"created_at":"2024-10-21T13:47:20.000000Z","updated_at":"2024-10-21T13:47:20.000000Z","lang":{"english":{"id":1567,"translation":{"predefined_section":"27"}}},"translations":[{"id":1567,"section_id":1560,"lang":"english","values":{"predefined_section":"27"},"created_at":"2024-10-21T13:47:20.000000Z","updated_at":"2024-10-21T13:47:20.000000Z"}]}