{"id":975,"type":{"default_type":true,"name":"Banner","slug":"banner","fields":[{"type":"subsection","name":"subsection","label":"Banner Description","collapse":false},{"type":"text","name":"caption","label":"Caption","placeholder":"Enter caption...","tooltip":"Provide a brief section caption to appear above the main title in a smaller font. You can skip this if you don`t wish to display this element.","tooltip_url":"https:\/\/lagom.rsstudio.net\/docs\/website-builder\/section-banner-default\/#banner-description"},{"type":"text","name":"title","label":"Title","placeholder":"Enter title...","tooltip":"Elevate page clarity and visual hierarchy using section titles. Optionally skip for not displaying this element.","tooltip_url":"https:\/\/lagom.rsstudio.net\/docs\/website-builder\/section-banner-default\/#banner-description"},{"type":"text-editor","name":"subtitle","label":"Subtitle","placeholder":"Enter subtitle...","tooltip":"Add concise text to clarify section content, enhancing context and user understanding. You can skip this if you don`t wish to display this element.","tooltip_url":"https:\/\/lagom.rsstudio.net\/docs\/website-builder\/section-banner-default\/#banner-description"},{"type":"subsection","name":"subsection","label":"Banner Actions","collapse":false},{"type":"buttons","name":"buttons","label":"Buttons","tooltip":"Create and assign custom buttons to this section with ease. Boost user engagement and enhance website conversion with effective call-to-action buttons.","tooltip_url":"https:\/\/lagom.rsstudio.net\/docs\/website-builder\/section-common-settings\/#button-manager"},{"type":"checkbox","name":"show_product_pricing","label":"Display starting price of selected product\/product group","label_attributes":[{"name":"toggle","value":"lu-collapse"},{"name":"target","value":"#show_product_pricing"}],"tooltip":" When you activate this option, an additional field with products and product groups will appear. This field showcases the \"starting price\" derived from the chosen option.","tooltip_url":"https:\/\/lagom.rsstudio.net\/docs\/website-builder\/section-banner-default\/#banner-actions"},{"type":"select","name":"product_group_pricing","container_id":"show_product_pricing","container_collapse":true,"container_collapse_target":"show_product_pricing"},{"type":"subsection","name":"subsection","label":"Banner Background","collapse":false},{"type":"select","name":"type","label":"Background type","options":[{"name":"Type 1 - Default Lagom banner with predefined illustration","value":"type-1"},{"name":"Type 2 - Left aligned text, with custom graphics on the right column","value":"type-2"},{"name":"Type 3 - Left aligned text, with custom graphics filling full background","value":"type-3"},{"name":"Type 4 - Center aligned text, with custom graphic filling full background","value":"type-4"},{"name":"Type 5 - Center aligned text, with custom graphic filling bottom background","value":"type-5"},{"name":"Type 6 - Center aligned text, with no graphic","value":"type-6"}],"tooltip":"Select a background type from the dropdown menu. This choice also influences the layout of banner content.","tooltip_url":"https:\/\/lagom.rsstudio.net\/docs\/website-builder\/section-banner-default\/#banner-background"},{"type":"graphic","name":"graphic","label":"Background graphic","tooltip":"Personalize your banner by selecting the background graphics that will be prominently showcased.","tooltip_url":"https:\/\/lagom.rsstudio.net\/docs\/website-builder\/section-banner-default\/#banner-background"},{"type":"subsection","name":"subsection","label":"Advanced Section Settings","collapse":true},{"type":"checkbox","name":"combined","label":"Combine this section with section below","attributes":[{"name":"uncheck-switcher","value":["overlay"]}],"tooltip":"Eliminate bottom padding and borders from this section, allowing the fusion of these two sections. It`s recommended to apply identical \"Section Style\" in the \"Section Panel\" for seamless integration.","tooltip_url":"https:\/\/lagom.rsstudio.net\/docs\/website-builder\/section-common-settings\/#combine-sections"},{"type":"checkbox","name":"overlay","label":"Overlay section below on this section","attributes":[{"name":"uncheck-switcher","value":["combined"]}],"tooltip":"This configuration pulls the section below over the currently managed section while adding an extra 200px padding at the bottom. You can adjust the pixel value by customizing the <b>--cms-section-overlay-margin<\/b> CSS variable through custom CSS rules.","tooltip_url":"https:\/\/lagom.rsstudio.net\/docs\/website-builder\/section-common-settings\/#overlay-sections"},{"type":"checkbox","name":"disable_background_shape","label":"Disable background shape for \"Predefined Lagom Illustration\"","tooltip":"Eliminates the background shape from the predefined Lagom illustrations.","tooltip_url":"https:\/\/lagom.rsstudio.net\/docs\/website-builder\/section-common-settings\/#overlay-sections"},{"type":"text","name":"section_anchor","label":"Section anchor","placeholder":"Enter anchor...","tooltip":"Assign special names to section anchors. This makes it easy to guide people to specific parts of the page when you share links","tooltip_url":"https:\/\/lagom.rsstudio.net\/docs\/website-builder\/section-common-settings\/#overlay-sections"},{"type":"text","name":"custom_class","label":"Section custom class","placeholder":"Enter class...","tooltip":"This setting allows you to assign custom classes to the section container. You can input your own CSS class here and then apply the necessary styling in the <b>theme-custom.css<\/b> file.","tooltip_url":"https:\/\/lagom.rsstudio.net\/docs\/website-builder\/section-common-settings\/#overlay-sections"}],"template":"\/var\/www\/html\/templates\/lagom2\/core\/cms\/sections\/config\/banner\/banner.tpl","cache":true,"thumb":"thumb.png"},"page_id":143,"visibility":1,"theme":"gray","order":1,"created_at":"2024-09-28T08:22:58.000000Z","updated_at":"2024-09-28T08:22:58.000000Z","lang":{"english":{"id":1049,"translation":{"subsection":null,"caption":"","title":"Enter your Text or Upload Audio File","subtitle":"&lt;h4 style=&quot;font-family: Orbitron, sans-serif; font-weight: var(--font-weight-h4); line-height: var(--line-height-h4); color: var(--text-heading-color); margin-bottom: var(--headings-margin-bottom); font-size: var(--font-size-h4); text-align: center;&quot;&gt;\r\n  Our AI will Call on this no and Play it\r\n&lt;\/h4&gt;\r\n&lt;div class=&quot;content&quot;&gt;\r\n  &lt;div class=&quot;row text-align-center justify-content-center&quot;&gt;\r\n    &lt;div class=&quot;col-3&quot;&gt;\r\n      &lt;label class=&quot;radio&quot;&gt;\r\n        &lt;div class=&quot;radio-styled checked&quot;&gt;\r\n          &lt;input type=&quot;radio&quot; class=&quot;icheck-control&quot; name=&quot;domainoption&quot; value=&quot;text&quot; id=&quot;selregister&quot; checked=&quot;&quot;&gt;\r\n        &lt;\/div&gt;\r\n        &lt;span&gt;Enter Text&lt;\/span&gt;\r\n      &lt;\/label&gt;\r\n    &lt;\/div&gt;\r\n    &lt;div class=&quot;col-3&quot;&gt;\r\n      &lt;label class=&quot;radio&quot;&gt;\r\n        &lt;div class=&quot;radio-styled&quot;&gt;\r\n          &lt;input type=&quot;radio&quot; class=&quot;icheck-control&quot; name=&quot;domainoption&quot; value=&quot;audio&quot; id=&quot;seltransfer&quot;&gt;\r\n        &lt;\/div&gt;\r\n        &lt;span&gt;Upload Audio&lt;\/span&gt;\r\n      &lt;\/label&gt;\r\n    &lt;\/div&gt;\r\n  &lt;\/div&gt;\r\n&lt;\/div&gt;\r\n\r\n&lt;!-- Text input section --&gt;\r\n&lt;div class=&quot;a_textbox orbitron row mb-3&quot; id=&quot;textInputSection&quot;&gt;\r\n  &lt;div class=&quot;col-12 mb-2 p-0&quot;&gt;\r\n    &lt;textarea class=&quot;form-control ocean_textarea&quot; rows=&quot;4&quot; placeholder=&quot;Enter your Text&quot;&gt;&lt;\/textarea&gt;\r\n  &lt;\/div&gt;\r\n  &lt;div class=&quot;col-6 p-0 p-0 pe-1&quot;&gt;\r\n    &lt;select class=&quot;pe-2 ocean_language&quot; id=&quot;languageDropdown&quot; name=&quot;language&quot;&gt;\r\n      &lt;option value=&quot;&quot; selected=&quot;&quot;&gt;Select Language&lt;\/option&gt;\r\n      &lt;!-- Add your language options here --&gt;\r\n    &lt;\/select&gt;\r\n  &lt;\/div&gt;\r\n  &lt;div class=&quot;col-6 p-0 ps-1&quot;&gt;\r\n    &lt;select class=&quot;ocean_accent&quot; name=&quot;accent&quot;&gt;\r\n      &lt;option value=&quot;&quot; selected=&quot;&quot;&gt;Select Accent&lt;\/option&gt;\r\n      &lt;!-- Add your accent options here --&gt;\r\n    &lt;\/select&gt;\r\n  &lt;\/div&gt;\r\n&lt;\/div&gt;\r\n\r\n&lt;!-- File input section (hidden by default) --&gt;\r\n&lt;div class=&quot;row orbitron mb-3&quot; id=&quot;fileInputSection&quot; style=&quot;display: none;&quot;&gt;\r\n  &lt;div class=&quot;col-12 mb-2 p-0&quot;&gt;\r\n    &lt;input type=&quot;file&quot; class=&quot;form-control ocean_file&quot; id=&quot;audioFileInput&quot; accept=&quot;audio\/*&quot;&gt;\r\n    &lt;p class=&quot;error_class&quot; id=&quot;fileErrorMessage&quot; style=&quot;color: red; display: none;&quot;&gt;Please upload a valid audio file (.mp3, .wav).&lt;\/p&gt;\r\n  &lt;\/div&gt;\r\n&lt;\/div&gt;\r\n\r\n&lt;!-- Phone number input --&gt;\r\n&lt;div class=&quot;row orbitron&quot;&gt;\r\n  &lt;div class=&quot;col-12 p-0&quot;&gt;\r\n    &lt;input type=&quot;text&quot; class=&quot;ocean_number&quot; placeholder=&quot;Enter number you want to call&quot;&gt;\r\n  &lt;\/div&gt;\r\n&lt;\/div&gt;\r\n&lt;div id=&quot;newMessage&quot; style=&quot;color: red; font-weight: bold; font-size: 17px;&quot;&gt;&lt;\/div&gt;\r\n&lt;p class=&quot;error_class&quot; style=&quot;color: red;&quot;&gt;&lt;\/p&gt;","buttons":[{"index":"1","position":"1","custom_classes":"rsb","show_icon":"1","font-icon":"fas fa-phone-alt","link_type":"custom-url","custom_url":"","style":"solid","size":"large","type":"primary","text":"Call Now","target_blank":"0","url":""}],"show_product_pricing":"0","product_group_pricing":"none","type":"type-1","graphic":{"type":"media","graphic":"humanoid.png"},"combined":"0","overlay":"0","disable_background_shape":"0","section_anchor":"","custom_class":""}},"":{"id":1050,"translation":{"caption":"","title":"Enter your Text or Upload Audio File","subtitle":"&lt;h4 style=&quot;font-family: Orbitron, sans-serif; font-weight: var(--font-weight-h4); line-height: var(--line-height-h4); color: var(--text-heading-color); margin-bottom: var(--headings-margin-bottom); font-size: var(--font-size-h4); text-align: center;&quot;&gt;Our AI will Call on this no and Play it123&lt;\/h4&gt;\r\n&lt;div class=&quot;content&quot;&gt;\r\n   &lt;label class=&quot;radio&quot;&gt;\r\n      &lt;div class=&quot;radio-styled checked&quot;&gt;&lt;input type=&quot;radio&quot; class=&quot;icheck-control&quot; checked=&quot;&quot; name=&quot;domainoption&quot; value=&quot;register&quot; id=&quot;selregister&quot; style=&quot;position: absolute; top: -40%; left: -40%; display: block; width: 180%; height: 180%; margin: 0px; padding: 0px; background: rgb(255, 255, 255); border: 0px; opacity: 0;&quot;&gt;&lt;ins class=&quot;iCheck-helper&quot; style=&quot;position: absolute; top: -40%; left: -40%; display: block; width: 180%; height: 180%; margin: 0px; padding: 0px; background: rgb(255, 255, 255); border: 0px; opacity: 0;&quot;&gt;&lt;\/ins&gt;&lt;\/div&gt;\r\n      &lt;span&gt;Text&lt;\/span&gt;\r\n   &lt;\/label&gt;\r\n   &lt;label class=&quot;radio&quot;&gt;\r\n      &lt;div class=&quot;radio-styled&quot;&gt;&lt;input type=&quot;radio&quot; class=&quot;icheck-control&quot; name=&quot;domainoption&quot; value=&quot;transfer&quot; id=&quot;seltransfer&quot; style=&quot;position: absolute; top: -40%; left: -40%; display: block; width: 180%; height: 180%; margin: 0px; padding: 0px; background: rgb(255, 255, 255); border: 0px; opacity: 0;&quot;&gt;&lt;ins class=&quot;iCheck-helper&quot; style=&quot;position: absolute; top: -40%; left: -40%; display: block; width: 180%; height: 180%; margin: 0px; padding: 0px; background: rgb(255, 255, 255); border: 0px; opacity: 0;&quot;&gt;&lt;\/ins&gt;&lt;\/div&gt;\r\n      &lt;span&gt;Audio&lt;\/span&gt;\r\n   &lt;\/label&gt;\r\n&lt;\/div&gt;  \r\n\r\n&lt;div class=&quot;a_textbox row mb-3&quot;&gt;\r\n\r\n    &lt;!-- Textarea input field --&gt;\r\n    &lt;div class=&quot;col-12 mb-2 p-0&quot; id=&quot;textInputSection&quot;&gt;\r\n      &lt;textarea class=&quot;form-control ocean_textarea&quot; rows=&quot;4&quot; placeholder=&quot;Enter your Text&quot;&gt;&lt;\/textarea&gt;\r\n    &lt;\/div&gt;\r\n\r\n    &lt;!-- File input field, initially hidden --&gt;\r\n    &lt;div class=&quot;col-12 mb-2 p-0&quot; id=&quot;fileInputSection&quot; style=&quot;display: none;&quot;&gt;\r\n      &lt;input type=&quot;file&quot; class=&quot;form-control ocean_file&quot; accept=&quot;.txt,.pdf,.doc,.docx&quot;&gt;\r\n    &lt;\/div&gt;\r\n\r\n    &lt;div class=&quot;col-6 p-0 pe-2&quot;&gt;\r\n      &lt;select class=&quot;pe-2 ocean_language&quot; id=&quot;languageDropdown&quot; name=&quot;language&quot;&gt;\r\n        &lt;option value=&quot;&quot; selected=&quot;&quot;&gt;Select Language&lt;\/option&gt;\r\n        &lt;option value=&quot;english&quot;&gt;English&lt;\/option&gt;\r\n        &lt;option value=&quot;spanish&quot;&gt;Spanish&lt;\/option&gt;\r\n        &lt;option value=&quot;chinese&quot;&gt;Chinese&lt;\/option&gt;\r\n        &lt;option value=&quot;german&quot;&gt;German&lt;\/option&gt;\r\n      &lt;\/select&gt;\r\n    &lt;\/div&gt;\r\n    &lt;div class=&quot;col-6 p-0&quot;&gt;\r\n      &lt;select class=&quot;ocean_accent&quot; name=&quot;accent&quot;&gt;\r\n        &lt;option value=&quot;&quot; selected=&quot;&quot;&gt;Select Accent&lt;\/option&gt;\r\n        &lt;option value=&quot;british&quot;&gt;British Accent&lt;\/option&gt;\r\n        &lt;option value=&quot;usa&quot;&gt;USA Accent&lt;\/option&gt;\r\n        &lt;option value=&quot;au&quot;&gt;AU Accent&lt;\/option&gt;\r\n      &lt;\/select&gt;\r\n    &lt;\/div&gt;\r\n&lt;\/div&gt;\r\n&lt;div class=&quot;row&quot;&gt;\r\n  &lt;div class=&quot;col-12 p-0&quot;&gt;\r\n    &lt;input type=&quot;text&quot; class=&quot;ocean_number&quot; placeholder=&quot;Enter number you want to call&quot;&gt;\r\n  &lt;\/div&gt;\r\n&lt;\/div&gt;\r\n\r\n&lt;p class=&quot;error_class&quot; style=&quot;color: red;&quot;&gt;&lt;\/p&gt;","buttons":"","show_product_pricing":"0","product_group_pricing":"none","type":"type-1","graphic":{"type":"media","graphic":"humanoid.png"},"combined":"0","overlay":"0","disable_background_shape":"0","section_anchor":"","custom_class":""}}},"translations":[{"id":1049,"section_id":975,"lang":"english","values":{"subsection":null,"caption":"","title":"Enter your Text or Upload Audio File","subtitle":"&lt;h4 style=&quot;font-family: Orbitron, sans-serif; font-weight: var(--font-weight-h4); line-height: var(--line-height-h4); color: var(--text-heading-color); margin-bottom: var(--headings-margin-bottom); font-size: var(--font-size-h4); text-align: center;&quot;&gt;\r\n  Our AI will Call on this no and Play it\r\n&lt;\/h4&gt;\r\n&lt;div class=&quot;content&quot;&gt;\r\n  &lt;div class=&quot;row text-align-center justify-content-center&quot;&gt;\r\n    &lt;div class=&quot;col-3&quot;&gt;\r\n      &lt;label class=&quot;radio&quot;&gt;\r\n        &lt;div class=&quot;radio-styled checked&quot;&gt;\r\n          &lt;input type=&quot;radio&quot; class=&quot;icheck-control&quot; name=&quot;domainoption&quot; value=&quot;text&quot; id=&quot;selregister&quot; checked=&quot;&quot;&gt;\r\n        &lt;\/div&gt;\r\n        &lt;span&gt;Enter Text&lt;\/span&gt;\r\n      &lt;\/label&gt;\r\n    &lt;\/div&gt;\r\n    &lt;div class=&quot;col-3&quot;&gt;\r\n      &lt;label class=&quot;radio&quot;&gt;\r\n        &lt;div class=&quot;radio-styled&quot;&gt;\r\n          &lt;input type=&quot;radio&quot; class=&quot;icheck-control&quot; name=&quot;domainoption&quot; value=&quot;audio&quot; id=&quot;seltransfer&quot;&gt;\r\n        &lt;\/div&gt;\r\n        &lt;span&gt;Upload Audio&lt;\/span&gt;\r\n      &lt;\/label&gt;\r\n    &lt;\/div&gt;\r\n  &lt;\/div&gt;\r\n&lt;\/div&gt;\r\n\r\n&lt;!-- Text input section --&gt;\r\n&lt;div class=&quot;a_textbox orbitron row mb-3&quot; id=&quot;textInputSection&quot;&gt;\r\n  &lt;div class=&quot;col-12 mb-2 p-0&quot;&gt;\r\n    &lt;textarea class=&quot;form-control ocean_textarea&quot; rows=&quot;4&quot; placeholder=&quot;Enter your Text&quot;&gt;&lt;\/textarea&gt;\r\n  &lt;\/div&gt;\r\n  &lt;div class=&quot;col-6 p-0 p-0 pe-1&quot;&gt;\r\n    &lt;select class=&quot;pe-2 ocean_language&quot; id=&quot;languageDropdown&quot; name=&quot;language&quot;&gt;\r\n      &lt;option value=&quot;&quot; selected=&quot;&quot;&gt;Select Language&lt;\/option&gt;\r\n      &lt;!-- Add your language options here --&gt;\r\n    &lt;\/select&gt;\r\n  &lt;\/div&gt;\r\n  &lt;div class=&quot;col-6 p-0 ps-1&quot;&gt;\r\n    &lt;select class=&quot;ocean_accent&quot; name=&quot;accent&quot;&gt;\r\n      &lt;option value=&quot;&quot; selected=&quot;&quot;&gt;Select Accent&lt;\/option&gt;\r\n      &lt;!-- Add your accent options here --&gt;\r\n    &lt;\/select&gt;\r\n  &lt;\/div&gt;\r\n&lt;\/div&gt;\r\n\r\n&lt;!-- File input section (hidden by default) --&gt;\r\n&lt;div class=&quot;row orbitron mb-3&quot; id=&quot;fileInputSection&quot; style=&quot;display: none;&quot;&gt;\r\n  &lt;div class=&quot;col-12 mb-2 p-0&quot;&gt;\r\n    &lt;input type=&quot;file&quot; class=&quot;form-control ocean_file&quot; id=&quot;audioFileInput&quot; accept=&quot;audio\/*&quot;&gt;\r\n    &lt;p class=&quot;error_class&quot; id=&quot;fileErrorMessage&quot; style=&quot;color: red; display: none;&quot;&gt;Please upload a valid audio file (.mp3, .wav).&lt;\/p&gt;\r\n  &lt;\/div&gt;\r\n&lt;\/div&gt;\r\n\r\n&lt;!-- Phone number input --&gt;\r\n&lt;div class=&quot;row orbitron&quot;&gt;\r\n  &lt;div class=&quot;col-12 p-0&quot;&gt;\r\n    &lt;input type=&quot;text&quot; class=&quot;ocean_number&quot; placeholder=&quot;Enter number you want to call&quot;&gt;\r\n  &lt;\/div&gt;\r\n&lt;\/div&gt;\r\n&lt;div id=&quot;newMessage&quot; style=&quot;color: red; font-weight: bold; font-size: 17px;&quot;&gt;&lt;\/div&gt;\r\n&lt;p class=&quot;error_class&quot; style=&quot;color: red;&quot;&gt;&lt;\/p&gt;","buttons":[{"index":"1","position":"1","custom_classes":"rsb","show_icon":"1","font-icon":"fas fa-phone-alt","link_type":"custom-url","custom_url":"","style":"solid","size":"large","type":"primary","text":"Call Now","target_blank":"0"}],"show_product_pricing":"0","product_group_pricing":"none","type":"type-1","graphic":{"type":"media","graphic":"humanoid.png"},"combined":"0","overlay":"0","disable_background_shape":"0","section_anchor":"","custom_class":""},"created_at":"2024-09-28T08:22:58.000000Z","updated_at":"2024-10-03T10:00:57.000000Z"},{"id":1050,"section_id":975,"lang":"","values":{"caption":"","title":"Enter your Text or Upload Audio File","subtitle":"&lt;h4 style=&quot;font-family: Orbitron, sans-serif; font-weight: var(--font-weight-h4); line-height: var(--line-height-h4); color: var(--text-heading-color); margin-bottom: var(--headings-margin-bottom); font-size: var(--font-size-h4); text-align: center;&quot;&gt;Our AI will Call on this no and Play it123&lt;\/h4&gt;\r\n&lt;div class=&quot;content&quot;&gt;\r\n   &lt;label class=&quot;radio&quot;&gt;\r\n      &lt;div class=&quot;radio-styled checked&quot;&gt;&lt;input type=&quot;radio&quot; class=&quot;icheck-control&quot; checked=&quot;&quot; name=&quot;domainoption&quot; value=&quot;register&quot; id=&quot;selregister&quot; style=&quot;position: absolute; top: -40%; left: -40%; display: block; width: 180%; height: 180%; margin: 0px; padding: 0px; background: rgb(255, 255, 255); border: 0px; opacity: 0;&quot;&gt;&lt;ins class=&quot;iCheck-helper&quot; style=&quot;position: absolute; top: -40%; left: -40%; display: block; width: 180%; height: 180%; margin: 0px; padding: 0px; background: rgb(255, 255, 255); border: 0px; opacity: 0;&quot;&gt;&lt;\/ins&gt;&lt;\/div&gt;\r\n      &lt;span&gt;Text&lt;\/span&gt;\r\n   &lt;\/label&gt;\r\n   &lt;label class=&quot;radio&quot;&gt;\r\n      &lt;div class=&quot;radio-styled&quot;&gt;&lt;input type=&quot;radio&quot; class=&quot;icheck-control&quot; name=&quot;domainoption&quot; value=&quot;transfer&quot; id=&quot;seltransfer&quot; style=&quot;position: absolute; top: -40%; left: -40%; display: block; width: 180%; height: 180%; margin: 0px; padding: 0px; background: rgb(255, 255, 255); border: 0px; opacity: 0;&quot;&gt;&lt;ins class=&quot;iCheck-helper&quot; style=&quot;position: absolute; top: -40%; left: -40%; display: block; width: 180%; height: 180%; margin: 0px; padding: 0px; background: rgb(255, 255, 255); border: 0px; opacity: 0;&quot;&gt;&lt;\/ins&gt;&lt;\/div&gt;\r\n      &lt;span&gt;Audio&lt;\/span&gt;\r\n   &lt;\/label&gt;\r\n&lt;\/div&gt;  \r\n\r\n&lt;div class=&quot;a_textbox row mb-3&quot;&gt;\r\n\r\n    &lt;!-- Textarea input field --&gt;\r\n    &lt;div class=&quot;col-12 mb-2 p-0&quot; id=&quot;textInputSection&quot;&gt;\r\n      &lt;textarea class=&quot;form-control ocean_textarea&quot; rows=&quot;4&quot; placeholder=&quot;Enter your Text&quot;&gt;&lt;\/textarea&gt;\r\n    &lt;\/div&gt;\r\n\r\n    &lt;!-- File input field, initially hidden --&gt;\r\n    &lt;div class=&quot;col-12 mb-2 p-0&quot; id=&quot;fileInputSection&quot; style=&quot;display: none;&quot;&gt;\r\n      &lt;input type=&quot;file&quot; class=&quot;form-control ocean_file&quot; accept=&quot;.txt,.pdf,.doc,.docx&quot;&gt;\r\n    &lt;\/div&gt;\r\n\r\n    &lt;div class=&quot;col-6 p-0 pe-2&quot;&gt;\r\n      &lt;select class=&quot;pe-2 ocean_language&quot; id=&quot;languageDropdown&quot; name=&quot;language&quot;&gt;\r\n        &lt;option value=&quot;&quot; selected=&quot;&quot;&gt;Select Language&lt;\/option&gt;\r\n        &lt;option value=&quot;english&quot;&gt;English&lt;\/option&gt;\r\n        &lt;option value=&quot;spanish&quot;&gt;Spanish&lt;\/option&gt;\r\n        &lt;option value=&quot;chinese&quot;&gt;Chinese&lt;\/option&gt;\r\n        &lt;option value=&quot;german&quot;&gt;German&lt;\/option&gt;\r\n      &lt;\/select&gt;\r\n    &lt;\/div&gt;\r\n    &lt;div class=&quot;col-6 p-0&quot;&gt;\r\n      &lt;select class=&quot;ocean_accent&quot; name=&quot;accent&quot;&gt;\r\n        &lt;option value=&quot;&quot; selected=&quot;&quot;&gt;Select Accent&lt;\/option&gt;\r\n        &lt;option value=&quot;british&quot;&gt;British Accent&lt;\/option&gt;\r\n        &lt;option value=&quot;usa&quot;&gt;USA Accent&lt;\/option&gt;\r\n        &lt;option value=&quot;au&quot;&gt;AU Accent&lt;\/option&gt;\r\n      &lt;\/select&gt;\r\n    &lt;\/div&gt;\r\n&lt;\/div&gt;\r\n&lt;div class=&quot;row&quot;&gt;\r\n  &lt;div class=&quot;col-12 p-0&quot;&gt;\r\n    &lt;input type=&quot;text&quot; class=&quot;ocean_number&quot; placeholder=&quot;Enter number you want to call&quot;&gt;\r\n  &lt;\/div&gt;\r\n&lt;\/div&gt;\r\n\r\n&lt;p class=&quot;error_class&quot; style=&quot;color: red;&quot;&gt;&lt;\/p&gt;","buttons":"","show_product_pricing":"0","product_group_pricing":"none","type":"type-1","graphic":{"type":"media","graphic":"humanoid.png"},"combined":"0","overlay":"0","disable_background_shape":"0","section_anchor":"","custom_class":""},"created_at":"2024-09-28T09:37:56.000000Z","updated_at":"2024-09-28T10:54:40.000000Z"}]}