{"id":977,"type":{"default_type":false,"name":"Predefined Section","slug":"predefined-section","fields":[{"type":"sections","name":"predefined_section","label":"Choose predefined section"}],"template":"\/var\/www\/html\/templates\/lagom2\/core\/cms\/sections\/config\/predefined-section\/predefined-section.tpl","cache":true},"page_id":143,"visibility":1,"theme":"default","order":4,"created_at":"2024-09-28T08:22:58.000000Z","updated_at":"2024-09-28T08:36:04.000000Z","lang":{"english":{"id":1053,"translation":{"predefined_section":"20"}},"":{"id":1054,"translation":{"predefined_section":"20"}}},"translations":[{"id":1053,"section_id":977,"lang":"english","values":{"predefined_section":"20"},"created_at":"2024-09-28T08:22:58.000000Z","updated_at":"2024-09-28T08:22:58.000000Z"},{"id":1054,"section_id":977,"lang":"","values":{"predefined_section":"20"},"created_at":"2024-09-28T09:37:56.000000Z","updated_at":"2024-09-28T09:37:56.000000Z"}]}