{"id":227,"type":{"default_type":false,"name":"Predefined Section","slug":"predefined-section","fields":[{"type":"sections","name":"predefined_section","label":"Choose predefined section"}],"template":"\/var\/www\/templates\/lagom2\/core\/cms\/sections\/config\/predefined-section\/predefined-section.tpl","cache":true},"page_id":149,"visibility":1,"theme":"default","stype":"","order":16,"created_at":"2023-04-05T09:51:36.000000Z","updated_at":"2024-10-23T14:24:54.000000Z","lang":{"english":{"id":230,"translation":{"predefined_section":"9"}}},"translations":[{"id":230,"section_id":227,"lang":"english","values":{"predefined_section":"9"},"created_at":"2023-04-05T09:51:36.000000Z","updated_at":"2023-04-05T09:51:36.000000Z"}]}