{"id":800,"type":{"default_type":false,"name":"Predefined Section","slug":"predefined-section","fields":[{"type":"sections","name":"predefined_section","label":"Choose predefined section"}],"template":"\/var\/www\/templates\/lagom2\/core\/cms\/sections\/config\/predefined-section\/predefined-section.tpl","cache":true},"page_id":149,"visibility":1,"theme":"default","stype":"","order":4,"created_at":"2023-07-15T12:11:49.000000Z","updated_at":"2023-07-15T12:11:49.000000Z","lang":{"english":{"id":807,"translation":{"predefined_section":"12"}}},"translations":[{"id":807,"section_id":800,"lang":"english","values":{"predefined_section":"12"},"created_at":"2023-07-15T12:11:49.000000Z","updated_at":"2023-07-15T12:11:49.000000Z"}]}