{"id":1694,"type":{"default_type":false,"name":"Predefined Section","slug":"predefined-section","fields":[{"type":"sections","name":"predefined_section","label":"Choose predefined section"}],"template":"\/var\/www\/templates\/lagom2\/core\/cms\/sections\/config\/predefined-section\/predefined-section.tpl","cache":true},"page_id":149,"visibility":1,"theme":"default","stype":"","order":5,"created_at":"2024-10-23T13:41:07.000000Z","updated_at":"2024-10-23T13:41:07.000000Z","lang":{"english":{"id":1701,"translation":{"predefined_section":"30"}}},"translations":[{"id":1701,"section_id":1694,"lang":"english","values":{"predefined_section":"30"},"created_at":"2024-10-23T13:41:07.000000Z","updated_at":"2024-10-23T13:41:07.000000Z"}]}