{"id":226,"type":{"default_type":false,"name":"Predefined Section","slug":"predefined-section","fields":[{"type":"sections","name":"predefined_section","label":"Choose predefined section"}],"template":"\/var\/www\/templates\/lagom2\/core\/cms\/sections\/config\/predefined-section\/predefined-section.tpl","cache":true},"page_id":149,"visibility":1,"theme":"default","stype":"","order":15,"created_at":"2023-04-05T09:51:27.000000Z","updated_at":"2024-10-23T14:24:54.000000Z","lang":{"english":{"id":229,"translation":{"predefined_section":"3"}}},"translations":[{"id":229,"section_id":226,"lang":"english","values":{"predefined_section":"3"},"created_at":"2023-04-05T09:51:27.000000Z","updated_at":"2023-04-05T09:51:27.000000Z"}]}