{"id":312,"type":{"default_type":false,"name":"Predefined Section","slug":"predefined-section","fields":[{"type":"sections","name":"predefined_section","label":"Choose predefined section"}],"template":"\/var\/www\/templates\/lagom2\/core\/cms\/sections\/config\/predefined-section\/predefined-section.tpl","cache":true},"page_id":149,"visibility":1,"theme":"default","stype":"","order":14,"created_at":"2023-05-11T13:55:37.000000Z","updated_at":"2024-10-23T14:24:54.000000Z","lang":{"english":{"id":315,"translation":{"predefined_section":"4"}}},"translations":[{"id":315,"section_id":312,"lang":"english","values":{"predefined_section":"4"},"created_at":"2023-05-11T13:55:37.000000Z","updated_at":"2023-05-11T13:55:37.000000Z"}]}