{"id":1049,"type":{"default_type":false,"name":"Predefined Section","slug":"predefined-section","fields":[{"type":"sections","name":"predefined_section","label":"Choose predefined section"}],"template":"\/var\/www\/html\/templates\/lagom2\/core\/cms\/sections\/config\/predefined-section\/predefined-section.tpl","cache":true},"page_id":179,"visibility":1,"theme":"default","order":7,"created_at":"2024-12-12T05:31:26.000000Z","updated_at":"2024-12-12T05:43:57.000000Z","lang":{"english":{"id":1156,"translation":{"predefined_section":"25"}}},"translations":[{"id":1156,"section_id":1049,"lang":"english","values":{"predefined_section":"25"},"created_at":"2024-12-12T05:31:26.000000Z","updated_at":"2024-12-12T05:31:26.000000Z"}]}