{"id":997,"type":{"default_type":false,"name":"Predefined Section","slug":"predefined-section","fields":[{"type":"sections","name":"predefined_section","label":"Choose predefined section"}],"template":"\/var\/www\/html\/templates\/lagom2\/core\/cms\/sections\/config\/predefined-section\/predefined-section.tpl","cache":true},"page_id":143,"visibility":1,"theme":"default","order":11,"created_at":"2024-10-05T09:03:00.000000Z","updated_at":"2024-10-05T09:03:00.000000Z","lang":{"":{"id":1082,"translation":{"predefined_section":"4"}}},"translations":[{"id":1082,"section_id":997,"lang":"","values":{"predefined_section":"4"},"created_at":"2024-10-05T09:03:00.000000Z","updated_at":"2024-10-05T09:03:00.000000Z"}]}