{"id":989,"type":{"default_type":false,"name":"Predefined Section","slug":"predefined-section","fields":[{"type":"sections","name":"predefined_section","label":"Choose predefined section"}],"template":"\/var\/www\/html\/templates\/lagom2\/core\/cms\/sections\/config\/predefined-section\/predefined-section.tpl","cache":true},"page_id":143,"visibility":1,"theme":"default","order":4,"created_at":"2024-10-05T09:02:59.000000Z","updated_at":"2024-10-05T09:02:59.000000Z","lang":{"":{"id":1074,"translation":{"predefined_section":"20"}}},"translations":[{"id":1074,"section_id":989,"lang":"","values":{"predefined_section":"20"},"created_at":"2024-10-05T09:02:59.000000Z","updated_at":"2024-10-05T09:02:59.000000Z"}]}