{"id":812,"type":{"default_type":false,"name":"Predefined Section","slug":"predefined-section","fields":[{"type":"sections","name":"predefined_section","label":"Choose predefined section"}],"template":"\/var\/www\/templates\/lagom2\/core\/cms\/sections\/config\/predefined-section\/predefined-section.tpl","cache":true},"page_id":219,"visibility":1,"theme":"gray","order":8,"created_at":"2023-07-15T13:30:41.000000Z","updated_at":"2023-07-15T16:28:47.000000Z","lang":{"english":{"id":819,"translation":{"predefined_section":"12"}}},"translations":[{"id":819,"section_id":812,"lang":"english","values":{"predefined_section":"12"},"created_at":"2023-07-15T13:30:41.000000Z","updated_at":"2023-07-15T13:30:41.000000Z"}]}