{"id":819,"type":{"default_type":false,"name":"Predefined Section","slug":"predefined-section","fields":[{"type":"sections","name":"predefined_section","label":"Choose predefined section"}],"template":"\/var\/www\/templates\/lagom2\/core\/cms\/sections\/config\/predefined-section\/predefined-section.tpl","cache":true},"page_id":219,"visibility":1,"theme":"default","order":16,"created_at":"2023-07-15T13:30:41.000000Z","updated_at":"2023-07-23T13:55:13.000000Z","lang":{"english":{"id":826,"translation":{"predefined_section":"9"}}},"translations":[{"id":826,"section_id":819,"lang":"english","values":{"predefined_section":"9"},"created_at":"2023-07-15T13:30:41.000000Z","updated_at":"2023-07-15T13:30:41.000000Z"}]}