{"id":1742,"type":{"default_type":false,"name":"Predefined Section","slug":"predefined-section","fields":[{"type":"sections","name":"predefined_section","label":"Choose predefined section"}],"template":"\/var\/www\/templates\/lagom2\/core\/cms\/sections\/config\/predefined-section\/predefined-section.tpl","cache":true},"page_id":285,"visibility":1,"theme":"default","stype":"","order":5,"created_at":"2024-10-24T08:13:25.000000Z","updated_at":"2024-10-24T09:10:06.000000Z","lang":{"english":{"id":1749,"translation":{"predefined_section":"1"}}},"translations":[{"id":1749,"section_id":1742,"lang":"english","values":{"predefined_section":"1"},"created_at":"2024-10-24T08:13:25.000000Z","updated_at":"2024-10-24T08:13:25.000000Z"}]}