{"id":264,"type":{"default_type":false,"name":"Predefined Section","slug":"predefined-section","fields":[{"type":"sections","name":"predefined_section","label":"Choose predefined section"}],"template":"\/var\/www\/html\/templates\/lagom2\/core\/cms\/sections\/config\/predefined-section\/predefined-section.tpl","cache":true},"page_id":113,"visibility":1,"theme":"default","order":6,"created_at":"2023-08-27T16:33:04.000000Z","updated_at":"2023-08-27T16:42:54.000000Z","lang":{"english":{"id":264,"translation":{"predefined_section":"23"}}},"translations":[{"id":264,"section_id":264,"lang":"english","values":{"predefined_section":"23"},"created_at":"2023-08-27T16:33:04.000000Z","updated_at":"2023-08-27T16:33:04.000000Z"}]}