[{"id":119,"custom_page":1,"url":"contact-us","name":"Page - Contact Us - Main Layout","display_type":"website","list_display":1,"seo_enabled":1,"seo_robots":1,"seo_title":{"arabic":"","azerbaijani":"","catalan":"","chinese":"","croatian":"","czech":"","danish":"","dutch":"","english":"Support","estonian":"","farsi":"","french":"","german":"","hebrew":"","hungarian":"","italian":"","macedonian":"","norwegian":"","portuguese-br":"","portuguese-pt":"","romanian":"","russian":"","spanish":"","swedish":"","turkish":"","ukranian":""},"seo_description":null,"seo_image":null,"settings":{"published":"1","body_class":""},"created_at":"2023-04-04T10:23:36.000000Z","updated_at":"2023-05-29T12:58:28.000000Z"}]