{"id":305,"type":{"default_type":false,"name":"Predefined Section","slug":"predefined-section","fields":[{"type":"sections","name":"predefined_section","label":"Choose predefined section"}],"template":"\/var\/www\/html\/templates\/lagom2\/core\/cms\/sections\/config\/predefined-section\/predefined-section.tpl","cache":true},"page_id":119,"visibility":0,"theme":"default","order":6,"created_at":"2023-05-16T10:42:16.000000Z","updated_at":"2024-12-12T07:36:26.000000Z","lang":{"english":{"id":305,"translation":{"predefined_section":"4"}}},"translations":[{"id":305,"section_id":305,"lang":"english","values":{"predefined_section":"4"},"created_at":"2023-05-16T10:42:16.000000Z","updated_at":"2023-05-16T10:42:16.000000Z"}]}