{"id":23,"name":"Testimonials - Type 4 (Grid)","type":{"default_type":true,"name":"Testimonials","slug":"testimonials","fields":[{"type":"subsection","name":"subsection","label":"Section Description","collapse":false},{"type":"text","name":"caption","label":"Caption","placeholder":"Enter caption...","tooltip":"Provide a brief section caption to appear above the main title in a smaller font. You can skip this if you don`t wish to display this element.","tooltip_url":"https:\/\/lagom.rsstudio.net\/docs\/website-builder\/section-testimonials\/#section-description"},{"type":"text","name":"title","label":"Title","placeholder":"Enter title...","tooltip":"Elevate page clarity and visual hierarchy using section titles. Optionally skip for not displaying this element.","tooltip_url":"https:\/\/lagom.rsstudio.net\/docs\/website-builder\/section-testimonials\/#section-description"},{"type":"text","name":"subtitle","label":"Subtitle","placeholder":"Enter subtitle...","tooltip":"Add concise text to clarify section content, enhancing context and user understanding. You can skip this if you don`t wish to display this element.","tooltip_url":"https:\/\/lagom.rsstudio.net\/docs\/website-builder\/section-testimonials\/#section-description"},{"type":"subsection","name":"subsection","label":"Testimonial List","collapse":false},{"type":"testimonial","name":"testimonials","label":"Testimonial items","tooltip":"Present the list of generated testimonials that will appear on the edited website page. This list offers the convenience to arrange items by dragging and dropping, allowing you to adjust their sequence.","tooltip_url":"https:\/\/lagom.rsstudio.net\/docs\/website-builder\/section-testimonials\/#testimonials-list"},{"type":"subsection","name":"subsection","label":"Testimonial Settings","collapse":false},{"type":"select","name":"type","label":"Testimonial type","container_class":"col-sm-6","options":[{"name":"Type 1 - Full width infinite slider","value":"type-1"},{"name":"Type 2 - Infinite slider with left\/right arrows","value":"type-2"},{"name":"Type 3 - Single testimonial slider with bottom navigation","value":"type-3"},{"name":"Type 4 - Grid layout","value":"type-4"}],"tooltip":"Select from a variety of \"testimonial\" formats, each presenting testimonial boxes in a distinct manner.","tooltip_url":"https:\/\/lagom.rsstudio.net\/docs\/website-builder\/section-testimonials\/#testimonial-type"},{"type":"select","name":"style","label":"Testimonial item style","container_class":"col-sm-6","options":[{"name":"Default","value":"default"},{"name":"Bordered","value":"bordered"},{"name":"Boxed","value":"boxed"}],"tooltip":"Select from a variety of \"testimonial\" styles, and opt for the one that best aligns with the aesthetic of your website.","tooltip_url":"https:\/\/lagom.rsstudio.net\/docs\/website-builder\/section-testimonials\/#testimonial-style"},{"type":"checkbox","name":"testimonials_shuffle","label":"Shuffle testimonials","label_attributes":[{"name":"toggle","value":"lu-collapse"},{"name":"target","value":"#shuffle_testimonials"}],"tooltip":"Upon activating system will autonomously select random testimonials from the list of created endorsements, ensuring a unique set of testimonials with each page refresh. The specified number should be lesser than the total count of generated \"Testimonial\" items."},{"type":"number","name":"testimonials_shuffle_number","label":"Number of testimonials shuffle","container_id":"shuffle_testimonials","container_collapse":true,"container_collapse_target":"testimonials_shuffle","range":{"min":1},"tooltip":"Please input the desired number of testimonials to be displayed. Please ensure that the number provided is smaller than the total number of available testimonial items."},{"type":"subsection","name":"subsection","label":"Advanced Section Settings","collapse":true},{"type":"checkbox","name":"combined","label":"Combine this section with section below","attributes":[{"name":"uncheck-switcher","value":["overlay"]}],"tooltip":"Eliminate bottom padding and borders from this section, allowing the fusion of these two sections. It`s recommended to apply identical \"Section Style\" in the \"Section Panel\" for seamless integration.","tooltip_url":"https:\/\/lagom.rsstudio.net\/docs\/website-builder\/section-common-settings\/#combine-sections"},{"type":"checkbox","name":"overlay","label":"Overlay section below on this section","attributes":[{"name":"uncheck-switcher","value":["combined"]}],"tooltip":"This configuration pulls the section below over the currently managed section while adding an extra 200px padding at the bottom. You can adjust the pixel value by customizing the <b>--cms-section-overlay-margin<\/b> CSS variable through custom CSS rules.","tooltip_url":"https:\/\/lagom.rsstudio.net\/docs\/website-builder\/section-common-settings\/#overlay-sections"},{"type":"text","name":"section_anchor","label":"Section anchor","placeholder":"Enter anchor...","tooltip":"Assign special names to section anchors. This makes it easy to guide people to specific parts of the page when you share links","tooltip_url":"https:\/\/lagom.rsstudio.net\/docs\/website-builder\/section-common-settings\/#section-anchor"},{"type":"text","name":"custom_class","label":"Section custom class","placeholder":"Enter class...","tooltip":"This setting allows you to assign custom classes to the section container. You can input your own CSS class here and then apply the necessary styling in the <b>theme-custom.css<\/b> file.","tooltip_url":"https:\/\/lagom.rsstudio.net\/docs\/website-builder\/section-common-settings\/#section-custom-class"}],"template":"\/var\/www\/html\/templates\/lagom2\/core\/cms\/sections\/config\/testimonials\/testimonials.tpl","cache":true,"thumb":"thumb.png"},"created_at":"2023-08-26T13:55:40.000000Z","updated_at":"2023-08-26T13:55:40.000000Z","lang":{"english":{"id":1,"translation":{"caption":"Customer Reviews","title":"Why our customers loves our services","subtitle":"","testimonials":[{"index":"1","position":"1","title":"Five Star Hosting Services!","description":"<p>\"I am thrilled to express my utmost satisfaction with the truly exceptional hosting services provided by this platform. Their unwavering commitment to maintaining a robust and technologically advanced infrastructure has played a pivotal role in ensuring the unwavering stability of my website, coupled with the added advantage of lightning-fast loading times that significantly enhance the overall user experience.\"<br><\/p>","show_icon":"1","media":"profile-1.png","domain":"rsstudio.net","domain_url":"https:\/\/rsstudio.net\/","author":"Michael Smith","date":"2023-08-26"},{"index":"2","position":"2","title":"Great Hosting Company","description":"<p>\"We love the flexibility of hosted PBX. Our team can work from anywhere, and the call quality is always crystal clear. \"<br><\/p>","author":"Eliza Williams","domain":"rsstudio.net","domain_url":"https:\/\/rsstudio.net\/","date":"","show_icon":"1","media":"profile-2.png"},{"index":"3","position":"3","title":"Very Helpful Support","description":"<p>\u201cI'm thoroughly impressed with their hosting services. The standout feature for me is their outstanding customer support \u2013 quick, friendly, and incredibly helpful. They've truly exceeded my expectations!\"<\/p>","show_icon":"1","media":"profile-5.png","domain":"rsstudio.net","domain_url":"https:\/\/rsstudio.net\/","author":"John Doe","date":""},{"index":"4","position":"4","title":"High Quality Servers","description":"<p>\u201cI'm thrilled with their hosting services. The performance of my website has been exceptional, thanks to their top-notch hardware.\u201d<br><\/p>","show_icon":"1","media":"profile-7.png","domain":"rsstudio.net","domain_url":"https:\/\/rsstudio.net\/","author":"Michael Smith","date":""},{"index":"5","position":"5","title":"Fastest Hosting ","description":"<p>\"I'm amazed by the speed of their servers! My website loads in an instant, providing an exceptional user experience. Their hosting services have significantly boosted my site's performance.\"<br><\/p>","show_icon":"1","media":"profile-6.png","domain":"https:\/\/rsstudio.net\/","domain_url":"rsstudio.net","author":"Robert Johanson","date":""},{"index":"6","position":"6","title":"Simply Amazing","description":"<p>\u201cTheir products are simply amazing. The quality, features, and value they offer have elevated my online presence. A fantastic choice for anyone seeking top-tier hosting solutions.\u201d<br><\/p>","show_icon":"1","media":"profile-3.png","domain":"rsstudio.net","domain_url":"https:\/\/rsstudio.net\/","author":"Maria Garcia","date":""},{"index":"7","position":"7","title":"Happy For The Switch","description":"<p>\"Switching to their Hosting was the best decision. Their intuitive control panel made managing my site a breeze. The uptime has been impeccable, ensuring my business is always online.\"<br><\/p>","show_icon":"1","media":"testimonial3.jpg","domain":"rsstudio.net","domain_url":"https:\/\/rsstudio.net\/","author":"Michael Brown","date":""},{"index":"8","position":"8","title":"Easy App Installation","description":"<p>\"Ther Hosting has exceeded my expectations. Their one-click app installations saved me time, and the speed optimization has boosted my site's SEO ranking. Truly satisfied.\"<br><\/p>","show_icon":"1","media":"testimonial2.jpg","domain":"rsstudio.net","domain_url":"https:\/\/rsstudio.net\/","author":"David Wilson","date":""}],"type":"type-4","style":"bordered","testimonials_shuffle":"1","testimonials_shuffle_number":"6","combined":"0","overlay":"0","section_anchor":"","custom_class":""}}},"translations":[{"id":1,"section_id":23,"lang":"english","values":{"caption":"Customer Reviews","title":"Why our customers loves our services","subtitle":"","testimonials":[{"index":"1","position":"1","title":"Five Star Hosting Services!","description":"<p>\"I am thrilled to express my utmost satisfaction with the truly exceptional hosting services provided by this platform. Their unwavering commitment to maintaining a robust and technologically advanced infrastructure has played a pivotal role in ensuring the unwavering stability of my website, coupled with the added advantage of lightning-fast loading times that significantly enhance the overall user experience.\"<br><\/p>","show_icon":"1","media":"profile-1.png","domain":"rsstudio.net","domain_url":"https:\/\/rsstudio.net\/","author":"Michael Smith","date":"2023-08-26"},{"index":"2","position":"2","title":"Great Hosting Company","description":"<p>\"We love the flexibility of hosted PBX. Our team can work from anywhere, and the call quality is always crystal clear. \"<br><\/p>","author":"Eliza Williams","domain":"rsstudio.net","domain_url":"https:\/\/rsstudio.net\/","date":"","show_icon":"1","media":"profile-2.png"},{"index":"3","position":"3","title":"Very Helpful Support","description":"<p>\u201cI'm thoroughly impressed with their hosting services. The standout feature for me is their outstanding customer support \u2013 quick, friendly, and incredibly helpful. They've truly exceeded my expectations!\"<\/p>","show_icon":"1","media":"profile-5.png","domain":"rsstudio.net","domain_url":"https:\/\/rsstudio.net\/","author":"John Doe","date":""},{"index":"4","position":"4","title":"High Quality Servers","description":"<p>\u201cI'm thrilled with their hosting services. The performance of my website has been exceptional, thanks to their top-notch hardware.\u201d<br><\/p>","show_icon":"1","media":"profile-7.png","domain":"rsstudio.net","domain_url":"https:\/\/rsstudio.net\/","author":"Michael Smith","date":""},{"index":"5","position":"5","title":"Fastest Hosting ","description":"<p>\"I'm amazed by the speed of their servers! My website loads in an instant, providing an exceptional user experience. Their hosting services have significantly boosted my site's performance.\"<br><\/p>","show_icon":"1","media":"profile-6.png","domain":"https:\/\/rsstudio.net\/","domain_url":"rsstudio.net","author":"Robert Johanson","date":""},{"index":"6","position":"6","title":"Simply Amazing","description":"<p>\u201cTheir products are simply amazing. The quality, features, and value they offer have elevated my online presence. A fantastic choice for anyone seeking top-tier hosting solutions.\u201d<br><\/p>","show_icon":"1","media":"profile-3.png","domain":"rsstudio.net","domain_url":"https:\/\/rsstudio.net\/","author":"Maria Garcia","date":""},{"index":"7","position":"7","title":"Happy For The Switch","description":"<p>\"Switching to their Hosting was the best decision. Their intuitive control panel made managing my site a breeze. The uptime has been impeccable, ensuring my business is always online.\"<br><\/p>","show_icon":"1","media":"testimonial3.jpg","domain":"rsstudio.net","domain_url":"https:\/\/rsstudio.net\/","author":"Michael Brown","date":""},{"index":"8","position":"8","title":"Easy App Installation","description":"<p>\"Ther Hosting has exceeded my expectations. Their one-click app installations saved me time, and the speed optimization has boosted my site's SEO ranking. Truly satisfied.\"<br><\/p>","show_icon":"1","media":"testimonial2.jpg","domain":"rsstudio.net","domain_url":"https:\/\/rsstudio.net\/","author":"David Wilson","date":""}],"type":"type-4","style":"bordered","testimonials_shuffle":"1","testimonials_shuffle_number":"6","combined":"0","overlay":"0","section_anchor":"","custom_class":""},"created_at":"2023-08-26T13:55:40.000000Z","updated_at":"2024-09-11T08:59:55.000000Z"}]}