{"id":830,"type":{"default_type":true,"name":"Banner","slug":"banner","fields":[{"type":"subsection","name":"subsection","label":"Banner Description","collapse":false},{"type":"text","name":"caption","label":"Caption","placeholder":"Enter caption...","tooltip":"Provide a brief section caption to appear above the main title in a smaller font. You can skip this if you don`t wish to display this element.","tooltip_url":"https:\/\/lagom.rsstudio.net\/docs\/website-builder\/section-banner-default\/#banner-description"},{"type":"text","name":"title","label":"Title","placeholder":"Enter title...","tooltip":"Elevate page clarity and visual hierarchy using section titles. Optionally skip for not displaying this element.","tooltip_url":"https:\/\/lagom.rsstudio.net\/docs\/website-builder\/section-banner-default\/#banner-description"},{"type":"text-editor","name":"subtitle","label":"Subtitle","placeholder":"Enter subtitle...","tooltip":"Add concise text to clarify section content, enhancing context and user understanding. You can skip this if you don`t wish to display this element.","tooltip_url":"https:\/\/lagom.rsstudio.net\/docs\/website-builder\/section-banner-default\/#banner-description"},{"type":"subsection","name":"subsection","label":"Banner Actions","collapse":false},{"type":"buttons","name":"buttons","label":"Buttons","tooltip":"Create and assign custom buttons to this section with ease. Boost user engagement and enhance website conversion with effective call-to-action buttons.","tooltip_url":"https:\/\/lagom.rsstudio.net\/docs\/website-builder\/section-common-settings\/#button-manager"},{"type":"checkbox","name":"show_product_pricing","label":"Display starting price of selected product\/product group","label_attributes":[{"name":"toggle","value":"lu-collapse"},{"name":"target","value":"#show_product_pricing"}],"tooltip":" When you activate this option, an additional field with products and product groups will appear. This field showcases the \"starting price\" derived from the chosen option.","tooltip_url":"https:\/\/lagom.rsstudio.net\/docs\/website-builder\/section-banner-default\/#banner-actions"},{"type":"select","name":"product_group_pricing","container_id":"show_product_pricing","container_collapse":true,"container_collapse_target":"show_product_pricing"},{"type":"subsection","name":"subsection","label":"Banner Background","collapse":false},{"type":"select","name":"type","label":"Background type","options":[{"name":"Type 1 - Default Lagom banner with predefined illustration","value":"type-1"},{"name":"Type 2 - Left aligned text, with custom graphics on the right column","value":"type-2"},{"name":"Type 3 - Left aligned text, with custom graphics filling full background","value":"type-3"},{"name":"Type 4 - Center aligned text, with custom graphic filling full background","value":"type-4"},{"name":"Type 5 - Center aligned text, with custom graphic filling bottom background","value":"type-5"},{"name":"Type 6 - Center aligned text, with no graphic","value":"type-6"}],"tooltip":"Select a background type from the dropdown menu. This choice also influences the layout of banner content.","tooltip_url":"https:\/\/lagom.rsstudio.net\/docs\/website-builder\/section-banner-default\/#banner-background"},{"type":"graphic","name":"graphic","label":"Background graphic","tooltip":"Personalize your banner by selecting the background graphics that will be prominently showcased.","tooltip_url":"https:\/\/lagom.rsstudio.net\/docs\/website-builder\/section-banner-default\/#banner-background"},{"type":"subsection","name":"subsection","label":"Advanced Section Settings","collapse":true},{"type":"checkbox","name":"combined","label":"Combine this section with section below","attributes":[{"name":"uncheck-switcher","value":["overlay"]}],"tooltip":"Eliminate bottom padding and borders from this section, allowing the fusion of these two sections. It`s recommended to apply identical \"Section Style\" in the \"Section Panel\" for seamless integration.","tooltip_url":"https:\/\/lagom.rsstudio.net\/docs\/website-builder\/section-common-settings\/#combine-sections"},{"type":"checkbox","name":"overlay","label":"Overlay section below on this section","attributes":[{"name":"uncheck-switcher","value":["combined"]}],"tooltip":"This configuration pulls the section below over the currently managed section while adding an extra 200px padding at the bottom. You can adjust the pixel value by customizing the <b>--cms-section-overlay-margin<\/b> CSS variable through custom CSS rules.","tooltip_url":"https:\/\/lagom.rsstudio.net\/docs\/website-builder\/section-common-settings\/#overlay-sections"},{"type":"checkbox","name":"disable_background_shape","label":"Disable background shape for \"Predefined Lagom Illustration\"","tooltip":"Eliminates the background shape from the predefined Lagom illustrations.","tooltip_url":"https:\/\/lagom.rsstudio.net\/docs\/website-builder\/section-common-settings\/#overlay-sections"},{"type":"text","name":"section_anchor","label":"Section anchor","placeholder":"Enter anchor...","tooltip":"Assign special names to section anchors. This makes it easy to guide people to specific parts of the page when you share links","tooltip_url":"https:\/\/lagom.rsstudio.net\/docs\/website-builder\/section-common-settings\/#overlay-sections"},{"type":"text","name":"custom_class","label":"Section custom class","placeholder":"Enter class...","tooltip":"This setting allows you to assign custom classes to the section container. You can input your own CSS class here and then apply the necessary styling in the <b>theme-custom.css<\/b> file.","tooltip_url":"https:\/\/lagom.rsstudio.net\/docs\/website-builder\/section-common-settings\/#overlay-sections"}],"template":"\/var\/www\/html\/templates\/lagom2\/core\/cms\/sections\/config\/banner\/banner.tpl","cache":true,"thumb":"thumb.png"},"page_id":113,"visibility":1,"theme":"default","order":3,"created_at":"2024-09-11T09:04:46.000000Z","updated_at":"2024-09-11T09:16:21.000000Z","lang":{"english":{"id":830,"translation":{"caption":"","title":"","subtitle":"&lt;h1&gt;WE ARE OCEAN TEL&lt;\/h1&gt;\r\n&lt;p&gt;&lt;span style=&quot;font-family: avenir-lt-w01_35-light1475496, avenir-lt-w05_35-light, sans-serif; font-size: 22px; text-align: center;&quot;&gt;Ocean Tel Ltd UK was Founded 2016 headed up by our CEO Zaid Zagha.&lt;\/span&gt;&lt;\/p&gt;&lt;p&gt;&lt;span style=&quot;font-family: avenir-lt-w01_35-light1475496, avenir-lt-w05_35-light, sans-serif; font-size: 22px; text-align: center;&quot;&gt;Ocean Tel Ltd UK are a leading International Communications Company specialising in the Middle East and North Africa and are one of the key operators in region.&lt;\/span&gt;&lt;\/p&gt;&lt;p&gt;&lt;span style=&quot;font-family: avenir-lt-w01_35-light1475496, avenir-lt-w05_35-light, sans-serif; font-size: 22px; text-align: center;&quot;&gt;Our team go above and beyond to ensure each project\u2019s specific needs are addressed and followed through until completion.&lt;\/span&gt;&lt;\/p&gt;&lt;p&gt;&lt;span style=&quot;font-family: avenir-lt-w01_35-light1475496, avenir-lt-w05_35-light, sans-serif; font-size: 22px; text-align: center;&quot;&gt;Through open communication and exceptional service, we know you will find what you\u2019re looking for with our specialised Telecommunication Services through a Dedicated Account Management team &amp;nbsp;\/ Dedicated Fraud team.&lt;\/span&gt;&lt;span style=&quot;font-family: avenir-lt-w01_35-light1475496, avenir-lt-w05_35-light, sans-serif; font-size: 22px; text-align: center;&quot;&gt;&lt;br&gt;&lt;\/span&gt;&lt;span style=&quot;font-family: avenir-lt-w01_35-light1475496, avenir-lt-w05_35-light, sans-serif; font-size: 22px; text-align: center;&quot;&gt;&lt;br&gt;&lt;\/span&gt;&lt;span style=&quot;font-family: avenir-lt-w01_35-light1475496, avenir-lt-w05_35-light, sans-serif; font-size: 22px; text-align: center;&quot;&gt;&lt;br&gt;&lt;\/span&gt;&lt;\/p&gt;","buttons":"","show_product_pricing":"0","product_group_pricing":"none","type":"type-6","graphic":{"type":"","graphic":""},"combined":"0","overlay":"0","disable_background_shape":"0","section_anchor":"","custom_class":""}}},"translations":[{"id":830,"section_id":830,"lang":"english","values":{"caption":"","title":"","subtitle":"&lt;h1&gt;WE ARE OCEAN TEL&lt;\/h1&gt;\r\n&lt;p&gt;&lt;span style=&quot;font-family: avenir-lt-w01_35-light1475496, avenir-lt-w05_35-light, sans-serif; font-size: 22px; text-align: center;&quot;&gt;Ocean Tel Ltd UK was Founded 2016 headed up by our CEO Zaid Zagha.&lt;\/span&gt;&lt;\/p&gt;&lt;p&gt;&lt;span style=&quot;font-family: avenir-lt-w01_35-light1475496, avenir-lt-w05_35-light, sans-serif; font-size: 22px; text-align: center;&quot;&gt;Ocean Tel Ltd UK are a leading International Communications Company specialising in the Middle East and North Africa and are one of the key operators in region.&lt;\/span&gt;&lt;\/p&gt;&lt;p&gt;&lt;span style=&quot;font-family: avenir-lt-w01_35-light1475496, avenir-lt-w05_35-light, sans-serif; font-size: 22px; text-align: center;&quot;&gt;Our team go above and beyond to ensure each project\u2019s specific needs are addressed and followed through until completion.&lt;\/span&gt;&lt;\/p&gt;&lt;p&gt;&lt;span style=&quot;font-family: avenir-lt-w01_35-light1475496, avenir-lt-w05_35-light, sans-serif; font-size: 22px; text-align: center;&quot;&gt;Through open communication and exceptional service, we know you will find what you\u2019re looking for with our specialised Telecommunication Services through a Dedicated Account Management team &amp;nbsp;\/ Dedicated Fraud team.&lt;\/span&gt;&lt;span style=&quot;font-family: avenir-lt-w01_35-light1475496, avenir-lt-w05_35-light, sans-serif; font-size: 22px; text-align: center;&quot;&gt;&lt;br&gt;&lt;\/span&gt;&lt;span style=&quot;font-family: avenir-lt-w01_35-light1475496, avenir-lt-w05_35-light, sans-serif; font-size: 22px; text-align: center;&quot;&gt;&lt;br&gt;&lt;\/span&gt;&lt;span style=&quot;font-family: avenir-lt-w01_35-light1475496, avenir-lt-w05_35-light, sans-serif; font-size: 22px; text-align: center;&quot;&gt;&lt;br&gt;&lt;\/span&gt;&lt;\/p&gt;","buttons":"","show_product_pricing":"0","product_group_pricing":"none","type":"type-6","graphic":{"type":"","graphic":""},"combined":"0","overlay":"0","disable_background_shape":"0","section_anchor":"","custom_class":""},"created_at":"2024-09-11T09:04:46.000000Z","updated_at":"2024-12-14T06:24:55.000000Z"}]}