{"id":3,"name":"FAQ - General Questions","type":{"default_type":true,"name":"FAQ","slug":"faq","fields":[{"type":"subsection","name":"subsection","label":"Section Description","collapse":false},{"type":"text","name":"caption","label":"Caption","placeholder":"Enter caption...","tooltip":"Provide a brief section caption to appear above the main title in a smaller font. You can skip this if you don`t wish to display this element.","tooltip_url":"https:\/\/lagom.rsstudio.net\/docs\/website-builder\/section-faq\/#section-description"},{"type":"text","name":"title","label":"Title","placeholder":"Enter title...","tooltip":"Elevate page clarity and visual hierarchy using section titles. Optionally skip for not displaying this element.","tooltip_url":"https:\/\/lagom.rsstudio.net\/docs\/website-builder\/section-faq\/#section-description"},{"type":"text-editor","name":"subtitle","label":"Subtitle","placeholder":"Enter subtitle...","tooltip":"Add concise text to clarify section content, enhancing context and user understanding. You can skip this if you don`t wish to display this element.","tooltip_url":"https:\/\/lagom.rsstudio.net\/docs\/website-builder\/section-faq\/#section-description"},{"type":"subsection","name":"subsection","label":"FAQ List","collapse":false},{"type":"group-input","name":"list_group","label":"Group section content","grouped":false,"group_forced":false,"fields":[{"type":"list","name":"list","label":"FAQ items","icons":false,"link":false,"tooltip":"Lorem Ipsum <a href=\"#\">Learn More<\/a>"}],"tooltip":"The \"Group section content\" function enables you to create multiple item groups that will be displayed on the frontend as distinct tabs.","tooltip_url":"https:\/\/lagom.rsstudio.net\/docs\/website-builder\/section-faq\/#group-section","group_section":"faq"},{"type":"subsection","name":"subsection","label":"FAQ Settings","collapse":false},{"type":"select","name":"list_type","label":"FAQ Type","container_class":"col-sm-6","options":[{"name":"Type 1 - Accordion","value":"accordion"},{"name":"Type 2 - Expanded list with fully visible title and description","value":"expanded"}],"tooltip":"Select the display type for the list of FAQ items.","tooltip_url":"https:\/\/lagom.rsstudio.net\/docs\/website-builder\/section-faq\/#faq-settings"},{"type":"select","name":"list_style","label":"FAQ item style","container_class":"col-sm-6","options":[{"name":"Default","value":"default"},{"name":"Divided","value":"divided"},{"name":"Boxed","value":"boxed"}],"tooltip":"Select the display style for the list of FAQ items.","tooltip_url":"https:\/\/lagom.rsstudio.net\/docs\/website-builder\/section-faq\/#faq-settings"},{"type":"subsection","name":"subsection","label":"Advanced Section Settings","collapse":true},{"type":"checkbox","name":"combined","label":"Combine this section with section below","attributes":[{"name":"uncheck-switcher","value":["overlay"]}],"tooltip":"Eliminate bottom padding and borders from this section, allowing the fusion of these two sections. It`s recommended to apply identical \"Section Style\" in the \"Section Panel\" for seamless integration.","tooltip_url":"https:\/\/lagom.rsstudio.net\/docs\/website-builder\/section-common-settings\/#combine-sections"},{"type":"checkbox","name":"overlay","label":"Overlay section below on this section","attributes":[{"name":"uncheck-switcher","value":["combined"]}],"tooltip":"This configuration pulls the section below over the currently managed section while adding an extra 200px padding at the bottom. You can adjust the pixel value by customizing the <b>--cms-section-overlay-margin<\/b> CSS variable through custom CSS rules.","tooltip_url":"https:\/\/lagom.rsstudio.net\/docs\/website-builder\/section-common-settings\/#overlay-sections"},{"type":"text","name":"section_anchor","label":"Section anchor","placeholder":"Enter anchor...","tooltip":"Assign special names to section anchors. This makes it easy to guide people to specific parts of the page when you share links","tooltip_url":"https:\/\/lagom.rsstudio.net\/docs\/website-builder\/section-common-settings\/#overlay-sections"},{"type":"text","name":"custom_class","label":"Section custom class","placeholder":"Enter class...","tooltip":"This setting allows you to assign custom classes to the section container. You can input your own CSS class here and then apply the necessary styling in the <b>theme-custom.css<\/b> file.","tooltip_url":"https:\/\/lagom.rsstudio.net\/docs\/website-builder\/section-common-settings\/#overlay-sections"}],"template":"\/var\/www\/templates\/lagom2\/core\/cms\/sections\/config\/faq\/faq.tpl","cache":true,"thumb":"thumb.png"},"created_at":"2023-03-30T12:05:31.000000Z","updated_at":"2023-07-23T10:04:47.000000Z","lang":{"english":{"id":3,"translation":{"caption":"","title":"Frequently asked questions","subtitle":"&lt;p&gt;&lt;br&gt;&lt;\/p&gt;","list_group":{"grouped":"0","group_forced":"0","groups":{"1":{"group_index":"1","group_name":"","group_order":"1","fields":{"list":[{"index":"1","position":"2","title":"What is Shared Hosting?","description":"<p>Web hosting is a service that lets you rent web space on the internet to publish a web site. Email services are usually also included in most web hosting packages. Same goes for the domain registration of your first site name. The domain name is the address people enter in their browsers to access a specific website.<br><\/p>","custom_classes":"","show_icon":"0","media":"undefined","link_text":"","link_type":"custom-url","show_link":"0","custom_url":"","target_blank":"0","url":""},{"index":"2","position":"4","title":"What is Cloud Hosting?","description":"<p>Cloud hosting is the ability to make applications and websites available on the internet using the cloud. Cloud hosting pools computing resources from a network of virtual and physical servers, allowing for greater scalability and flexibility to quickly make changes. In most cases cloud hosting is also pay-as-you-go which means the teams pay for what they use and don\u2019t have to worry about overprovisioning or underprovisioning resources.<br><\/p>","custom_classes":"","show_icon":"0","media":"undefined","link_text":"","link_type":"custom-url","show_link":"0","custom_url":"","target_blank":"0","url":""},{"title":"What is the difference between Cloud Hosting and Shared Hosting?","description":"<p>Shared hosting is the most widely used and affordable type of hosting service. In shared hosting, many websites share the space of one physical server and its resources. Cloud hosting is much more powerful as you get a whole server all by yourself and you don't share its resources with anyone.<br><\/p>","index":"3","position":"3","link_type":"custom-url","show_link":"0","show_icon":"0","sidebar_type":"0","target_blank":"0","link_text":"","custom_url":"","whmcs_page":null,"url":"","custom_classes":"","media":"undefined"},{"title":"Is Shared Hosting secure enough?","description":"<p>Yes, for the most part, shared hosting is secure. Our servers have security solutions in place at the server level. However, in most cases, security problems like malware across a shared server only occurs because one or more hosting customers weren\u2019t diligent in keeping their website\u2019s software up-to-date<br><\/p>","index":"4","position":"4","link_type":"custom-url","show_link":"0","show_icon":"0","sidebar_type":"0","target_blank":"0","link_text":"","custom_url":"","whmcs_page":null,"url":"","custom_classes":"","media":"undefined"},{"index":"5","position":"5","title":"How do I pick the right Domain Name?","description":"<p>Nullam sodales tortor vel erat cursus varius. Pellentesque sit amet ultrices purus, sit amet scelerisque sapien. Quisque convallis sollicitudin tristique. Vivamus in tristique nulla, sollicitudin viverra magna. Nam id sagittis augue.<\/p><p>Suspendisse a interdum nibh, a viverra ante. Aliquam ultricies velit quis dui lobortis, et aliquam turpis auctor. Morbi porta eleifend luctus. Sed ac mauris at enim aliquam malesuada.&nbsp;<\/p>","custom_classes":"","show_icon":"0","media":"undefined","link_text":"","link_type":"custom-url","show_link":"0","custom_url":"","target_blank":"0","url":""}]}}},"new_group_index":2},"list_type":"accordion","list_style":"boxed","combined":"0","overlay":"0","section_anchor":"","custom_class":""}}},"translations":[{"id":3,"section_id":3,"lang":"english","values":{"caption":"","title":"Frequently asked questions","subtitle":"&lt;p&gt;&lt;br&gt;&lt;\/p&gt;","list_group":{"group_forced":"0","grouped":"0","groups":{"1":{"group_name":"","group_order":"1","group_index":"1","fields":{"list":[{"index":"1","position":"2","title":"What is Shared Hosting?","description":"<p>Web hosting is a service that lets you rent web space on the internet to publish a web site. Email services are usually also included in most web hosting packages. Same goes for the domain registration of your first site name. The domain name is the address people enter in their browsers to access a specific website.<br><\/p>","custom_classes":"","show_icon":"0","media":"undefined","link_text":"","link_type":"custom-url","show_link":"0","custom_url":"","target_blank":"0"},{"index":"2","position":"4","title":"What is Cloud Hosting?","description":"<p>Cloud hosting is the ability to make applications and websites available on the internet using the cloud. Cloud hosting pools computing resources from a network of virtual and physical servers, allowing for greater scalability and flexibility to quickly make changes. In most cases cloud hosting is also pay-as-you-go which means the teams pay for what they use and don\u2019t have to worry about overprovisioning or underprovisioning resources.<br><\/p>","custom_classes":"","show_icon":"0","media":"undefined","link_text":"","link_type":"custom-url","show_link":"0","custom_url":"","target_blank":"0"},{"title":"What is the difference between Cloud Hosting and Shared Hosting?","description":"<p>Shared hosting is the most widely used and affordable type of hosting service. In shared hosting, many websites share the space of one physical server and its resources. Cloud hosting is much more powerful as you get a whole server all by yourself and you don't share its resources with anyone.<br><\/p>","index":"3","position":"3","link_type":"custom-url","show_link":"0","show_icon":"0","sidebar_type":"0","target_blank":"0","link_text":"","custom_url":"","whmcs_page":null,"url":null,"custom_classes":"","media":"undefined"},{"title":"Is Shared Hosting secure enough?","description":"<p>Yes, for the most part, shared hosting is secure. Our servers have security solutions in place at the server level. However, in most cases, security problems like malware across a shared server only occurs because one or more hosting customers weren\u2019t diligent in keeping their website\u2019s software up-to-date<br><\/p>","index":"4","position":"4","link_type":"custom-url","show_link":"0","show_icon":"0","sidebar_type":"0","target_blank":"0","link_text":"","custom_url":"","whmcs_page":null,"url":null,"custom_classes":"","media":"undefined"},{"index":"5","position":"5","title":"How do I pick the right Domain Name?","description":"<p>Nullam sodales tortor vel erat cursus varius. Pellentesque sit amet ultrices purus, sit amet scelerisque sapien. Quisque convallis sollicitudin tristique. Vivamus in tristique nulla, sollicitudin viverra magna. Nam id sagittis augue.<\/p><p>Suspendisse a interdum nibh, a viverra ante. Aliquam ultricies velit quis dui lobortis, et aliquam turpis auctor. Morbi porta eleifend luctus. Sed ac mauris at enim aliquam malesuada.&nbsp;<\/p>","custom_classes":"","show_icon":"0","media":"undefined","link_text":"","link_type":"custom-url","show_link":"0","custom_url":"","target_blank":"0"}]}}}},"list_type":"accordion","list_style":"boxed","combined":"0","overlay":"0","section_anchor":"","custom_class":""},"created_at":"2023-03-30T12:05:31.000000Z","updated_at":"2023-07-23T10:10:45.000000Z"}]}