[{"id":298,"custom_page":1,"type":"promo","slug":"c2853b3fd850c705b610c244c7946d45","url":"promotion-christmas-sale","name":"Christmas Sale - Layout Main","display_type":"website","list_display":1,"seo_enabled":1,"seo_robots":0,"seo_title":{"arabic":"","azerbaijani":"","catalan":"","chinese":"","croatian":"","czech":"","danish":"","dutch":"","english":"Christmas Sale!","estonian":"","farsi":"","french":"","german":"","hebrew":"","hungarian":"","italian":"","macedonian":"","norwegian":"","portuguese-br":"","portuguese-pt":"","romanian":"","russian":"","spanish":"","swedish":"","turkish":"","ukranian":""},"seo_description":null,"seo_image":null,"settings":{"published":"1","body_class":"promotion-christmas-sale","promo":{"promotionDisplayTimeEnabled":"0","promotionStartDate":"","promotionEndDate":"2024-10-24T10:35","promotionEndDateAction":"expired_sections","promotionEndDateActionWhmcs":"whmcsgroup-27","promotionEndDateActionCustom":"","promotionTheme":"christmas_sale","promotionNavType":"Only Logo"}},"created_at":"2024-12-09T15:25:58.000000Z","updated_at":"2024-12-14T14:47:22.000000Z"}]