{"id":1051,"type":{"default_type":false,"name":"Predefined Section","slug":"predefined-section","fields":[{"type":"sections","name":"predefined_section","label":"Choose predefined section"}],"template":"\/var\/www\/html\/templates\/lagom2\/core\/cms\/sections\/config\/predefined-section\/predefined-section.tpl","cache":true},"page_id":179,"visibility":0,"theme":"default","order":2,"created_at":"2024-12-12T11:34:01.000000Z","updated_at":"2024-12-12T11:37:31.000000Z","lang":{"english":{"id":1158,"translation":{"predefined_section":"26"}}},"translations":[{"id":1158,"section_id":1051,"lang":"english","values":{"predefined_section":"26"},"created_at":"2024-12-12T11:34:01.000000Z","updated_at":"2024-12-12T11:34:01.000000Z"}]}