{"id":301,"type":{"default_type":false,"name":"Predefined Section","slug":"predefined-section","fields":[{"type":"sections","name":"predefined_section","label":"Choose predefined section"}],"template":"\/var\/www\/html\/templates\/lagom2\/core\/cms\/sections\/config\/predefined-section\/predefined-section.tpl","cache":true},"page_id":118,"visibility":1,"theme":"default","order":1,"created_at":"2023-05-11T13:00:41.000000Z","updated_at":"2023-05-11T13:00:41.000000Z","lang":{"english":{"id":301,"translation":{"predefined_section":"8"}}},"translations":[{"id":301,"section_id":301,"lang":"english","values":{"predefined_section":"8"},"created_at":"2023-05-11T13:00:41.000000Z","updated_at":"2023-05-11T13:00:41.000000Z"}]}