{"id":532,"type":{"default_type":false,"name":"Predefined Section","slug":"predefined-section","fields":[{"type":"sections","name":"predefined_section","label":"Choose predefined section"}],"template":"\/var\/www\/html\/templates\/lagom2\/core\/cms\/sections\/config\/predefined-section\/predefined-section.tpl","cache":true},"page_id":143,"visibility":1,"theme":"default","order":3,"created_at":"2023-05-27T11:24:51.000000Z","updated_at":"2024-09-10T11:05:03.000000Z","lang":{"english":{"id":532,"translation":{"predefined_section":"1"}}},"translations":[{"id":532,"section_id":532,"lang":"english","values":{"predefined_section":"1"},"created_at":"2023-05-27T11:24:51.000000Z","updated_at":"2023-05-27T11:24:51.000000Z"}]}