{"id":1466,"type":{"default_type":false,"name":"Predefined Section","slug":"predefined-section","fields":[{"type":"sections","name":"predefined_section","label":"Choose predefined section"}],"template":"\/var\/www\/templates\/lagom2\/core\/cms\/sections\/config\/predefined-section\/predefined-section.tpl","cache":true},"page_id":143,"visibility":1,"theme":"default","order":15,"created_at":"2023-05-10T10:27:34.000000Z","updated_at":"2024-06-28T07:46:36.000000Z","lang":{"english":{"id":1473,"translation":{"predefined_section":"9"}}},"translations":[{"id":1473,"section_id":1466,"lang":"english","values":{"predefined_section":"9"},"created_at":"2023-05-10T10:27:34.000000Z","updated_at":"2023-05-10T10:27:34.000000Z"}]}