{"id":1468,"type":{"default_type":false,"name":"Predefined Section","slug":"predefined-section","fields":[{"type":"sections","name":"predefined_section","label":"Choose predefined section"}],"template":"\/var\/www\/templates\/lagom2\/core\/cms\/sections\/config\/predefined-section\/predefined-section.tpl","cache":true},"page_id":143,"visibility":1,"theme":"default","order":10,"created_at":"2023-07-23T13:12:30.000000Z","updated_at":"2024-04-05T11:25:15.000000Z","lang":{"english":{"id":1475,"translation":{"predefined_section":"20"}}},"translations":[{"id":1475,"section_id":1468,"lang":"english","values":{"predefined_section":"20"},"created_at":"2023-07-23T13:12:30.000000Z","updated_at":"2023-07-23T13:12:30.000000Z"}]}