{"id":1465,"type":{"default_type":false,"name":"Predefined Section","slug":"predefined-section","fields":[{"type":"sections","name":"predefined_section","label":"Choose predefined section"}],"template":"\/var\/www\/templates\/lagom2\/core\/cms\/sections\/config\/predefined-section\/predefined-section.tpl","cache":true},"page_id":143,"visibility":1,"theme":"default","order":13,"created_at":"2023-05-10T10:27:15.000000Z","updated_at":"2024-06-28T07:46:36.000000Z","lang":{"english":{"id":1472,"translation":{"predefined_section":"4"}}},"translations":[{"id":1472,"section_id":1465,"lang":"english","values":{"predefined_section":"4"},"created_at":"2023-05-10T10:27:15.000000Z","updated_at":"2023-05-10T10:27:15.000000Z"}]}