{"id":1459,"type":{"default_type":true,"name":"Products","slug":"products","fields":[{"type":"subsection","name":"subsection","label":"Section Description","collapse":false},{"type":"text","name":"caption","label":"Caption","placeholder":"Enter caption...","tooltip":"Provide a brief section caption to appear above the main title in a smaller font. You can skip this if you don`t wish to display this element.","tooltip_url":"https:\/\/lagom.rsstudio.net\/docs\/website-builder\/section-products\/#section-description"},{"type":"text","name":"title","label":"Title","placeholder":"Enter title...","tooltip":"Elevate page clarity and visual hierarchy using section titles. Optionally skip for not displaying this element.","tooltip_url":"https:\/\/lagom.rsstudio.net\/docs\/website-builder\/section-products\/#section-description"},{"type":"text-editor","name":"subtitle","label":"Subtitle","placeholder":"Enter subtitle...","tooltip":"Add concise text to clarify section content, enhancing context and user understanding. You can skip this if you don`t wish to display this element.","tooltip_url":"https:\/\/lagom.rsstudio.net\/docs\/website-builder\/section-products\/#section-description"},{"type":"subsection","name":"subsection","label":"Product List","collapse":false},{"type":"group-input","name":"products_group","label":"Group products in multiple tabs","grouped":false,"group_forced":false,"fields":[{"type":"product","name":"products_list","label":"Products","tooltip":"Shows a list of products added to this section for display on the website. You can easily arrange them by dragging and dropping, adjusting their order as you like.","tooltip_url":"https:\/\/lagom.rsstudio.net\/docs\/website-builder\/section-products\/#products"}],"tooltip":"This option enables you to generate multiple product groups, which will subsequently appear on the frontend as distinct tabs.","tooltip_url":"https:\/\/lagom.rsstudio.net\/docs\/website-builder\/section-products\/#group-products","group_section":"products"},{"type":"subsection","name":"subsection","label":"Product Settings","collapse":true},{"type":"select","name":"type","label":"Product type","container_class":"col-sm-6","options":[{"name":"Type 1 - Vertical aligned products","value":"default"},{"name":"Type 2 - Vertical aligned small products","value":"condensed"},{"name":"Type 3 - Horizontal aligned products","value":"horizontal"},{"name":"Type 4 - Graphic product, without description","value":"graphic"}],"tooltip":"Choose the appearance of the product boxes on your generated website page by selecting one of the predefined types from the provided list.","tooltip_url":"https:\/\/lagom.rsstudio.net\/docs\/website-builder\/section-products\/#product-type"},{"type":"select","name":"style","label":"Product style","container_class":"col-sm-6","options":[{"name":"Bordered","value":"bordered"},{"name":"Boxed","value":"boxed"}],"tooltip":"Choose the style for the created packages to determine how you want them to be displayed on the generated website page.","tooltip_url":"https:\/\/lagom.rsstudio.net\/docs\/website-builder\/section-products\/#product-style"},{"type":"checkbox","name":"display_package_slider","label":"Display product slider on selected resolutions","label_attributes":[{"name":"toggle","value":"lu-collapse"},{"name":"target","value":"#display_package_slider"}],"tooltip":"Decide when the product packages will appear as a sliding display on different screen sizes. This is useful when you have many products to show and want to avoid making the page too long..","tooltip_url":"https:\/\/lagom.rsstudio.net\/docs\/website-builder\/section-products\/#product-slider"},{"type":"multiselect","name":"package_slider","container_id":"display_package_slider","container_collapse":true,"container_collapse_target":"display_package_slider","attributes":[{"name":"selectize-all"}],"options":[{"name":"All","value":"all","default":true},{"name":"Desktop","value":"desktop"},{"name":"Tablet Horizontal","value":"tab-h"},{"name":"Tablet Vertical","value":"tab-v"},{"name":"Mobile","value":"mob"}]},{"type":"checkbox","name":"display_billing_cycle","label":"Display billing cycle switcher with selected cycles","label_attributes":[{"name":"toggle","value":"lu-collapse"},{"name":"target","value":"#display_billing_cycle"}],"attributes":[{"name":"billing-cycle-switcher"}],"tooltip":"This option enables you to display multiple billing cycle options for \"Product\" packages, so your customers can compare the pricing between different billing cycles","tooltip_url":"https:\/\/lagom.rsstudio.net\/docs\/website-builder\/section-products\/#product-billing-switcher"},{"type":"multiselect","name":"billing_cycle","container_id":"display_billing_cycle","container_collapse":true,"container_collapse_target":"display_billing_cycle","attributes":[{"name":"billing-cycle-select"},{"name":"selectize-all"}],"options":[{"name":"All","value":"all","default":true},{"name":"Monthly","value":"monthly"},{"name":"Quarterly","value":"quarterly"},{"name":"Semiannually","value":"semiannually"},{"name":"Annually","value":"annually"},{"name":"Biennially","value":"biennially"},{"name":"Triennially","value":"triennially"}]},{"type":"checkbox","name":"reverse_billing_cycle_order","label":"Reverse billing cycle order","tooltip":"When this option is enabled, billing cycles will be displayed from shortest cycle to longest.","tooltip_url":"https:\/\/lagom.rsstudio.net\/docs\/website-builder\/section-products\/#reverse-billing-cycle-order"},{"type":"checkbox","name":"hide_starting_from","label":"Hide starting form text","tooltip":"When this option is enabled, product will not show \"Starting from\" text above the pricing. This text is shown by WHMCS system, where product has configurable options assigned.","tooltip_url":"https:\/\/lagom.rsstudio.net\/docs\/website-builder\/section-products\/#hide-starting-from"},{"type":"select","name":"cols_desktop","label":"Columns on desktop","container_class":"col-sm-3","options":[{"name":"1","value":"1"},{"name":"2","value":"2"},{"name":"3","value":"3"},{"name":"4","value":"4","default":true},{"name":"5","value":"5"},{"name":"6","value":"6"}],"tooltip":"efine the number of columns for features displayed on screens wider than 1320px.","tooltip_url":"https:\/\/lagom.rsstudio.net\/docs\/website-builder\/section-products\/#products-columns"},{"type":"select","name":"cols_tab_h","label":"Columns on tablet horizontal","container_class":"col-sm-3","options":[{"name":"1","value":"1"},{"name":"2","value":"2"},{"name":"3","value":"3"},{"name":"4","value":"4","default":true},{"name":"5","value":"5"},{"name":"6","value":"6"}],"tooltip":"Specify the number of columns for features displayed on screens with widths ranging from 992px to 1319px.","tooltip_url":"https:\/\/lagom.rsstudio.net\/docs\/website-builder\/section-products\/#products-columns"},{"type":"select","name":"cols_tab_v","label":"Columns on tablet vertical","container_class":"col-sm-3","options":[{"name":"1","value":"1"},{"name":"2","value":"2","default":true},{"name":"3","value":"3"},{"name":"4","value":"4"}],"tooltip":"Choose the number of columns for features displayed on screens with widths ranging from 768px to 991px.","tooltip_url":"https:\/\/lagom.rsstudio.net\/docs\/website-builder\/section-products\/#products-columns"},{"type":"select","name":"cols_mob","label":"Columns on mobile","container_class":"col-sm-3","options":[{"name":"1","value":"1"},{"name":"2","value":"2"}],"tooltip":"Set amount of columns with features, shown on screens with width smaller than 767px.","tooltip_url":"https:\/\/lagom.rsstudio.net\/docs\/website-builder\/section-products\/#products-columns"},{"type":"subsection","name":"subsection","label":"Section Actions","collapse":true},{"type":"buttons","name":"buttons","label":"Buttons","tooltip":"Create and assign custom buttons to this section with ease. Boost user engagement and enhance website conversion with effective call-to-action buttons.","tooltip_url":"https:\/\/lagom.rsstudio.net\/docs\/website-builder\/section-common-settings\/#button-manager"},{"type":"subsection","name":"subsection","label":"Advanced Section Settings","collapse":true},{"type":"checkbox","name":"combined","label":"Combine this section with section below","attributes":[{"name":"uncheck-switcher","value":["overlay"]}],"tooltip":"Eliminate bottom padding and borders from this section, allowing the fusion of these two sections. It`s recommended to apply identical \"Section Style\" in the \"Section Panel\" for seamless integration.","tooltip_url":"https:\/\/lagom.rsstudio.net\/docs\/website-builder\/section-common-settings\/#combine-sections"},{"type":"checkbox","name":"overlay","label":"Overlay section below on this section","attributes":[{"name":"uncheck-switcher","value":["combined"]}],"tooltip":"This configuration pulls the section below over the currently managed section while adding an extra 200px padding at the bottom. You can adjust the pixel value by customizing the <b>--cms-section-overlay-margin<\/b> CSS variable through custom CSS rules.","tooltip_url":"https:\/\/lagom.rsstudio.net\/docs\/website-builder\/section-common-settings\/#overlay-sections"},{"type":"text","name":"package_custom_classes","label":"Product custom class","placeholder":"Enter class...","tooltip":"Assign custom class to all product items generated in this section."},{"type":"text","name":"section_anchor","label":"Section anchor","placeholder":"Enter anchor...","tooltip":"Assign special names to section anchors. This makes it easy to guide people to specific parts of the page when you share links","tooltip_url":"https:\/\/lagom.rsstudio.net\/docs\/website-builder\/section-common-settings\/#section-anchor"},{"type":"text","name":"custom_class","label":"Section custom class","placeholder":"Enter class...","tooltip":"This setting allows you to assign custom classes to the section container. You can input your own CSS class here and then apply the necessary styling in the <b>theme-custom.css<\/b> file.","tooltip_url":"https:\/\/lagom.rsstudio.net\/docs\/website-builder\/section-common-settings\/#section-custom-class"}],"template":"\/var\/www\/templates\/lagom2\/core\/cms\/sections\/config\/products\/products.tpl","cache":["product","product_price_refresh"],"thumb":"thumb.png"},"page_id":143,"visibility":1,"theme":"default","order":2,"created_at":"2023-04-02T12:53:35.000000Z","updated_at":"2024-04-05T11:25:15.000000Z","lang":{"english":{"id":1466,"translation":{"caption":"","title":"Choose the best Shared Hosting plan","subtitle":"","products_group":{"grouped":"0","group_forced":"0","groups":{"1":{"group_index":"1","group_name":"","group_order":"1","fields":{"products_list":[{"index":"1","position":"1","custom_classes":"","show_icon":"1","group_id":"1","product_id":"all","custom_multi_price":"{\"quarterly\":{\"after\":\"\"}}","title":"Shared Hosting","description":"All products from this group (excluding hidden)"}]}}},"new_group_index":2},"type":"default","style":"boxed","display_package_slider":"0","package_slider":"all","display_billing_cycle":"1","billing_cycle":"monthly,annually,biennially,triennially","reverse_billing_cycle_order":"0","hide_starting_from":"0","cols_desktop":"3","cols_tab_h":"3","cols_tab_v":"2","cols_mob":"1","buttons":[{"index":"1","position":"1","custom_classes":"flex-row-reverse","show_icon":"1","font-icon":"ls ls-arrow-right","link_type":"custom-url","custom_url":"#product-comparison","style":"outline","size":"large","type":"primary","text":"Compare Products","target_blank":"0","url":"#product-comparison"}],"combined":"1","overlay":"0","package_custom_classes":"","section_anchor":"pricing","custom_class":""}}},"translations":[{"id":1466,"section_id":1459,"lang":"english","values":{"caption":"","title":"Choose the best Shared Hosting plan","subtitle":"","products_group":{"group_forced":"0","grouped":"0","groups":{"1":{"group_name":"","group_order":"1","group_index":"1","fields":{"products_list":[{"index":"1","position":"1","custom_classes":"","show_icon":"1","group_id":"1","product_id":"all","custom_multi_price":"{\"quarterly\":{\"after\":\"\"}}"}]}}}},"type":"default","style":"boxed","display_package_slider":"0","package_slider":"all","display_billing_cycle":"1","billing_cycle":"monthly,annually,biennially,triennially","reverse_billing_cycle_order":"0","hide_starting_from":"0","cols_desktop":"3","cols_tab_h":"3","cols_tab_v":"2","cols_mob":"1","buttons":[{"index":"1","position":"1","custom_classes":"flex-row-reverse","show_icon":"1","font-icon":"ls ls-arrow-right","link_type":"custom-url","custom_url":"#product-comparison","style":"outline","size":"large","type":"primary","text":"Compare Products","target_blank":"0"}],"combined":"1","overlay":"0","package_custom_classes":"","section_anchor":"pricing","custom_class":""},"created_at":"2023-04-02T12:53:35.000000Z","updated_at":"2024-07-10T07:07:17.000000Z"}]}