{"id":1029,"type":{"default_type":true,"name":"FAQ","slug":"faq","fields":[{"type":"subsection","name":"subsection","label":"Section Description","collapse":false},{"type":"text","name":"caption","label":"Caption","placeholder":"Enter caption...","tooltip":"Provide a brief section caption to appear above the main title in a smaller font. You can skip this if you don`t wish to display this element.","tooltip_url":"https:\/\/lagom.rsstudio.net\/docs\/website-builder\/section-faq\/#section-description"},{"type":"text","name":"title","label":"Title","placeholder":"Enter title...","tooltip":"Elevate page clarity and visual hierarchy using section titles. Optionally skip for not displaying this element.","tooltip_url":"https:\/\/lagom.rsstudio.net\/docs\/website-builder\/section-faq\/#section-description"},{"type":"text-editor","name":"subtitle","label":"Subtitle","placeholder":"Enter subtitle...","tooltip":"Add concise text to clarify section content, enhancing context and user understanding. You can skip this if you don`t wish to display this element.","tooltip_url":"https:\/\/lagom.rsstudio.net\/docs\/website-builder\/section-faq\/#section-description"},{"type":"subsection","name":"subsection","label":"FAQ List","collapse":false},{"type":"group-input","name":"list_group","label":"Group section content","grouped":false,"group_forced":false,"fields":[{"type":"list","name":"list","label":"FAQ items","icons":false,"link":false,"tooltip":"Lorem Ipsum <a href=\"#\">Learn More<\/a>"}],"tooltip":"The \"Group section content\" function enables you to create multiple item groups that will be displayed on the frontend as distinct tabs.","tooltip_url":"https:\/\/lagom.rsstudio.net\/docs\/website-builder\/section-faq\/#group-section","group_section":"faq"},{"type":"subsection","name":"subsection","label":"FAQ Settings","collapse":false},{"type":"select","name":"list_type","label":"FAQ Type","container_class":"col-sm-6","options":[{"name":"Type 1 - Accordion","value":"accordion"},{"name":"Type 2 - Expanded list with fully visible title and description","value":"expanded"}],"tooltip":"Select the display type for the list of FAQ items.","tooltip_url":"https:\/\/lagom.rsstudio.net\/docs\/website-builder\/section-faq\/#faq-settings"},{"type":"select","name":"list_style","label":"FAQ item style","container_class":"col-sm-6","options":[{"name":"Default","value":"default"},{"name":"Divided","value":"divided"},{"name":"Boxed","value":"boxed"}],"tooltip":"Select the display style for the list of FAQ items.","tooltip_url":"https:\/\/lagom.rsstudio.net\/docs\/website-builder\/section-faq\/#faq-settings"},{"type":"subsection","name":"subsection","label":"Advanced Section Settings","collapse":true},{"type":"checkbox","name":"combined","label":"Combine this section with section below","attributes":[{"name":"uncheck-switcher","value":["overlay"]}],"tooltip":"Eliminate bottom padding and borders from this section, allowing the fusion of these two sections. It`s recommended to apply identical \"Section Style\" in the \"Section Panel\" for seamless integration.","tooltip_url":"https:\/\/lagom.rsstudio.net\/docs\/website-builder\/section-common-settings\/#combine-sections"},{"type":"checkbox","name":"overlay","label":"Overlay section below on this section","attributes":[{"name":"uncheck-switcher","value":["combined"]}],"tooltip":"This configuration pulls the section below over the currently managed section while adding an extra 200px padding at the bottom. You can adjust the pixel value by customizing the <b>--cms-section-overlay-margin<\/b> CSS variable through custom CSS rules.","tooltip_url":"https:\/\/lagom.rsstudio.net\/docs\/website-builder\/section-common-settings\/#overlay-sections"},{"type":"text","name":"section_anchor","label":"Section anchor","placeholder":"Enter anchor...","tooltip":"Assign special names to section anchors. This makes it easy to guide people to specific parts of the page when you share links","tooltip_url":"https:\/\/lagom.rsstudio.net\/docs\/website-builder\/section-common-settings\/#overlay-sections"},{"type":"text","name":"custom_class","label":"Section custom class","placeholder":"Enter class...","tooltip":"This setting allows you to assign custom classes to the section container. You can input your own CSS class here and then apply the necessary styling in the <b>theme-custom.css<\/b> file.","tooltip_url":"https:\/\/lagom.rsstudio.net\/docs\/website-builder\/section-common-settings\/#overlay-sections"}],"template":"\/var\/www\/html\/templates\/lagom2\/core\/cms\/sections\/config\/faq\/faq.tpl","cache":true,"thumb":"thumb.png"},"page_id":179,"visibility":1,"theme":"default","order":8,"created_at":"2024-12-05T07:23:21.000000Z","updated_at":"2024-12-12T11:37:31.000000Z","lang":{"english":{"id":1136,"translation":{"caption":"Cloud Contact Center Solutions","title":"Popular FAQs","subtitle":"","list_group":{"grouped":"0","group_forced":"0","groups":{"1":{"group_index":"1","group_name":"","group_order":"1","fields":{"list":[{"index":"1","position":"1","title":"What is the difference between a call center and a contact center?","description":"&lt;div class=&quot;rounded-lg border border-blue-sky bg-white&quot; data-headlessui-state=&quot;open&quot; data-open=&quot;&quot; style=&quot;border-width: 1px; border-style: solid; border-color: rgb(204 224 255\/var(--tw-border-opacity)); border-image: initial; --tw-border-spacing-x: 0; --tw-border-spacing-y: 0; --tw-translate-x: 0; --tw-translate-y: 0; --tw-rotate: 0; --tw-skew-x: 0; --tw-skew-y: 0; --tw-scale-x: 1; --tw-scale-y: 1; --tw-pan-x: ; --tw-pan-y: ; --tw-pinch-zoom: ; --tw-scroll-snap-strictness: proximity; --tw-gradient-from-position: ; --tw-gradient-via-position: ; --tw-gradient-to-position: ; --tw-ordinal: ; --tw-slashed-zero: ; --tw-numeric-figure: ; --tw-numeric-spacing: ; --tw-numeric-fraction: ; --tw-ring-inset: ; --tw-ring-offset-width: 0px; --tw-ring-offset-color: #fff; --tw-ring-color: rgba(59,130,246,.5); --tw-ring-offset-shadow: 0 0 #0000; --tw-ring-shadow: 0 0 #0000; --tw-shadow: 0 0 #0000; --tw-shadow-colored: 0 0 #0000; --tw-blur: ; --tw-brightness: ; --tw-contrast: ; --tw-grayscale: ; --tw-hue-rotate: ; --tw-invert: ; --tw-saturate: ; --tw-sepia: ; --tw-drop-shadow: ; --tw-backdrop-blur: ; --tw-backdrop-brightness: ; --tw-backdrop-contrast: ; --tw-backdrop-grayscale: ; --tw-backdrop-hue-rotate: ; --tw-backdrop-invert: ; --tw-backdrop-opacity: ; --tw-backdrop-saturate: ; --tw-backdrop-sepia: ; --tw-contain-size: ; --tw-contain-layout: ; --tw-contain-paint: ; --tw-contain-style: ; border-radius: 0.5rem; --tw-border-opacity: 1; --tw-bg-opacity: 1; background-color: rgb(255 255 255\/var(--tw-bg-opacity)); color: rgb(0, 28, 69); font-family: __Source_Sans_3_c96ee8, __Source_Sans_3_Fallback_c96ee8, ui-sans-serif, system-ui, sans-serif, &amp;quot;Apple Color Emoji&amp;quot;, &amp;quot;Segoe UI Emoji&amp;quot;, &amp;quot;Segoe UI Symbol&amp;quot;, &amp;quot;Noto Color Emoji&amp;quot;; font-size: medium; text-align: center;&quot;&gt;&lt;div class=&quot;overflow-hidden&quot; style=&quot;border: 0px solid; --tw-border-spacing-x: 0; --tw-border-spacing-y: 0; --tw-translate-x: 0; --tw-translate-y: 0; --tw-rotate: 0; --tw-skew-x: 0; --tw-skew-y: 0; --tw-scale-x: 1; --tw-scale-y: 1; --tw-pan-x: ; --tw-pan-y: ; --tw-pinch-zoom: ; --tw-scroll-snap-strictness: proximity; --tw-gradient-from-position: ; --tw-gradient-via-position: ; --tw-gradient-to-position: ; --tw-ordinal: ; --tw-slashed-zero: ; --tw-numeric-figure: ; --tw-numeric-spacing: ; --tw-numeric-fraction: ; --tw-ring-inset: ; --tw-ring-offset-width: 0px; --tw-ring-offset-color: #fff; --tw-ring-color: rgba(59,130,246,.5); --tw-ring-offset-shadow: 0 0 #0000; --tw-ring-shadow: 0 0 #0000; --tw-shadow: 0 0 #0000; --tw-shadow-colored: 0 0 #0000; --tw-blur: ; --tw-brightness: ; --tw-contrast: ; --tw-grayscale: ; --tw-hue-rotate: ; --tw-invert: ; --tw-saturate: ; --tw-sepia: ; --tw-drop-shadow: ; --tw-backdrop-blur: ; --tw-backdrop-brightness: ; --tw-backdrop-contrast: ; --tw-backdrop-grayscale: ; --tw-backdrop-hue-rotate: ; --tw-backdrop-invert: ; --tw-backdrop-opacity: ; --tw-backdrop-saturate: ; --tw-backdrop-sepia: ; --tw-contain-size: ; --tw-contain-layout: ; --tw-contain-paint: ; --tw-contain-style: ; overflow: hidden;&quot;&gt;&lt;div style=&quot;border: 0px solid; --tw-border-spacing-x: 0; --tw-border-spacing-y: 0; --tw-translate-x: 0; --tw-translate-y: 0; --tw-rotate: 0; --tw-skew-x: 0; --tw-skew-y: 0; --tw-scale-x: 1; --tw-scale-y: 1; --tw-pan-x: ; --tw-pan-y: ; --tw-pinch-zoom: ; --tw-scroll-snap-strictness: proximity; --tw-gradient-from-position: ; --tw-gradient-via-position: ; --tw-gradient-to-position: ; --tw-ordinal: ; --tw-slashed-zero: ; --tw-numeric-figure: ; --tw-numeric-spacing: ; --tw-numeric-fraction: ; --tw-ring-inset: ; --tw-ring-offset-width: 0px; --tw-ring-offset-color: #fff; --tw-ring-color: rgba(59,130,246,.5); --tw-ring-offset-shadow: 0 0 #0000; --tw-ring-shadow: 0 0 #0000; --tw-shadow: 0 0 #0000; --tw-shadow-colored: 0 0 #0000; --tw-blur: ; --tw-brightness: ; --tw-contrast: ; --tw-grayscale: ; --tw-hue-rotate: ; --tw-invert: ; --tw-saturate: ; --tw-sepia: ; --tw-drop-shadow: ; --tw-backdrop-blur: ; --tw-backdrop-brightness: ; --tw-backdrop-contrast: ; --tw-backdrop-grayscale: ; --tw-backdrop-hue-rotate: ; --tw-backdrop-invert: ; --tw-backdrop-opacity: ; --tw-backdrop-saturate: ; --tw-backdrop-sepia: ; --tw-contain-size: ; --tw-contain-layout: ; --tw-contain-paint: ; --tw-contain-style: ; height: auto; opacity: 1; will-change: auto; transform: none;&quot;&gt;&lt;div class=&quot;origin-top border-blue-sky px-8 py-4 text-left text-dark&quot; id=&quot;headlessui-disclosure-panel-:ri:&quot; data-headlessui-state=&quot;open&quot; data-open=&quot;&quot; style=&quot;border-width: 0px; border-style: solid; border-color: rgb(204 224 255\/var(--tw-border-opacity)); border-image: initial; --tw-border-spacing-x: 0; --tw-border-spacing-y: 0; --tw-translate-x: 0; --tw-translate-y: 0; --tw-rotate: 0; --tw-skew-x: 0; --tw-skew-y: 0; --tw-scale-x: 1; --tw-scale-y: 1; --tw-pan-x: ; --tw-pan-y: ; --tw-pinch-zoom: ; --tw-scroll-snap-strictness: proximity; --tw-gradient-from-position: ; --tw-gradient-via-position: ; --tw-gradient-to-position: ; --tw-ordinal: ; --tw-slashed-zero: ; --tw-numeric-figure: ; --tw-numeric-spacing: ; --tw-numeric-fraction: ; --tw-ring-inset: ; --tw-ring-offset-width: 0px; --tw-ring-offset-color: #fff; --tw-ring-color: rgba(59,130,246,.5); --tw-ring-offset-shadow: 0 0 #0000; --tw-ring-shadow: 0 0 #0000; --tw-shadow: 0 0 #0000; --tw-shadow-colored: 0 0 #0000; --tw-blur: ; --tw-brightness: ; --tw-contrast: ; --tw-grayscale: ; --tw-hue-rotate: ; --tw-invert: ; --tw-saturate: ; --tw-sepia: ; --tw-drop-shadow: ; --tw-backdrop-blur: ; --tw-backdrop-brightness: ; --tw-backdrop-contrast: ; --tw-backdrop-grayscale: ; --tw-backdrop-hue-rotate: ; --tw-backdrop-invert: ; --tw-backdrop-opacity: ; --tw-backdrop-saturate: ; --tw-backdrop-sepia: ; --tw-contain-size: ; --tw-contain-layout: ; --tw-contain-paint: ; --tw-contain-style: ; transform-origin: center top; --tw-border-opacity: 1; padding: 1rem 2rem; --tw-text-opacity: 1; color: rgb(61 70 110\/var(--tw-text-opacity));&quot;&gt;A call center mainly provides phone-based customer service. A contact center provides customer service across different communication channels. However, nowadays, the term is used almost interchangeably. OceanPBX is one of the leading cloud VoIP providers that can make a difference for both.&lt;\/div&gt;&lt;\/div&gt;&lt;\/div&gt;&lt;\/div&gt;","custom_classes":"","show_icon":"0","link_text":"","link_type":"custom-url","show_link":"0","custom_url":"","target_blank":"0","url":""},{"index":"2","position":"2","title":"What is the difference between OceanPBX and other cloud VoIP providers?","description":"&lt;p&gt;&lt;span style=&quot;color: rgb(61, 70, 110); font-family: __Source_Sans_3_c96ee8, __Source_Sans_3_Fallback_c96ee8, ui-sans-serif, system-ui, sans-serif, &amp;quot;Apple Color Emoji&amp;quot;, &amp;quot;Segoe UI Emoji&amp;quot;, &amp;quot;Segoe UI Symbol&amp;quot;, &amp;quot;Noto Color Emoji&amp;quot;; font-size: medium;&quot;&gt;With OceanPBX, you\u2019ll have a custom, cost-effective contact center solution and access to a live support team 24\/7\/365, dedicated to maximizing your operational success. The best part: you can have a contact center up and running after a maximum of two business days. Instead of needing to work with multiple telecom providers, we offer a full suite of cloud-based services, meaning OceanPBX is your one-stop shop for all your communication needs. We pride ourselves on being the most trustworthy telecom vendor in the business. Please know that we&#039;re here to help you succeed.&lt;\/span&gt;&lt;br&gt;&lt;\/p&gt;","custom_classes":"","show_icon":"0","link_text":"","link_type":"custom-url","show_link":"0","custom_url":"","target_blank":"0","url":""},{"index":"3","position":"3","title":"Is OceanPBX\u2019s cloud contact center solutions suitable for small businesses?","description":"&lt;span style=&quot;color: rgb(61, 70, 110); font-family: __Source_Sans_3_c96ee8, __Source_Sans_3_Fallback_c96ee8, ui-sans-serif, system-ui, sans-serif, &amp;quot;Apple Color Emoji&amp;quot;, &amp;quot;Segoe UI Emoji&amp;quot;, &amp;quot;Segoe UI Symbol&amp;quot;, &amp;quot;Noto Color Emoji&amp;quot;; font-size: medium;&quot;&gt;Absolutely. Unlike most cloud contact center providers, OceanPBX does not use tiered subscriptions that lock essential features behind a paywall, forcing you to choose expensive plans. You can use all our Cloud PBX features with a fixed monthly fee based on calling capacity. After this, you will only be charged per active seat, making us a worthwhile investment for growing companies.&lt;\/span&gt;","custom_classes":"","show_icon":"0","link_text":"","link_type":"custom-url","show_link":"0","custom_url":"","target_blank":"0","stat":"","url":""},{"index":"4","position":"4","title":"Is OceanPBX's cloud contact center solutions suitable for small businesses?","description":"&lt;p&gt;&lt;font color=&quot;#3d466e&quot; face=&quot;__Source_Sans_3_c96ee8, __Source_Sans_3_Fallback_c96ee8, ui-sans-serif, system-ui, sans-serif, Apple Color Emoji, Segoe UI Emoji, Segoe UI Symbol, Noto Color Emoji&quot; size=&quot;3&quot;&gt;Yes. Your security is our top priority. We take extensive measures to protect your data on both physical and network levels. We employ military-grade end-to-end encryptions to ensure your communications are protected. OceanPBX&amp;nbsp;is ISO 27001:2013 and 27701:2019 certified. We also consistently implement Zero Trust Security to ensure all your transactions are safe. Our live support team is available 24\/7\/365 to help you if there is any issue.&lt;\/font&gt;&lt;br&gt;&lt;\/p&gt;","custom_classes":"","show_icon":"0","link_text":"","link_type":"custom-url","show_link":"0","custom_url":"","target_blank":"0","stat":"","url":""},{"index":"5","position":"5","title":"Why do I need call center cloud solutions?","description":"&lt;p&gt;&lt;span style=&quot;color: rgb(61, 70, 110); font-family: __Source_Sans_3_c96ee8, __Source_Sans_3_Fallback_c96ee8, ui-sans-serif, system-ui, sans-serif, &amp;quot;Apple Color Emoji&amp;quot;, &amp;quot;Segoe UI Emoji&amp;quot;, &amp;quot;Segoe UI Symbol&amp;quot;, &amp;quot;Noto Color Emoji&amp;quot;; font-size: medium;&quot;&gt;Compared to traditional on-premise systems, cloud-based call center solutions do not require huge upfront and maintenance costs. Since they\u2019re software-centric, they\u2019re also easily scalable and customizable to fit your needs. As a result, you can adjust to market changes and expand your business without disrupting your operations.&lt;\/span&gt;&lt;br&gt;&lt;\/p&gt;","custom_classes":"","show_icon":"0","link_text":"","link_type":"custom-url","show_link":"0","custom_url":"","target_blank":"0","stat":"","url":""}]}}},"new_group_index":2},"list_type":"accordion","list_style":"boxed","combined":"0","overlay":"0","section_anchor":"","custom_class":""}}},"translations":[{"id":1136,"section_id":1029,"lang":"english","values":{"caption":"Cloud Contact Center Solutions","title":"Popular FAQs","subtitle":"","list_group":{"group_forced":"0","grouped":"0","groups":{"1":{"group_name":"","group_order":"1","group_index":"1","fields":{"list":[{"index":"1","position":"1","title":"What is the difference between a call center and a contact center?","description":"&lt;div class=&quot;rounded-lg border border-blue-sky bg-white&quot; data-headlessui-state=&quot;open&quot; data-open=&quot;&quot; style=&quot;border-width: 1px; border-style: solid; border-color: rgb(204 224 255\/var(--tw-border-opacity)); border-image: initial; --tw-border-spacing-x: 0; --tw-border-spacing-y: 0; --tw-translate-x: 0; --tw-translate-y: 0; --tw-rotate: 0; --tw-skew-x: 0; --tw-skew-y: 0; --tw-scale-x: 1; --tw-scale-y: 1; --tw-pan-x: ; --tw-pan-y: ; --tw-pinch-zoom: ; --tw-scroll-snap-strictness: proximity; --tw-gradient-from-position: ; --tw-gradient-via-position: ; --tw-gradient-to-position: ; --tw-ordinal: ; --tw-slashed-zero: ; --tw-numeric-figure: ; --tw-numeric-spacing: ; --tw-numeric-fraction: ; --tw-ring-inset: ; --tw-ring-offset-width: 0px; --tw-ring-offset-color: #fff; --tw-ring-color: rgba(59,130,246,.5); --tw-ring-offset-shadow: 0 0 #0000; --tw-ring-shadow: 0 0 #0000; --tw-shadow: 0 0 #0000; --tw-shadow-colored: 0 0 #0000; --tw-blur: ; --tw-brightness: ; --tw-contrast: ; --tw-grayscale: ; --tw-hue-rotate: ; --tw-invert: ; --tw-saturate: ; --tw-sepia: ; --tw-drop-shadow: ; --tw-backdrop-blur: ; --tw-backdrop-brightness: ; --tw-backdrop-contrast: ; --tw-backdrop-grayscale: ; --tw-backdrop-hue-rotate: ; --tw-backdrop-invert: ; --tw-backdrop-opacity: ; --tw-backdrop-saturate: ; --tw-backdrop-sepia: ; --tw-contain-size: ; --tw-contain-layout: ; --tw-contain-paint: ; --tw-contain-style: ; border-radius: 0.5rem; --tw-border-opacity: 1; --tw-bg-opacity: 1; background-color: rgb(255 255 255\/var(--tw-bg-opacity)); color: rgb(0, 28, 69); font-family: __Source_Sans_3_c96ee8, __Source_Sans_3_Fallback_c96ee8, ui-sans-serif, system-ui, sans-serif, &amp;quot;Apple Color Emoji&amp;quot;, &amp;quot;Segoe UI Emoji&amp;quot;, &amp;quot;Segoe UI Symbol&amp;quot;, &amp;quot;Noto Color Emoji&amp;quot;; font-size: medium; text-align: center;&quot;&gt;&lt;div class=&quot;overflow-hidden&quot; style=&quot;border: 0px solid; --tw-border-spacing-x: 0; --tw-border-spacing-y: 0; --tw-translate-x: 0; --tw-translate-y: 0; --tw-rotate: 0; --tw-skew-x: 0; --tw-skew-y: 0; --tw-scale-x: 1; --tw-scale-y: 1; --tw-pan-x: ; --tw-pan-y: ; --tw-pinch-zoom: ; --tw-scroll-snap-strictness: proximity; --tw-gradient-from-position: ; --tw-gradient-via-position: ; --tw-gradient-to-position: ; --tw-ordinal: ; --tw-slashed-zero: ; --tw-numeric-figure: ; --tw-numeric-spacing: ; --tw-numeric-fraction: ; --tw-ring-inset: ; --tw-ring-offset-width: 0px; --tw-ring-offset-color: #fff; --tw-ring-color: rgba(59,130,246,.5); --tw-ring-offset-shadow: 0 0 #0000; --tw-ring-shadow: 0 0 #0000; --tw-shadow: 0 0 #0000; --tw-shadow-colored: 0 0 #0000; --tw-blur: ; --tw-brightness: ; --tw-contrast: ; --tw-grayscale: ; --tw-hue-rotate: ; --tw-invert: ; --tw-saturate: ; --tw-sepia: ; --tw-drop-shadow: ; --tw-backdrop-blur: ; --tw-backdrop-brightness: ; --tw-backdrop-contrast: ; --tw-backdrop-grayscale: ; --tw-backdrop-hue-rotate: ; --tw-backdrop-invert: ; --tw-backdrop-opacity: ; --tw-backdrop-saturate: ; --tw-backdrop-sepia: ; --tw-contain-size: ; --tw-contain-layout: ; --tw-contain-paint: ; --tw-contain-style: ; overflow: hidden;&quot;&gt;&lt;div style=&quot;border: 0px solid; --tw-border-spacing-x: 0; --tw-border-spacing-y: 0; --tw-translate-x: 0; --tw-translate-y: 0; --tw-rotate: 0; --tw-skew-x: 0; --tw-skew-y: 0; --tw-scale-x: 1; --tw-scale-y: 1; --tw-pan-x: ; --tw-pan-y: ; --tw-pinch-zoom: ; --tw-scroll-snap-strictness: proximity; --tw-gradient-from-position: ; --tw-gradient-via-position: ; --tw-gradient-to-position: ; --tw-ordinal: ; --tw-slashed-zero: ; --tw-numeric-figure: ; --tw-numeric-spacing: ; --tw-numeric-fraction: ; --tw-ring-inset: ; --tw-ring-offset-width: 0px; --tw-ring-offset-color: #fff; --tw-ring-color: rgba(59,130,246,.5); --tw-ring-offset-shadow: 0 0 #0000; --tw-ring-shadow: 0 0 #0000; --tw-shadow: 0 0 #0000; --tw-shadow-colored: 0 0 #0000; --tw-blur: ; --tw-brightness: ; --tw-contrast: ; --tw-grayscale: ; --tw-hue-rotate: ; --tw-invert: ; --tw-saturate: ; --tw-sepia: ; --tw-drop-shadow: ; --tw-backdrop-blur: ; --tw-backdrop-brightness: ; --tw-backdrop-contrast: ; --tw-backdrop-grayscale: ; --tw-backdrop-hue-rotate: ; --tw-backdrop-invert: ; --tw-backdrop-opacity: ; --tw-backdrop-saturate: ; --tw-backdrop-sepia: ; --tw-contain-size: ; --tw-contain-layout: ; --tw-contain-paint: ; --tw-contain-style: ; height: auto; opacity: 1; will-change: auto; transform: none;&quot;&gt;&lt;div class=&quot;origin-top border-blue-sky px-8 py-4 text-left text-dark&quot; id=&quot;headlessui-disclosure-panel-:ri:&quot; data-headlessui-state=&quot;open&quot; data-open=&quot;&quot; style=&quot;border-width: 0px; border-style: solid; border-color: rgb(204 224 255\/var(--tw-border-opacity)); border-image: initial; --tw-border-spacing-x: 0; --tw-border-spacing-y: 0; --tw-translate-x: 0; --tw-translate-y: 0; --tw-rotate: 0; --tw-skew-x: 0; --tw-skew-y: 0; --tw-scale-x: 1; --tw-scale-y: 1; --tw-pan-x: ; --tw-pan-y: ; --tw-pinch-zoom: ; --tw-scroll-snap-strictness: proximity; --tw-gradient-from-position: ; --tw-gradient-via-position: ; --tw-gradient-to-position: ; --tw-ordinal: ; --tw-slashed-zero: ; --tw-numeric-figure: ; --tw-numeric-spacing: ; --tw-numeric-fraction: ; --tw-ring-inset: ; --tw-ring-offset-width: 0px; --tw-ring-offset-color: #fff; --tw-ring-color: rgba(59,130,246,.5); --tw-ring-offset-shadow: 0 0 #0000; --tw-ring-shadow: 0 0 #0000; --tw-shadow: 0 0 #0000; --tw-shadow-colored: 0 0 #0000; --tw-blur: ; --tw-brightness: ; --tw-contrast: ; --tw-grayscale: ; --tw-hue-rotate: ; --tw-invert: ; --tw-saturate: ; --tw-sepia: ; --tw-drop-shadow: ; --tw-backdrop-blur: ; --tw-backdrop-brightness: ; --tw-backdrop-contrast: ; --tw-backdrop-grayscale: ; --tw-backdrop-hue-rotate: ; --tw-backdrop-invert: ; --tw-backdrop-opacity: ; --tw-backdrop-saturate: ; --tw-backdrop-sepia: ; --tw-contain-size: ; --tw-contain-layout: ; --tw-contain-paint: ; --tw-contain-style: ; transform-origin: center top; --tw-border-opacity: 1; padding: 1rem 2rem; --tw-text-opacity: 1; color: rgb(61 70 110\/var(--tw-text-opacity));&quot;&gt;A call center mainly provides phone-based customer service. A contact center provides customer service across different communication channels. However, nowadays, the term is used almost interchangeably. OceanPBX is one of the leading cloud VoIP providers that can make a difference for both.&lt;\/div&gt;&lt;\/div&gt;&lt;\/div&gt;&lt;\/div&gt;","custom_classes":"","show_icon":"0","link_text":"","link_type":"custom-url","show_link":"0","custom_url":"","target_blank":"0"},{"index":"2","position":"2","title":"What is the difference between OceanPBX and other cloud VoIP providers?","description":"&lt;p&gt;&lt;span style=&quot;color: rgb(61, 70, 110); font-family: __Source_Sans_3_c96ee8, __Source_Sans_3_Fallback_c96ee8, ui-sans-serif, system-ui, sans-serif, &amp;quot;Apple Color Emoji&amp;quot;, &amp;quot;Segoe UI Emoji&amp;quot;, &amp;quot;Segoe UI Symbol&amp;quot;, &amp;quot;Noto Color Emoji&amp;quot;; font-size: medium;&quot;&gt;With OceanPBX, you\u2019ll have a custom, cost-effective contact center solution and access to a live support team 24\/7\/365, dedicated to maximizing your operational success. The best part: you can have a contact center up and running after a maximum of two business days. Instead of needing to work with multiple telecom providers, we offer a full suite of cloud-based services, meaning OceanPBX is your one-stop shop for all your communication needs. We pride ourselves on being the most trustworthy telecom vendor in the business. Please know that we&#039;re here to help you succeed.&lt;\/span&gt;&lt;br&gt;&lt;\/p&gt;","custom_classes":"","show_icon":"0","link_text":"","link_type":"custom-url","show_link":"0","custom_url":"","target_blank":"0"},{"index":"3","position":"3","title":"Is OceanPBX\u2019s cloud contact center solutions suitable for small businesses?","description":"&lt;span style=&quot;color: rgb(61, 70, 110); font-family: __Source_Sans_3_c96ee8, __Source_Sans_3_Fallback_c96ee8, ui-sans-serif, system-ui, sans-serif, &amp;quot;Apple Color Emoji&amp;quot;, &amp;quot;Segoe UI Emoji&amp;quot;, &amp;quot;Segoe UI Symbol&amp;quot;, &amp;quot;Noto Color Emoji&amp;quot;; font-size: medium;&quot;&gt;Absolutely. Unlike most cloud contact center providers, OceanPBX does not use tiered subscriptions that lock essential features behind a paywall, forcing you to choose expensive plans. You can use all our Cloud PBX features with a fixed monthly fee based on calling capacity. After this, you will only be charged per active seat, making us a worthwhile investment for growing companies.&lt;\/span&gt;","custom_classes":"","show_icon":"0","link_text":"","link_type":"custom-url","show_link":"0","custom_url":"","target_blank":"0","stat":""},{"index":"4","position":"4","title":"Is OceanPBX's cloud contact center solutions suitable for small businesses?","description":"&lt;p&gt;&lt;font color=&quot;#3d466e&quot; face=&quot;__Source_Sans_3_c96ee8, __Source_Sans_3_Fallback_c96ee8, ui-sans-serif, system-ui, sans-serif, Apple Color Emoji, Segoe UI Emoji, Segoe UI Symbol, Noto Color Emoji&quot; size=&quot;3&quot;&gt;Yes. Your security is our top priority. We take extensive measures to protect your data on both physical and network levels. We employ military-grade end-to-end encryptions to ensure your communications are protected. OceanPBX&amp;nbsp;is ISO 27001:2013 and 27701:2019 certified. We also consistently implement Zero Trust Security to ensure all your transactions are safe. Our live support team is available 24\/7\/365 to help you if there is any issue.&lt;\/font&gt;&lt;br&gt;&lt;\/p&gt;","custom_classes":"","show_icon":"0","link_text":"","link_type":"custom-url","show_link":"0","custom_url":"","target_blank":"0","stat":""},{"index":"5","position":"5","title":"Why do I need call center cloud solutions?","description":"&lt;p&gt;&lt;span style=&quot;color: rgb(61, 70, 110); font-family: __Source_Sans_3_c96ee8, __Source_Sans_3_Fallback_c96ee8, ui-sans-serif, system-ui, sans-serif, &amp;quot;Apple Color Emoji&amp;quot;, &amp;quot;Segoe UI Emoji&amp;quot;, &amp;quot;Segoe UI Symbol&amp;quot;, &amp;quot;Noto Color Emoji&amp;quot;; font-size: medium;&quot;&gt;Compared to traditional on-premise systems, cloud-based call center solutions do not require huge upfront and maintenance costs. Since they\u2019re software-centric, they\u2019re also easily scalable and customizable to fit your needs. As a result, you can adjust to market changes and expand your business without disrupting your operations.&lt;\/span&gt;&lt;br&gt;&lt;\/p&gt;","custom_classes":"","show_icon":"0","link_text":"","link_type":"custom-url","show_link":"0","custom_url":"","target_blank":"0","stat":""}]}}}},"list_type":"accordion","list_style":"boxed","combined":"0","overlay":"0","section_anchor":"","custom_class":""},"created_at":"2024-12-05T07:23:21.000000Z","updated_at":"2024-12-05T07:23:21.000000Z"}]}