{"id":884,"type":{"default_type":false,"name":"Predefined Section","slug":"predefined-section","fields":[{"type":"sections","name":"predefined_section","label":"Choose predefined section"}],"template":"\/var\/www\/html\/templates\/lagom2\/core\/cms\/sections\/config\/predefined-section\/predefined-section.tpl","cache":true},"page_id":180,"visibility":1,"theme":"default","order":8,"created_at":"2025-01-03T07:11:24.000000Z","updated_at":"2025-01-03T07:15:36.000000Z","lang":{"english":{"id":906,"translation":{"predefined_section":"26"}}},"translations":[{"id":906,"section_id":884,"lang":"english","values":{"predefined_section":"26"},"created_at":"2025-01-03T07:11:24.000000Z","updated_at":"2025-01-03T07:11:24.000000Z"}]}