{"id":1482,"type":{"default_type":false,"name":"Predefined Section","slug":"predefined-section","fields":[{"type":"sections","name":"predefined_section","label":"Choose predefined section"}],"template":"\/var\/www\/templates\/lagom2\/core\/cms\/sections\/config\/predefined-section\/predefined-section.tpl","cache":true},"page_id":145,"visibility":1,"theme":"default","order":18,"created_at":"2023-04-05T13:32:27.000000Z","updated_at":"2024-06-25T11:07:12.000000Z","lang":{"english":{"id":1489,"translation":{"predefined_section":"9"}}},"translations":[{"id":1489,"section_id":1482,"lang":"english","values":{"predefined_section":"9"},"created_at":"2023-04-05T13:32:27.000000Z","updated_at":"2023-04-05T13:32:27.000000Z"}]}