{"id":1489,"type":{"default_type":false,"name":"Predefined Section","slug":"predefined-section","fields":[{"type":"sections","name":"predefined_section","label":"Choose predefined section"}],"template":"\/var\/www\/templates\/lagom2\/core\/cms\/sections\/config\/predefined-section\/predefined-section.tpl","cache":true},"page_id":145,"visibility":1,"theme":"default","order":14,"created_at":"2023-07-23T13:12:59.000000Z","updated_at":"2023-08-15T13:25:20.000000Z","lang":{"english":{"id":1496,"translation":{"predefined_section":"20"}}},"translations":[{"id":1496,"section_id":1489,"lang":"english","values":{"predefined_section":"20"},"created_at":"2023-07-23T13:12:59.000000Z","updated_at":"2023-07-23T13:12:59.000000Z"}]}