{"id":1481,"type":{"default_type":false,"name":"Predefined Section","slug":"predefined-section","fields":[{"type":"sections","name":"predefined_section","label":"Choose predefined section"}],"template":"\/var\/www\/templates\/lagom2\/core\/cms\/sections\/config\/predefined-section\/predefined-section.tpl","cache":true},"page_id":145,"visibility":1,"theme":"default","order":16,"created_at":"2023-04-05T13:32:27.000000Z","updated_at":"2024-06-25T11:07:12.000000Z","lang":{"english":{"id":1488,"translation":{"predefined_section":"4"}}},"translations":[{"id":1488,"section_id":1481,"lang":"english","values":{"predefined_section":"4"},"created_at":"2023-04-05T13:32:27.000000Z","updated_at":"2023-04-05T13:32:27.000000Z"}]}