{"id":536,"type":{"default_type":false,"name":"Predefined Section","slug":"predefined-section","fields":[{"type":"sections","name":"predefined_section","label":"Choose predefined section"}],"template":"\/var\/www\/html\/templates\/lagom2\/core\/cms\/sections\/config\/predefined-section\/predefined-section.tpl","cache":true},"page_id":143,"visibility":1,"theme":"default","order":8,"created_at":"2023-05-27T11:24:51.000000Z","updated_at":"2024-09-10T11:05:03.000000Z","lang":{"english":{"id":536,"translation":{"predefined_section":"23"}}},"translations":[{"id":536,"section_id":536,"lang":"english","values":{"predefined_section":"23"},"created_at":"2023-05-27T11:24:51.000000Z","updated_at":"2024-09-10T11:22:46.000000Z"}]}