{"id":850,"type":{"default_type":false,"name":"Predefined Section","slug":"predefined-section","fields":[{"type":"sections","name":"predefined_section","label":"Choose predefined section"}],"template":"\/var\/www\/html\/templates\/lagom2\/core\/cms\/sections\/config\/predefined-section\/predefined-section.tpl","cache":true},"page_id":178,"visibility":1,"theme":"default","order":11,"created_at":"2024-09-28T09:26:20.000000Z","updated_at":"2024-09-28T09:26:20.000000Z","lang":{"english":{"id":871,"translation":{"predefined_section":"4"}},"":{"id":872,"translation":{"predefined_section":"4"}}},"translations":[{"id":871,"section_id":850,"lang":"english","values":{"predefined_section":"4"},"created_at":"2024-09-28T09:26:20.000000Z","updated_at":"2024-09-28T09:26:20.000000Z"},{"id":872,"section_id":850,"lang":"","values":{"predefined_section":"4"},"created_at":"2024-09-28T09:37:56.000000Z","updated_at":"2024-09-28T09:37:56.000000Z"}]}