[{"id":118,"custom_page":1,"url":"partners","name":"Page - Company - Partners (soon)","display_type":"website","list_display":1,"seo_enabled":1,"seo_robots":0,"seo_title":{"arabic":"","azerbaijani":"","catalan":"","chinese":"","croatian":"","czech":"","danish":"","dutch":"","english":"Partners","estonian":"","farsi":"","french":"","german":"","hebrew":"","hungarian":"","italian":"","macedonian":"","norwegian":"","portuguese-br":"","portuguese-pt":"","romanian":"","russian":"","spanish":"","swedish":"","turkish":"","ukranian":""},"seo_description":null,"seo_image":null,"settings":{"published":"1","body_class":""},"created_at":"2023-05-11T13:00:41.000000Z","updated_at":"2024-09-10T08:04:58.000000Z"}]