{"id":851,"type":{"default_type":false,"name":"Predefined Section","slug":"predefined-section","fields":[{"type":"sections","name":"predefined_section","label":"Choose predefined section"}],"template":"\/var\/www\/html\/templates\/lagom2\/core\/cms\/sections\/config\/predefined-section\/predefined-section.tpl","cache":true},"page_id":90,"visibility":1,"theme":"default","order":2,"created_at":"2024-12-21T08:03:14.000000Z","updated_at":"2024-12-21T08:03:14.000000Z","lang":{"english":{"id":873,"translation":{"predefined_section":"25"}}},"translations":[{"id":873,"section_id":851,"lang":"english","values":{"predefined_section":"25"},"created_at":"2024-12-21T08:03:14.000000Z","updated_at":"2024-12-21T08:03:14.000000Z"}]}