[{"id":302,"custom_page":1,"type":"","slug":"773df2cdb442128a497d831172f099a6","url":"home-christmas-sale","name":"Page - Home - Christmas Sale","display_type":"website","list_display":1,"seo_enabled":1,"seo_robots":0,"seo_title":{"arabic":"Arabic Title","azerbaijani":"","catalan":"","chinese":"","croatian":"","czech":"","danish":"","dutch":"","english":"Web Hosting, Domain Names, WordPress &amp;amp; More","estonian":"","farsi":"","french":"","german":"","hebrew":"","hungarian":"","italian":"","macedonian":"","norwegian":"","portuguese-br":"","portuguese-pt":"","romanian":"","russian":"","spanish":"","swedish":"","turkish":"","ukranian":""},"seo_description":{"arabic":"Arabic Description","azerbaijani":"","catalan":"","chinese":"","croatian":"","czech":"","danish":"","dutch":"","english":"Hosting solutions, backed by a 99.9% uptime, complimentary SSL security, effortless WordPress installation, and a one-year free domain.","estonian":"","farsi":"","french":"","german":"","hebrew":"","hungarian":"","italian":"","macedonian":"","norwegian":"","portuguese-br":"","portuguese-pt":"","romanian":"","russian":"","spanish":"","swedish":"","turkish":"","ukranian":""},"seo_image":null,"settings":{"published":"1","body_class":"home-christmas_sale"},"created_at":"2024-12-14T11:33:23.000000Z","updated_at":"2024-12-14T11:37:20.000000Z"}]