[{"id":285,"custom_page":1,"type":"","slug":"a2be70d24985b0cc9620c260985a421f","url":"home-black-week","name":"Page - Home - Black Week","display_type":"website","list_display":1,"seo_enabled":1,"seo_robots":0,"seo_title":{"arabic":"Arabic Title","azerbaijani":"","catalan":"","chinese":"","croatian":"","czech":"","danish":"","dutch":"","english":"Web Hosting, Domain Names, WordPress &amp;amp; More","estonian":"","farsi":"","french":"","german":"","hebrew":"","hungarian":"","italian":"","macedonian":"","norwegian":"","portuguese-br":"","portuguese-pt":"","romanian":"","russian":"","spanish":"","swedish":"","turkish":"","ukranian":""},"seo_description":{"arabic":"Arabic Description","azerbaijani":"","catalan":"","chinese":"","croatian":"","czech":"","danish":"","dutch":"","english":"Hosting solutions, backed by a 99.9% uptime, complimentary SSL security, effortless WordPress installation, and a one-year free domain.","estonian":"","farsi":"","french":"","german":"","hebrew":"","hungarian":"","italian":"","macedonian":"","norwegian":"","portuguese-br":"","portuguese-pt":"","romanian":"","russian":"","spanish":"","swedish":"","turkish":"","ukranian":""},"seo_image":null,"settings":{"published":"1","body_class":"home-sale-black-week"},"created_at":"2024-10-24T08:13:25.000000Z","updated_at":"2024-11-15T10:50:45.000000Z"}]